decision_id,decision_date,year,decision_clock,replay_segment_id,eligible_count,selected_count,oracle_count,selected_oracle_overlap_count,selected_oracle_overlap_share,selected_mean_h20_return,oracle_mean_h20_return,selection_gap_mean_h20_return,selected_median_opportunity_rank
14:30:20110509,2011-05-09,2011,14:30,2011_2020,103,30,30,8,0.26666666666666666,-0.06365334676068167,0.021292762159827942,-0.084946108920509605,47.5
14:45:20110509,2011-05-09,2011,14:45,2011_2020,102,30,30,9,0.29999999999999999,-0.062696493796192312,0.0086994720696142447,-0.071395965865806557,46.5
14:30:20110516,2011-05-16,2011,14:30,2011_2020,211,30,30,2,0.066666666666666666,-0.086399097422043866,0.058269555376356183,-0.14466865279840005,112.5
14:45:20110516,2011-05-16,2011,14:45,2011_2020,211,30,30,2,0.066666666666666666,-0.087512321888929906,0.057739572382111227,-0.14525189427104113,103.5
14:30:20110523,2011-05-23,2011,14:30,2011_2020,226,30,30,3,0.10000000000000001,-0.09773498841373203,0.070960963856006129,-0.16869595226973816,127.5
14:45:20110523,2011-05-23,2011,14:45,2011_2020,226,30,30,2,0.066666666666666666,-0.10404551579561629,0.070194114189179327,-0.17423962998479561,120.5
14:30:20110530,2011-05-30,2011,14:30,2011_2020,241,30,30,4,0.13333333333333333,0.050574615752293932,0.2191612903460736,-0.16858667459377966,113.5
14:45:20110530,2011-05-30,2011,14:45,2011_2020,241,30,30,3,0.10000000000000001,0.055754168794802599,0.22613943105768292,-0.17038526226288031,113
14:30:20110607,2011-06-07,2011,14:30,2011_2020,250,30,30,8,0.26666666666666666,0.085268883073682814,0.18961131672731596,-0.10434243365363315,73.5
14:45:20110607,2011-06-07,2011,14:45,2011_2020,250,30,30,6,0.20000000000000001,0.07496623126255339,0.19098516622955733,-0.11601893496700394,79.5
14:30:20110614,2011-06-14,2011,14:30,2011_2020,248,30,30,4,0.13333333333333333,0.049982172553608303,0.18636128336106733,-0.13637911080745901,107.5
14:45:20110614,2011-06-14,2011,14:45,2011_2020,249,30,30,4,0.13333333333333333,0.048920479570809049,0.18755423814827374,-0.13863375857746468,110.5
14:30:20110621,2011-06-21,2011,14:30,2011_2020,261,30,30,7,0.23333333333333334,0.16790940345334657,0.26465273825424895,-0.096743334800902386,69
14:45:20110621,2011-06-21,2011,14:45,2011_2020,261,30,30,6,0.20000000000000001,0.15976817022605055,0.25844322931274039,-0.098675059086689831,79
14:30:20110628,2011-06-28,2011,14:30,2011_2020,296,30,30,6,0.20000000000000001,0.022903166958988135,0.15782482170836593,-0.13492165474937778,111.5
14:45:20110628,2011-06-28,2011,14:45,2011_2020,295,30,30,7,0.23333333333333334,0.02404758919092673,0.15731198477380254,-0.13326439558287581,115.5
14:30:20110705,2011-07-05,2011,14:30,2011_2020,299,30,30,3,0.10000000000000001,-0.02650743435874494,0.154813397562408,-0.18132083192115295,157
14:45:20110705,2011-07-05,2011,14:45,2011_2020,299,30,30,4,0.13333333333333333,-0.019788744979570505,0.15377074760235682,-0.17355949258192732,130.5
14:30:20110712,2011-07-12,2011,14:30,2011_2020,298,30,30,5,0.16666666666666666,-0.074493182504285743,0.096839981833969233,-0.17133316433825496,113
14:45:20110712,2011-07-12,2011,14:45,2011_2020,298,30,30,5,0.16666666666666666,-0.075298711359791423,0.099011645445239174,-0.1743103568050306,120.5
14:30:20110719,2011-07-19,2011,14:30,2011_2020,316,30,30,2,0.066666666666666666,-0.074500333282367534,0.12569400078596807,-0.20019433406833559,150
14:45:20110719,2011-07-19,2011,14:45,2011_2020,316,30,30,2,0.066666666666666666,-0.076647396805459955,0.12813159596905668,-0.20477899277451664,160
14:30:20110726,2011-07-26,2011,14:30,2011_2020,368,30,30,3,0.10000000000000001,-0.043601870701654936,0.13953374157699727,-0.18313561227865222,187
14:45:20110726,2011-07-26,2011,14:45,2011_2020,367,30,30,3,0.10000000000000001,-0.034755688213498649,0.13958206950571703,-0.17433775771921567,178
14:30:20110802,2011-08-02,2011,14:30,2011_2020,389,30,30,3,0.10000000000000001,-0.0014229060035749234,0.13433279929651187,-0.13575570530008679,172
14:45:20110802,2011-08-02,2011,14:45,2011_2020,389,30,30,4,0.13333333333333333,-0.0045138818347319146,0.13062743880769895,-0.13514132064243087,181
14:30:20110809,2011-08-09,2011,14:30,2011_2020,373,30,30,4,0.13333333333333333,-0.0081857644875585889,0.15771424830394171,-0.1659000127915003,227.5
14:45:20110809,2011-08-09,2011,14:45,2011_2020,373,30,30,2,0.066666666666666666,-0.012158134167727767,0.15119539098692283,-0.1633535251546506,211.5
14:30:20110816,2011-08-16,2011,14:30,2011_2020,395,30,30,5,0.16666666666666666,-0.059891556118008511,0.1250417706407092,-0.18493332675871771,285.5
14:45:20110816,2011-08-16,2011,14:45,2011_2020,395,30,30,4,0.13333333333333333,-0.057675271100562579,0.13246588473277615,-0.19014115583333874,282.5
14:30:20110823,2011-08-23,2011,14:30,2011_2020,474,30,30,2,0.066666666666666666,-0.029747347888655674,0.17616103250062184,-0.20590838038927753,333
14:45:20110823,2011-08-23,2011,14:45,2011_2020,474,30,30,1,0.033333333333333333,-0.045583452893420827,0.16918554645493619,-0.21476899934835703,331
14:30:20110830,2011-08-30,2011,14:30,2011_2020,505,30,30,1,0.033333333333333333,-0.12204778249034955,0.090936615718397701,-0.21298439820874726,377
14:45:20110830,2011-08-30,2011,14:45,2011_2020,505,30,30,1,0.033333333333333333,-0.12039163632719581,0.089021575763772259,-0.20941321209096808,386
14:30:20110906,2011-09-06,2011,14:30,2011_2020,470,30,30,1,0.033333333333333333,-0.04992005296665343,0.17481626659675312,-0.22473631956340656,253.5
14:45:20110906,2011-09-06,2011,14:45,2011_2020,470,30,30,1,0.033333333333333333,-0.045756432496947302,0.18221905494663065,-0.22797548744357796,257
14:30:20110914,2011-09-14,2011,14:30,2011_2020,490,30,30,2,0.066666666666666666,-0.053810436148064286,0.1285713712170215,-0.1823818073650858,206.5
14:45:20110914,2011-09-14,2011,14:45,2011_2020,489,30,30,2,0.066666666666666666,-0.054563319624391357,0.12852649999608654,-0.18308981962047788,189
14:30:20110921,2011-09-21,2011,14:30,2011_2020,788,30,30,1,0.033333333333333333,-0.088728349720921876,0.12451733605297219,-0.21324568577389408,420.5
14:45:20110921,2011-09-21,2011,14:45,2011_2020,787,30,30,2,0.066666666666666666,-0.081582236693012483,0.11774665695020081,-0.1993288936432133,410
14:30:20110928,2011-09-28,2011,14:30,2011_2020,1192,30,30,3,0.10000000000000001,0.035575421981469256,0.29650942102144123,-0.260933999039972,454
14:45:20110928,2011-09-28,2011,14:45,2011_2020,1192,30,30,2,0.066666666666666666,0.045738217060101206,0.31654727881286698,-0.27080906175276576,428
14:30:20111012,2011-10-12,2011,14:30,2011_2020,1168,30,30,0,0,0.064466754849276942,0.30502518177000532,-0.24055842692072837,414
14:45:20111012,2011-10-12,2011,14:45,2011_2020,1167,30,30,0,0,0.062736212096047364,0.31225165288625151,-0.24951544079020416,429
14:30:20111019,2011-10-19,2011,14:30,2011_2020,1196,30,30,0,0,0.091829821285822205,0.32252677255502554,-0.23069695126920334,339.5
14:45:20111019,2011-10-19,2011,14:45,2011_2020,1196,30,30,0,0,0.082197811391070269,0.31864585967601955,-0.23644804828494928,358.5
14:30:20111026,2011-10-26,2011,14:30,2011_2020,1231,30,30,0,0,0.023022832862144366,0.25252617730969296,-0.22950334444754858,589.5
14:45:20111026,2011-10-26,2011,14:45,2011_2020,1231,30,30,0,0,0.020638871776747867,0.25855937563465592,-0.23792050385790806,590
14:30:20111102,2011-11-02,2011,14:30,2011_2020,1241,30,30,0,0,-0.084231738858875943,0.14884511303947551,-0.23307685189835145,850
14:45:20111102,2011-11-02,2011,14:45,2011_2020,1239,30,30,0,0,-0.076044194121723058,0.16353510199178176,-0.23957929611350481,814
14:30:20111109,2011-11-09,2011,14:30,2011_2020,1199,30,30,0,0,-0.11229102252590699,0.11172212320788565,-0.22401314573379263,745
14:45:20111109,2011-11-09,2011,14:45,2011_2020,1199,30,30,0,0,-0.11725526141362182,0.10074996290401556,-0.21800522431763736,749
14:30:20111116,2011-11-16,2011,14:30,2011_2020,1221,30,30,0,0,-0.18193435661060645,0.051494811654566791,-0.23342916826517324,776
14:45:20111116,2011-11-16,2011,14:45,2011_2020,1221,30,30,1,0.033333333333333333,-0.18232742819462233,0.052836166689530624,-0.23516359488415295,772.5
14:30:20111123,2011-11-23,2011,14:30,2011_2020,1254,30,30,1,0.033333333333333333,-0.16605875468869516,0.083350167860086685,-0.24940892254878183,879
14:45:20111123,2011-11-23,2011,14:45,2011_2020,1254,30,30,1,0.033333333333333333,-0.16639585318957373,0.081392265265640709,-0.24778811845521442,702
14:30:20111130,2011-11-30,2011,14:30,2011_2020,1235,30,30,1,0.033333333333333333,-0.16270930276924225,0.084850423243684983,-0.24755972601292725,582.5
14:45:20111130,2011-11-30,2011,14:45,2011_2020,1234,30,30,2,0.066666666666666666,-0.16982519449465619,0.078564216573660445,-0.24838941106831663,660.5
14:30:20111207,2011-12-07,2011,14:30,2011_2020,1223,30,30,1,0.033333333333333333,-0.16937132081121339,0.073648002556923622,-0.24301932336813703,548
14:45:20111207,2011-12-07,2011,14:45,2011_2020,1222,30,30,1,0.033333333333333333,-0.16896281257349474,0.07833068306735097,-0.24729349564084571,567.5
14:30:20111214,2011-12-14,2011,14:30,2011_2020,1236,30,30,1,0.033333333333333333,-0.068221339740568779,0.1914009657628967,-0.25962230550346549,538.5
14:45:20111214,2011-12-14,2011,14:45,2011_2020,1236,30,30,1,0.033333333333333333,-0.047671823527357236,0.20210207483617548,-0.24977389836353273,437.5
14:30:20111221,2011-12-21,2011,14:30,2011_2020,1284,30,30,2,0.066666666666666666,-0.010700640985370546,0.24585445907486617,-0.25655510006023674,512.5
14:45:20111221,2011-12-21,2011,14:45,2011_2020,1284,30,30,2,0.066666666666666666,0.013159458168577175,0.25608077332151202,-0.24292131515293486,451
14:30:20111228,2011-12-28,2011,14:30,2011_2020,1252,30,30,1,0.033333333333333333,0.097017626257281955,0.30463940730626538,-0.20762178104898343,451
14:45:20111228,2011-12-28,2011,14:45,2011_2020,1251,30,30,0,0,0.08296552352486318,0.29605282420031415,-0.21308730067545095,467.5
14:30:20120106,2012-01-06,2012,14:30,2011_2020,1255,30,30,0,0,0.17127838711982973,0.44476073706118396,-0.27348234994135423,271
14:45:20120106,2012-01-06,2012,14:45,2011_2020,1255,30,30,0,0,0.15751184186101064,0.44777132362756872,-0.29025948176655808,367.5
14:30:20120113,2012-01-13,2012,14:30,2011_2020,1254,30,30,1,0.033333333333333333,0.12283008853408679,0.33141810032381891,-0.20858801178973213,521
14:45:20120113,2012-01-13,2012,14:45,2011_2020,1252,30,30,1,0.033333333333333333,0.11116174516658558,0.32078913746467735,-0.20962739229809177,541
14:30:20120120,2012-01-20,2012,14:30,2011_2020,1289,30,30,1,0.033333333333333333,0.17191953517060882,0.41848666879782498,-0.24656713362721616,359
14:45:20120120,2012-01-20,2012,14:45,2011_2020,1288,30,30,3,0.10000000000000001,0.19509456118645099,0.41746965571223171,-0.22237509452578072,370
14:30:20120203,2012-02-03,2012,14:30,2011_2020,1269,30,30,0,0,0.12201287009238844,0.36957476041297166,-0.24756189032058323,511
14:45:20120203,2012-02-03,2012,14:45,2011_2020,1269,30,30,0,0,0.13301570136119845,0.36915102348901535,-0.2361353221278169,440.5
14:30:20120210,2012-02-10,2012,14:30,2011_2020,1249,30,30,3,0.10000000000000001,0.1130950182162056,0.35844483778592406,-0.24534981956971846,694
14:45:20120210,2012-02-10,2012,14:45,2011_2020,1248,30,30,3,0.10000000000000001,0.10459187596415125,0.35226176773050533,-0.24766989176635407,718
14:30:20120217,2012-02-17,2012,14:30,2011_2020,1265,30,30,0,0,0.041839331644621856,0.31586104316795871,-0.27402171152333687,685
14:45:20120217,2012-02-17,2012,14:45,2011_2020,1265,30,30,0,0,0.056786917783379201,0.33251817013671947,-0.27573125235334028,687
14:30:20120224,2012-02-24,2012,14:30,2011_2020,1278,30,30,2,0.066666666666666666,-0.0064827434629060338,0.22004489786383127,-0.22652764132673731,684
14:45:20120224,2012-02-24,2012,14:45,2011_2020,1276,30,30,1,0.033333333333333333,-0.027194736139101686,0.21268070093243066,-0.23987543707153236,740.5
14:30:20120302,2012-03-02,2012,14:30,2011_2020,1322,30,30,1,0.033333333333333333,-0.12212526574322123,0.1410100638709634,-0.26313532961418462,961
14:45:20120302,2012-03-02,2012,14:45,2011_2020,1322,30,30,2,0.066666666666666666,-0.12160506495265894,0.14774033137834361,-0.26934539633100252,1000
14:30:20120309,2012-03-09,2012,14:30,2011_2020,1314,30,30,0,0,-0.092105761466211106,0.21671143488495107,-0.30881719635116217,818
14:45:20120309,2012-03-09,2012,14:45,2011_2020,1314,30,30,0,0,-0.089873043079429019,0.21557162024065349,-0.30544466332008252,793.5
14:30:20120316,2012-03-16,2012,14:30,2011_2020,1295,30,30,2,0.066666666666666666,0.015548061701521039,0.33516114040536116,-0.31961307870384009,507
14:45:20120316,2012-03-16,2012,14:45,2011_2020,1293,30,30,1,0.033333333333333333,-0.01034976591458729,0.32545692347074345,-0.33580668938533076,635.5
14:30:20120323,2012-03-23,2012,14:30,2011_2020,1316,30,30,1,0.033333333333333333,0.02366528274066703,0.49706883465187501,-0.47340355191120798,748.5
14:45:20120323,2012-03-23,2012,14:45,2011_2020,1316,30,30,0,0,0.0077821192959162712,0.49368033256347921,-0.48589821326756294,795
14:30:20120330,2012-03-30,2012,14:30,2011_2020,1334,30,30,0,0,0.10272765738809353,0.46883123368087037,-0.36610357629277684,601.5
14:45:20120330,2012-03-30,2012,14:45,2011_2020,1334,30,30,1,0.033333333333333333,0.097037577084581245,0.47098780000440527,-0.37395022291982405,594.5
14:30:20120411,2012-04-11,2012,14:30,2011_2020,1324,30,30,0,0,0.018850794715429598,0.32387698848238367,-0.30502619376695406,776.5
14:45:20120411,2012-04-11,2012,14:45,2011_2020,1322,30,30,0,0,0.013970184744901859,0.31926780179980813,-0.30529761705490627,777.5
14:30:20120418,2012-04-18,2012,14:30,2011_2020,1261,30,30,1,0.033333333333333333,-0.035600478383624838,0.22293997118861544,-0.25854044957224026,686.5
14:45:20120418,2012-04-18,2012,14:45,2011_2020,1260,30,30,1,0.033333333333333333,-0.043275792829040531,0.21476122720617805,-0.25803702003521856,700.5
14:30:20120425,2012-04-25,2012,14:30,2011_2020,1290,30,30,2,0.066666666666666666,-0.0093071426279971222,0.24137753847624507,-0.25068468110424219,579.5
14:45:20120425,2012-04-25,2012,14:45,2011_2020,1291,30,30,2,0.066666666666666666,-0.001132772420170336,0.25084499265672028,-0.25197776507689063,594
14:30:20120504,2012-05-04,2012,14:30,2011_2020,1376,30,30,0,0,-0.02991023016731691,0.26268563767307673,-0.29259586784039365,931
14:45:20120504,2012-05-04,2012,14:45,2011_2020,1375,30,30,0,0,-0.02933435666740327,0.26065227270492936,-0.2899866293723326,924.5
14:30:20120511,2012-05-11,2012,14:30,2011_2020,1329,30,30,0,0,-0.041294877667647036,0.19983440834255259,-0.24112928601019962,747
14:45:20120511,2012-05-11,2012,14:45,2011_2020,1328,30,30,0,0,-0.043920345944312371,0.19019777737919163,-0.23411812332350401,699
14:30:20120518,2012-05-18,2012,14:30,2011_2020,1291,30,30,1,0.033333333333333333,0.015206024941415179,0.20834718585877682,-0.19314116091736164,452
14:45:20120518,2012-05-18,2012,14:45,2011_2020,1291,30,30,2,0.066666666666666666,0.027199700511741368,0.21761124129516424,-0.19041154078342287,428
14:30:20120525,2012-05-25,2012,14:30,2011_2020,1344,30,30,1,0.033333333333333333,-0.012821230752293793,0.23322705095967233,-0.24604828171196613,522.5
14:45:20120525,2012-05-25,2012,14:45,2011_2020,1344,30,30,1,0.033333333333333333,-0.022627035629842862,0.22143469253280318,-0.24406172816264604,593
14:30:20120601,2012-06-01,2012,14:30,2011_2020,1417,30,30,2,0.066666666666666666,-0.046083251466905277,0.26532322235783923,-0.31140647382474451,704
14:45:20120601,2012-06-01,2012,14:45,2011_2020,1416,30,30,2,0.066666666666666666,-0.044407838933769053,0.2652545796309656,-0.30966241856473464,732
14:30:20120608,2012-06-08,2012,14:30,2011_2020,1382,30,30,1,0.033333333333333333,-0.018506579270006037,0.30162668058923486,-0.3201332598592409,527
14:45:20120608,2012-06-08,2012,14:45,2011_2020,1382,30,30,0,0,-0.017524663332512121,0.30171498918238132,-0.31923965251489345,489.5
14:30:20120615,2012-06-15,2012,14:30,2011_2020,1324,30,30,0,0,-0.10598605956733437,0.21156823667160321,-0.31755429623893761,802.5
14:45:20120615,2012-06-15,2012,14:45,2011_2020,1323,30,30,0,0,-0.10413120865356765,0.20336928192470852,-0.30750049057827616,723.5
14:30:20120625,2012-06-25,2012,14:30,2011_2020,1365,30,30,0,0,-0.064093935747519482,0.23726596467483768,-0.30135990042235716,683
14:45:20120625,2012-06-25,2012,14:45,2011_2020,1365,30,30,0,0,-0.072136639718735421,0.2356718434452108,-0.30780848316394621,733.5
14:30:20120702,2012-07-02,2012,14:30,2011_2020,1438,30,30,1,0.033333333333333333,-0.099959134755211274,0.13691698356348792,-0.2368761183186992,845
14:45:20120702,2012-07-02,2012,14:45,2011_2020,1436,30,30,1,0.033333333333333333,-0.097865574102661002,0.13745045001073161,-0.23531602411339261,857
14:30:20120709,2012-07-09,2012,14:30,2011_2020,1402,30,30,2,0.066666666666666666,-0.01645503562037709,0.254099685996446,-0.27055472161682309,693.5
14:45:20120709,2012-07-09,2012,14:45,2011_2020,1403,30,30,2,0.066666666666666666,-0.019849757988377389,0.25364917725324188,-0.27349893524161928,763.5
14:30:20120716,2012-07-16,2012,14:30,2011_2020,1367,30,30,1,0.033333333333333333,0.035049456194150654,0.26851142455329591,-0.23346196835914526,463
14:45:20120716,2012-07-16,2012,14:45,2011_2020,1367,30,30,0,0,0.034145239915898899,0.27272118592212363,-0.23857594600622473,533
14:30:20120723,2012-07-23,2012,14:30,2011_2020,1393,30,30,2,0.066666666666666666,0.005466136001301628,0.24100219764833067,-0.23553606164702903,637
14:45:20120723,2012-07-23,2012,14:45,2011_2020,1393,30,30,2,0.066666666666666666,0.0076996738223569748,0.24818352593966247,-0.2404838521173055,622
14:30:20120730,2012-07-30,2012,14:30,2011_2020,1452,30,30,2,0.066666666666666666,0.010715995844901327,0.30066796661596928,-0.28995197077106794,951.5
14:45:20120730,2012-07-30,2012,14:45,2011_2020,1452,30,30,2,0.066666666666666666,-0.002351185559301324,0.29985716266655504,-0.30220834822585635,968
14:30:20120806,2012-08-06,2012,14:30,2011_2020,1432,30,30,2,0.066666666666666666,0.0058515470597754046,0.2831983261010862,-0.27734677904131078,567
14:45:20120806,2012-08-06,2012,14:45,2011_2020,1432,30,30,2,0.066666666666666666,0.0081410217760884713,0.28464558161606929,-0.27650455983998079,595
14:30:20120813,2012-08-13,2012,14:30,2011_2020,1395,30,30,3,0.10000000000000001,0.11641373346444256,0.38518004848268605,-0.2687663150182435,324.5
14:45:20120813,2012-08-13,2012,14:45,2011_2020,1395,30,30,3,0.10000000000000001,0.1166553124633518,0.37908492888415363,-0.26242961642080181,321.5
14:30:20120820,2012-08-20,2012,14:30,2011_2020,1422,30,30,3,0.10000000000000001,0.049618385696795005,0.32409016178773686,-0.27447177609094187,362
14:45:20120820,2012-08-20,2012,14:45,2011_2020,1420,30,30,3,0.10000000000000001,0.046391827405881776,0.31449209475583184,-0.26810026734995007,371
14:30:20120827,2012-08-27,2012,14:30,2011_2020,1481,30,30,1,0.033333333333333333,0.011740876799767326,0.26737938731523914,-0.25563851051547182,636
14:45:20120827,2012-08-27,2012,14:45,2011_2020,1479,30,30,2,0.066666666666666666,0.026441476813330055,0.27294120831940105,-0.24649973150607099,567
14:30:20120903,2012-09-03,2012,14:30,2011_2020,1458,30,30,2,0.066666666666666666,0.0006313856125655863,0.29905805074552311,-0.29842666513295751,718
14:45:20120903,2012-09-03,2012,14:45,2011_2020,1458,30,30,4,0.13333333333333333,0.0066251201996593177,0.29403767149119986,-0.28741255129154053,795.5
14:30:20120910,2012-09-10,2012,14:30,2011_2020,1411,30,30,2,0.066666666666666666,-0.069948735986876759,0.21537398209372421,-0.28532271808060095,1044.5
14:45:20120910,2012-09-10,2012,14:45,2011_2020,1413,30,30,2,0.066666666666666666,-0.068490864712728625,0.21873328315110693,-0.28722414786383554,1097.5
14:30:20120917,2012-09-17,2012,14:30,2011_2020,1451,30,30,2,0.066666666666666666,0.0081152950077474917,0.27231519731302545,-0.26419990230527796,982.5
14:45:20120917,2012-09-17,2012,14:45,2011_2020,1450,30,30,2,0.066666666666666666,0.00099476396471810755,0.27519318196996267,-0.27419841800524458,1083
14:30:20120924,2012-09-24,2012,14:30,2011_2020,1494,30,30,0,0,-0.029395451581898359,0.2870171928839319,-0.31641264446583028,996.5
14:45:20120924,2012-09-24,2012,14:45,2011_2020,1494,30,30,0,0,-0.036145413660860347,0.28797012864136995,-0.32411554230223028,996.5
14:30:20121008,2012-10-08,2012,14:30,2011_2020,1487,30,30,1,0.033333333333333333,-0.00015452648836973283,0.33580869700197929,-0.33596322349034902,934.5
14:45:20121008,2012-10-08,2012,14:45,2011_2020,1487,30,30,1,0.033333333333333333,0.0027492504702720131,0.33800396365831847,-0.33525471318804645,906.5
14:30:20121015,2012-10-15,2012,14:30,2011_2020,1439,30,30,0,0,-0.055413732388497131,0.26385443202527631,-0.31926816441377343,1023.5
14:45:20121015,2012-10-15,2012,14:45,2011_2020,1439,30,30,0,0,-0.04900375685268106,0.25825025613490882,-0.30725401298758986,949.5
14:30:20121022,2012-10-22,2012,14:30,2011_2020,1471,30,30,1,0.033333333333333333,-0.10119181482781037,0.15179448210600668,-0.25298629693381702,947.5
14:45:20121022,2012-10-22,2012,14:45,2011_2020,1471,30,30,1,0.033333333333333333,-0.094094469949117673,0.15382738259742559,-0.24792185254654325,967.5
14:30:20121029,2012-10-29,2012,14:30,2011_2020,1530,30,30,0,0,-0.084919071793418122,0.17922629565863046,-0.26414536745204859,1216
14:45:20121029,2012-10-29,2012,14:45,2011_2020,1529,30,30,0,0,-0.074042470333792118,0.17454763447196583,-0.24859010480575794,1139
14:30:20121105,2012-11-05,2012,14:30,2011_2020,1504,30,30,0,0,-0.16677521398065925,0.10031834777231109,-0.26709356175297033,1044
14:45:20121105,2012-11-05,2012,14:45,2011_2020,1504,30,30,0,0,-0.17213001233907338,0.095833236578996533,-0.26796324891806989,996.5
14:30:20121112,2012-11-12,2012,14:30,2011_2020,1456,30,30,0,0,-0.054830971093707027,0.24394681951866146,-0.29877779061236848,717.5
14:45:20121112,2012-11-12,2012,14:45,2011_2020,1456,30,30,0,0,-0.049089485774186307,0.24271079225621892,-0.2918002780304052,723
14:30:20121119,2012-11-19,2012,14:30,2011_2020,1504,30,30,0,0,0.0097166024576548875,0.28303278621611344,-0.27331618375845856,769
14:45:20121119,2012-11-19,2012,14:45,2011_2020,1504,30,30,0,0,0.012279806074718203,0.2739161447538811,-0.26163633867916292,695.5
14:30:20121126,2012-11-26,2012,14:30,2011_2020,1573,30,30,2,0.066666666666666666,0.073798969435849363,0.3016554844668472,-0.22785651503099785,537
14:45:20121126,2012-11-26,2012,14:45,2011_2020,1573,30,30,3,0.10000000000000001,0.084165584343502728,0.31299497611862898,-0.22882939177512623,579.5
14:30:20121203,2012-12-03,2012,14:30,2011_2020,1536,30,30,2,0.066666666666666666,0.24995831763246285,0.50141556932229414,-0.2514572516898313,368
14:45:20121203,2012-12-03,2012,14:45,2011_2020,1536,30,30,2,0.066666666666666666,0.24798042496237743,0.50651871263222548,-0.25853828766984804,364.5
14:30:20121210,2012-12-10,2012,14:30,2011_2020,1484,30,30,2,0.066666666666666666,0.18225360534379606,0.42928480884378206,-0.247031203499986,280
14:45:20121210,2012-12-10,2012,14:45,2011_2020,1483,30,30,1,0.033333333333333333,0.16069567355163752,0.42893005690129549,-0.26823438334965799,390.5
14:30:20121217,2012-12-17,2012,14:30,2011_2020,1510,30,30,0,0,0.16002804850881019,0.44500795182210701,-0.28497990331329681,388
14:45:20121217,2012-12-17,2012,14:45,2011_2020,1509,30,30,0,0,0.16411825779122621,0.44678812246740113,-0.28266986467617494,401
14:30:20121224,2012-12-24,2012,14:30,2011_2020,1589,30,30,0,0,0.083354357339650298,0.504912503817327,-0.4215581464776767,854
14:45:20121224,2012-12-24,2012,14:45,2011_2020,1587,30,30,0,0,0.095188378192819917,0.52044048201292636,-0.42525210382010648,817.5
14:30:20121231,2012-12-31,2012,14:30,2011_2020,1518,30,30,2,0.066666666666666666,0.065985602585637779,0.41726878043387922,-0.35128317784824142,840
14:45:20121231,2012-12-31,2012,14:45,2011_2020,1518,30,30,1,0.033333333333333333,0.067815335787871481,0.42399599995898746,-0.35618066417111599,761
14:30:20130110,2013-01-10,2013,14:30,2011_2020,1513,30,30,2,0.066666666666666666,0.061589061077244114,0.40671078486642581,-0.34512172378918171,835.5
14:45:20130110,2013-01-10,2013,14:45,2011_2020,1513,30,30,2,0.066666666666666666,0.058446165085575777,0.39999566823016597,-0.34154950314459021,832
14:30:20130117,2013-01-17,2013,14:30,2011_2020,1529,30,30,1,0.033333333333333333,0.043309512059958442,0.33086131536581131,-0.28755180330585289,700.5
14:45:20130117,2013-01-17,2013,14:45,2011_2020,1528,30,30,1,0.033333333333333333,0.041916265662371811,0.33704304698953602,-0.29512678132716419,644.5
14:30:20130124,2013-01-24,2013,14:30,2011_2020,1609,30,30,0,0,0.058666903688046751,0.410856786642116,-0.35218988295406928,829
14:45:20130124,2013-01-24,2013,14:45,2011_2020,1607,30,30,0,0,0.061231828982170486,0.39724233833748696,-0.33601050935531646,791
14:30:20130131,2013-01-31,2013,14:30,2011_2020,1558,30,30,1,0.033333333333333333,0.087758407141539305,0.40309044838153396,-0.31533204123999464,704.5
14:45:20130131,2013-01-31,2013,14:45,2011_2020,1557,30,30,1,0.033333333333333333,0.085255659063207118,0.39626584364874934,-0.31101018458554219,678.5
14:30:20130207,2013-02-07,2013,14:30,2011_2020,1548,30,30,1,0.033333333333333333,-0.002268978411832582,0.32950657967665825,-0.33177555808849085,622.5
14:45:20130207,2013-02-07,2013,14:45,2011_2020,1548,30,30,1,0.033333333333333333,-0.011255003495565278,0.32663715058767728,-0.33789215408324258,662
14:30:20130221,2013-02-21,2013,14:30,2011_2020,1575,30,30,1,0.033333333333333333,-0.0072739733606061929,0.34226852170063321,-0.34954249506123941,1098.5
14:45:20130221,2013-02-21,2013,14:45,2011_2020,1576,30,30,0,0,-0.020421207210654282,0.35372827876834978,-0.37414948597900405,1104
14:30:20130228,2013-02-28,2013,14:30,2011_2020,1656,30,30,1,0.033333333333333333,-0.030751225601594608,0.32762409821203153,-0.35837532381362613,973
14:45:20130228,2013-02-28,2013,14:45,2011_2020,1655,30,30,1,0.033333333333333333,-0.031191201699062334,0.32182829956328468,-0.35301950126234699,958
14:30:20130307,2013-03-07,2013,14:30,2011_2020,1608,30,30,0,0,-0.082638949414749779,0.24546699259896218,-0.32810594201371196,1037.5
14:45:20130307,2013-03-07,2013,14:45,2011_2020,1609,30,30,0,0,-0.07871992835547055,0.24962220776192204,-0.3283421361173926,947
14:30:20130314,2013-03-14,2013,14:30,2011_2020,1604,30,30,0,0,-0.036041847087882585,0.25340225391654542,-0.28944410100442802,656.5
14:45:20130314,2013-03-14,2013,14:45,2011_2020,1603,30,30,0,0,-0.033026040248510004,0.25655063309255838,-0.2895766733410684,669
14:30:20130321,2013-03-21,2013,14:30,2011_2020,1609,30,30,0,0,-0.036580952149614092,0.30397272809091036,-0.34055368024052446,933.5
14:45:20130321,2013-03-21,2013,14:45,2011_2020,1609,30,30,0,0,-0.048394443529167934,0.30555541422441745,-0.3539498577535854,1020
14:30:20130328,2013-03-28,2013,14:30,2011_2020,1683,30,30,0,0,-0.062761070834849497,0.27222821244654116,-0.33498928328139066,913
14:45:20130328,2013-03-28,2013,14:45,2011_2020,1683,30,30,0,0,-0.049155054521805401,0.28242908605328232,-0.33158414057508773,841.5
14:30:20130408,2013-04-08,2013,14:30,2011_2020,1677,30,30,1,0.033333333333333333,0.057627608220252952,0.47332049780138463,-0.41569288958113171,939.5
14:45:20130408,2013-04-08,2013,14:45,2011_2020,1676,30,30,1,0.033333333333333333,0.034641742009974927,0.46912352904192534,-0.43448178703195039,917
14:30:20130415,2013-04-15,2013,14:30,2011_2020,1679,30,30,1,0.033333333333333333,0.075147030105623805,0.52100473994896457,-0.44585770984334078,923.5
14:45:20130415,2013-04-15,2013,14:45,2011_2020,1679,30,30,1,0.033333333333333333,0.098143809275071561,0.52472707661125495,-0.4265832673361834,773.5
14:30:20130422,2013-04-22,2013,14:30,2011_2020,1647,30,30,1,0.033333333333333333,0.067196669786184604,0.44235803190321116,-0.37516136211702655,847.5
14:45:20130422,2013-04-22,2013,14:45,2011_2020,1647,30,30,0,0,0.055747908027564699,0.43356390584120652,-0.37781599781364184,807
14:30:20130502,2013-05-02,2013,14:30,2011_2020,1693,30,30,0,0,0.16786458316600469,0.55794295557095874,-0.39007837240495402,795
14:45:20130502,2013-05-02,2013,14:45,2011_2020,1692,30,30,0,0,0.14370170918637279,0.54978449897785908,-0.40608278979148626,862
14:30:20130509,2013-05-09,2013,14:30,2011_2020,1693,30,30,1,0.033333333333333333,0.053840298326125594,0.35674306910277942,-0.30290277077665384,1055
14:45:20130509,2013-05-09,2013,14:45,2011_2020,1693,30,30,0,0,0.035882250529559602,0.34649375160215518,-0.31061150107259555,1109.5
14:30:20130516,2013-05-16,2013,14:30,2011_2020,1688,30,30,1,0.033333333333333333,-0.0018974992693962412,0.34299159497276338,-0.34488909424215963,856
14:45:20130516,2013-05-16,2013,14:45,2011_2020,1687,30,30,1,0.033333333333333333,-0.0065810941670952101,0.34635381868657833,-0.35293491285367357,880.5
14:30:20130523,2013-05-23,2013,14:30,2011_2020,1669,30,30,0,0,-0.1743872119264149,0.21190094238435275,-0.38628815431076768,1147
14:45:20130523,2013-05-23,2013,14:45,2011_2020,1669,30,30,0,0,-0.16935216315387783,0.22152384477097717,-0.390876007924855,1129.5
14:30:20130530,2013-05-30,2013,14:30,2011_2020,1659,30,30,1,0.033333333333333333,-0.15112803903255287,0.28470668496134988,-0.43583472399390277,996.5
14:45:20130530,2013-05-30,2013,14:45,2011_2020,1660,30,30,1,0.033333333333333333,-0.15806189272776702,0.28197419586887668,-0.44003608859664367,979
14:30:20130606,2013-06-06,2013,14:30,2011_2020,1693,30,30,0,0,-0.14482307977730813,0.32692121741960267,-0.4717442971969108,933
14:45:20130606,2013-06-06,2013,14:45,2011_2020,1693,30,30,0,0,-0.13762951790650105,0.33361464781372002,-0.4712441657202211,826.5
14:30:20130618,2013-06-18,2013,14:30,2011_2020,1698,30,30,0,0,-0.021543405579597823,0.37961497616975926,-0.40115838174935708,772.5
14:45:20130618,2013-06-18,2013,14:45,2011_2020,1698,30,30,0,0,-0.027658794016721912,0.37957488247034432,-0.40723367648706621,890.5
14:30:20130625,2013-06-25,2013,14:30,2011_2020,1669,30,30,0,0,0.10697737283043705,0.56734531214506634,-0.46036793931462927,672
14:45:20130625,2013-06-25,2013,14:45,2011_2020,1665,30,30,1,0.033333333333333333,0.11127936960487031,0.56499436957996818,-0.4537149999750979,761.5
14:30:20130702,2013-07-02,2013,14:30,2011_2020,1686,30,30,1,0.033333333333333333,0.044455960103978391,0.41592535005300063,-0.37146938994902223,731
14:45:20130702,2013-07-02,2013,14:45,2011_2020,1684,30,30,1,0.033333333333333333,0.043252691193710918,0.40785909592097452,-0.36460640472726358,714
14:30:20130709,2013-07-09,2013,14:30,2011_2020,1670,30,30,1,0.033333333333333333,0.1861888932707863,0.62290897569675718,-0.43672008242597088,496
14:45:20130709,2013-07-09,2013,14:45,2011_2020,1669,30,30,0,0,0.17935012940636261,0.61703946829532053,-0.43768933888895789,526.5
14:30:20130716,2013-07-16,2013,14:30,2011_2020,1656,30,30,0,0,0.095212440046360314,0.39931608256832785,-0.30410364252196753,426.5
14:45:20130716,2013-07-16,2013,14:45,2011_2020,1655,30,30,0,0,0.094470323153021007,0.39587648778805817,-0.30140616463503717,383.5
14:30:20130723,2013-07-23,2013,14:30,2011_2020,1654,30,30,3,0.10000000000000001,0.071998704752540249,0.44348067580955269,-0.37148197105701242,628.5
14:45:20130723,2013-07-23,2013,14:45,2011_2020,1650,30,30,3,0.10000000000000001,0.069018447198485544,0.43792316161290207,-0.36890471441441652,639.5
14:30:20130730,2013-07-30,2013,14:30,2011_2020,1654,30,30,0,0,0.1203995169853273,0.56539852390954792,-0.44499900692422062,707.5
14:45:20130730,2013-07-30,2013,14:45,2011_2020,1654,30,30,0,0,0.11948616603414385,0.56790759236247057,-0.44842142632832671,743
14:30:20130806,2013-08-06,2013,14:30,2011_2020,1677,30,30,0,0,0.0029816424960422026,0.53378296296846572,-0.53080132047242357,1114
14:45:20130806,2013-08-06,2013,14:45,2011_2020,1676,30,30,1,0.033333333333333333,0.009646557743689466,0.53878951373772466,-0.52914295599403516,1162
14:30:20130813,2013-08-13,2013,14:30,2011_2020,1665,30,30,0,0,-0.0076352572671406346,0.7073135416702353,-0.71494879893737595,1248.5
14:45:20130813,2013-08-13,2013,14:45,2011_2020,1665,30,30,0,0,-0.0074532949085355238,0.70208987377324739,-0.70954316868178291,1255.5
14:30:20130820,2013-08-20,2013,14:30,2011_2020,1656,30,30,0,0,0.047752522412012222,0.59550088721325312,-0.54774836480124089,793
14:45:20130820,2013-08-20,2013,14:45,2011_2020,1657,30,30,0,0,0.040035749716565268,0.59372129705920096,-0.55368554734263564,821
14:30:20130827,2013-08-27,2013,14:30,2011_2020,1645,30,30,2,0.066666666666666666,0.017612913408638121,0.48089302897824304,-0.46328011556960491,854.5
14:45:20130827,2013-08-27,2013,14:45,2011_2020,1643,30,30,2,0.066666666666666666,0.029167208728070382,0.47251615334137043,-0.44334894461330004,820.5
14:30:20130903,2013-09-03,2013,14:30,2011_2020,1681,30,30,0,0,0.044993161892569959,0.60681791276057284,-0.56182475086800288,908.5
14:45:20130903,2013-09-03,2013,14:45,2011_2020,1680,30,30,0,0,0.042707169975051827,0.58934566944636935,-0.54663849947131748,889.5
14:30:20130910,2013-09-10,2013,14:30,2011_2020,1658,30,30,1,0.033333333333333333,0.044246180256921681,0.4301805812043728,-0.38593440094745113,676
14:45:20130910,2013-09-10,2013,14:45,2011_2020,1655,30,30,1,0.033333333333333333,0.031069884087661325,0.43442956660634652,-0.4033596825186852,763.5
14:30:20130917,2013-09-17,2013,14:30,2011_2020,1661,30,30,3,0.10000000000000001,0.050677664393783718,0.40656836489012671,-0.35589070049634297,656
14:45:20130917,2013-09-17,2013,14:45,2011_2020,1658,30,30,3,0.10000000000000001,0.055319209687312625,0.40234420850771963,-0.34702499882040699,615
14:30:20130926,2013-09-26,2013,14:30,2011_2020,1644,30,30,2,0.066666666666666666,0.025629566416684436,0.34936495800423706,-0.3237353915875526,920.5
14:45:20130926,2013-09-26,2013,14:45,2011_2020,1645,30,30,2,0.066666666666666666,0.032741551777318773,0.34390495541803073,-0.31116340364071193,676.5
14:30:20131010,2013-10-10,2013,14:30,2011_2020,1665,30,30,2,0.066666666666666666,-0.01386229578702477,0.29906187653034627,-0.31292417231737102,787
14:45:20131010,2013-10-10,2013,14:45,2011_2020,1665,30,30,2,0.066666666666666666,-0.0088866890781695365,0.30555387385514637,-0.3144405629333159,723.5
14:30:20131017,2013-10-17,2013,14:30,2011_2020,1666,30,30,0,0,-0.047957596635783355,0.32475532491457249,-0.37271292155035585,903.5
14:45:20131017,2013-10-17,2013,14:45,2011_2020,1665,30,30,0,0,-0.043793592947847994,0.32305197815655817,-0.36684557110440619,847
14:30:20131024,2013-10-24,2013,14:30,2011_2020,1660,30,30,1,0.033333333333333333,-0.0091146742737224715,0.40024035584607043,-0.40935503011979291,1003.5
14:45:20131024,2013-10-24,2013,14:45,2011_2020,1660,30,30,1,0.033333333333333333,-0.0011640416744113794,0.411834117659584,-0.41299815933399536,959.5
14:30:20131031,2013-10-31,2013,14:30,2011_2020,1650,30,30,1,0.033333333333333333,0.099335385855038705,0.52105825178768284,-0.42172286593264413,792.5
14:45:20131031,2013-10-31,2013,14:45,2011_2020,1650,30,30,1,0.033333333333333333,0.10009449615187632,0.53146144650702165,-0.43136695035514533,615.5
14:30:20131107,2013-11-07,2013,14:30,2011_2020,1665,30,30,0,0,0.069431505342343394,0.45816462891278853,-0.38873312357044515,717
14:45:20131107,2013-11-07,2013,14:45,2011_2020,1664,30,30,0,0,0.075176858653923456,0.44471965752014359,-0.3695427988662201,658.5
14:30:20131114,2013-11-14,2013,14:30,2011_2020,1642,30,30,0,0,0.046476189365742354,0.4307775534508072,-0.38430136408506488,946.5
14:45:20131114,2013-11-14,2013,14:45,2011_2020,1642,30,30,0,0,0.04530061128015634,0.42370614928327655,-0.37840553800312021,972
14:30:20131121,2013-11-21,2013,14:30,2011_2020,1632,30,30,0,0,-0.010147534019008175,0.29230928747084267,-0.30245682148985087,846
14:45:20131121,2013-11-21,2013,14:45,2011_2020,1632,30,30,0,0,-0.012001540378586317,0.28865478893318713,-0.30065632931177344,842.5
14:30:20131128,2013-11-28,2013,14:30,2011_2020,1619,30,30,0,0,-0.06449191093730651,0.29421076493555975,-0.35870267587286625,844
14:45:20131128,2013-11-28,2013,14:45,2011_2020,1619,30,30,0,0,-0.054242372172340604,0.28936639323884905,-0.34360876541118968,875.5
14:30:20131205,2013-12-05,2013,14:30,2011_2020,1652,30,30,0,0,0.0018268307008657337,0.37300936467791956,-0.37118253397705381,650.5
14:45:20131205,2013-12-05,2013,14:45,2011_2020,1652,30,30,0,0,0.010491296853504528,0.38418690732941152,-0.37369561047590699,637
14:30:20131212,2013-12-12,2013,14:30,2011_2020,1638,30,30,1,0.033333333333333333,-0.04477037865827492,0.29324126870779338,-0.33801164736606831,701.5
14:45:20131212,2013-12-12,2013,14:45,2011_2020,1638,30,30,1,0.033333333333333333,-0.043280188941553249,0.30068535326876511,-0.34396554221031839,736
14:30:20131219,2013-12-19,2013,14:30,2011_2020,1632,30,30,0,0,-0.018085490054587507,0.39040431643258544,-0.40848980648717292,778
14:45:20131219,2013-12-19,2013,14:45,2011_2020,1631,30,30,0,0,-0.01908796330211698,0.38477010670713874,-0.40385807000925572,721
14:30:20131226,2013-12-26,2013,14:30,2011_2020,1621,30,30,0,0,0.062808462435878662,0.4449825197129964,-0.38217405727711773,567.5
14:45:20131226,2013-12-26,2013,14:45,2011_2020,1621,30,30,0,0,0.065517865657501465,0.4481309381680626,-0.38261307251056115,610.5
14:30:20140103,2014-01-03,2014,14:30,2011_2020,1648,30,30,0,0,0.046586526134840357,0.47375588640295863,-0.42716936026811825,657.5
14:45:20140103,2014-01-03,2014,14:45,2011_2020,1648,30,30,0,0,0.037999152111725484,0.47603047053928449,-0.43803131842755899,683
14:30:20140110,2014-01-10,2014,14:30,2011_2020,1616,30,30,0,0,0.1308364792504037,0.57513977243419356,-0.44430329318378986,643
14:45:20140110,2014-01-10,2014,14:45,2011_2020,1616,30,30,0,0,0.13244864752079655,0.5744522229918777,-0.44200357547108116,661
14:30:20140117,2014-01-17,2014,14:30,2011_2020,1607,30,30,0,0,0.10727656240773843,0.54277510150964403,-0.43549853910190561,635
14:45:20140117,2014-01-17,2014,14:45,2011_2020,1606,30,30,0,0,0.1115410862297616,0.54744008988337223,-0.43589900365361062,626.5
14:30:20140124,2014-01-24,2014,14:30,2011_2020,1588,30,30,1,0.033333333333333333,0.03115714029312857,0.45157498836687598,-0.42041784807374744,673.5
14:45:20140124,2014-01-24,2014,14:45,2011_2020,1585,30,30,1,0.033333333333333333,0.019027985528002559,0.4553816990750767,-0.43635371354707414,759
14:30:20140207,2014-02-07,2014,14:30,2011_2020,1608,30,30,0,0,0.025706883271614082,0.46350638351925305,-0.43779950024763897,707
14:45:20140207,2014-02-07,2014,14:45,2011_2020,1607,30,30,0,0,0.0091859178013135295,0.46873125504501323,-0.45954533724369973,804
14:30:20140214,2014-02-14,2014,14:30,2011_2020,1594,30,30,1,0.033333333333333333,-0.024351164150151903,0.27630590746209011,-0.30065707161224203,659.5
14:45:20140214,2014-02-14,2014,14:45,2011_2020,1593,30,30,1,0.033333333333333333,-0.04076194021634174,0.27344022635504112,-0.31420216657138283,784
14:30:20140221,2014-02-21,2014,14:30,2011_2020,1588,30,30,1,0.033333333333333333,-0.018804048505911761,0.31383904068143664,-0.33264308918734842,928.5
14:45:20140221,2014-02-21,2014,14:45,2011_2020,1587,30,30,1,0.033333333333333333,-0.032391996471030769,0.31436637551033775,-0.3467583719813685,1041.5
14:30:20140228,2014-02-28,2014,14:30,2011_2020,1559,30,30,0,0,-0.01823437188041278,0.31979333411890187,-0.33802770599931464,745
14:45:20140228,2014-02-28,2014,14:45,2011_2020,1557,30,30,0,0,-0.0073680207048391917,0.3163811801453485,-0.32374920085018771,689.5
14:30:20140307,2014-03-07,2014,14:30,2011_2020,1582,30,30,3,0.10000000000000001,-0.0055085055762151202,0.29724324100966482,-0.30275174658587994,941
14:45:20140307,2014-03-07,2014,14:45,2011_2020,1581,30,30,3,0.10000000000000001,0.0020264455983494984,0.28893177146815407,-0.28690532586980455,807
14:30:20140314,2014-03-14,2014,14:30,2011_2020,1547,30,30,0,0,0.021310077814173645,0.34527061641570012,-0.32396053860152646,884
14:45:20140314,2014-03-14,2014,14:45,2011_2020,1547,30,30,0,0,0.027020374730603782,0.34583173074207768,-0.31881135601147392,891.5
14:30:20140321,2014-03-21,2014,14:30,2011_2020,1520,30,30,1,0.033333333333333333,0.012748908265742275,0.26663252361824574,-0.25388361535250348,611.5
14:45:20140321,2014-03-21,2014,14:45,2011_2020,1518,30,30,1,0.033333333333333333,0.016139657916534281,0.25776225694933197,-0.2416225990327977,600.5
14:30:20140328,2014-03-28,2014,14:30,2011_2020,1503,30,30,0,0,-0.089539473271498277,0.20913610015651996,-0.2986755734280182,1039
14:45:20140328,2014-03-28,2014,14:45,2011_2020,1503,30,30,0,0,-0.08879347697727305,0.19963283063195447,-0.28842630760922749,1022
14:30:20140404,2014-04-04,2014,14:30,2011_2020,1548,30,30,0,0,-0.039285146932954484,0.2888501076421377,-0.32813525457509218,716.5
14:45:20140404,2014-04-04,2014,14:45,2011_2020,1549,30,30,0,0,-0.048369628321141341,0.28907899865474379,-0.33744862697588512,791
14:30:20140414,2014-04-14,2014,14:30,2011_2020,1522,30,30,0,0,-0.074393621113277866,0.24387771414032594,-0.31827133525360379,880.5
14:45:20140414,2014-04-14,2014,14:45,2011_2020,1522,30,30,0,0,-0.077800239877186414,0.24270868807305071,-0.32050892795023711,1007
14:30:20140421,2014-04-21,2014,14:30,2011_2020,1507,30,30,0,0,-0.070442708064262102,0.22489166790145981,-0.29533437596572193,985
14:45:20140421,2014-04-21,2014,14:45,2011_2020,1507,30,30,0,0,-0.068608797937525876,0.22726754800003407,-0.29587634593755996,949
14:30:20140428,2014-04-28,2014,14:30,2011_2020,1494,30,30,0,0,0.067756469567239089,0.33509955252770712,-0.26734308296046805,509
14:45:20140428,2014-04-28,2014,14:45,2011_2020,1494,30,30,1,0.033333333333333333,0.07900077659990036,0.33858318941939769,-0.25958241281949734,533.5
14:30:20140507,2014-05-07,2014,14:30,2011_2020,1517,30,30,1,0.033333333333333333,0.039915889323658221,0.3144374177877749,-0.2745215284641167,719.5
14:45:20140507,2014-05-07,2014,14:45,2011_2020,1517,30,30,1,0.033333333333333333,0.038597308079517979,0.31850699004957078,-0.27990968197005278,604
14:30:20140514,2014-05-14,2014,14:30,2011_2020,1496,30,30,5,0.16666666666666666,0.088409195742984684,0.34597587509832278,-0.25756667935533811,611
14:45:20140514,2014-05-14,2014,14:45,2011_2020,1495,30,30,4,0.13333333333333333,0.084618039023933361,0.34299472984667828,-0.25837669082274495,591
14:30:20140521,2014-05-21,2014,14:30,2011_2020,1469,30,30,3,0.10000000000000001,0.039408897453772566,0.2658633775484035,-0.22645448009463093,510.5
14:45:20140521,2014-05-21,2014,14:45,2011_2020,1468,30,30,2,0.066666666666666666,0.037494922362887172,0.25417175543833037,-0.21667683307544319,589
14:30:20140528,2014-05-28,2014,14:30,2011_2020,1463,30,30,0,0,0.0092814777769617395,0.31904616117111489,-0.30976468339415314,807
14:45:20140528,2014-05-28,2014,14:45,2011_2020,1463,30,30,0,0,0.011604944563942947,0.32243663033223885,-0.3108316857682959,745.5
14:30:20140605,2014-06-05,2014,14:30,2011_2020,1482,30,30,2,0.066666666666666666,0.10066655516355981,0.43299562653196838,-0.33232907136840856,413
14:45:20140605,2014-06-05,2014,14:45,2011_2020,1480,30,30,2,0.066666666666666666,0.10213658384562395,0.42642572150551566,-0.3242891376598917,414.5
14:30:20140612,2014-06-12,2014,14:30,2011_2020,1467,30,30,1,0.033333333333333333,0.062957326083728199,0.40597435778941598,-0.34301703170568776,538
14:45:20140612,2014-06-12,2014,14:45,2011_2020,1466,30,30,1,0.033333333333333333,0.065165223453333671,0.39675399715619775,-0.3315887737028641,476
14:30:20140619,2014-06-19,2014,14:30,2011_2020,1448,30,30,0,0,0.054051227833702552,0.39557956177614628,-0.34152833394244375,957
14:45:20140619,2014-06-19,2014,14:45,2011_2020,1448,30,30,0,0,0.052010645869744423,0.39246647707415011,-0.3404558312044057,1013
14:30:20140626,2014-06-26,2014,14:30,2011_2020,1422,30,30,0,0,0.013031987017440653,0.42454327964375405,-0.41151129262631342,851.5
14:45:20140626,2014-06-26,2014,14:45,2011_2020,1422,30,30,0,0,0.0099788008648778563,0.41632902907599173,-0.40635022821111388,869
14:30:20140703,2014-07-03,2014,14:30,2011_2020,1455,30,30,1,0.033333333333333333,0.035516317386845166,0.44351663980513217,-0.40800032241828699,982
14:45:20140703,2014-07-03,2014,14:45,2011_2020,1453,30,30,1,0.033333333333333333,0.033461418433736977,0.44812853297745436,-0.41466711454371741,1068
14:30:20140710,2014-07-10,2014,14:30,2011_2020,1440,30,30,0,0,0.047821197878881713,0.37209381348858195,-0.32427261560970022,896.5
14:45:20140710,2014-07-10,2014,14:45,2011_2020,1439,30,30,0,0,0.047485505278356967,0.37562315958700321,-0.32813765430864622,865.5
14:30:20140717,2014-07-17,2014,14:30,2011_2020,1423,30,30,1,0.033333333333333333,0.12836803354449802,0.39945416792809962,-0.27108613438360163,337
14:45:20140717,2014-07-17,2014,14:45,2011_2020,1421,30,30,1,0.033333333333333333,0.12205841858665532,0.39549708728576699,-0.27343866869911165,354
14:30:20140724,2014-07-24,2014,14:30,2011_2020,1400,30,30,4,0.13333333333333333,0.21018720137052288,0.47873298392019709,-0.26854578254967421,374.5
14:45:20140724,2014-07-24,2014,14:45,2011_2020,1399,30,30,4,0.13333333333333333,0.22675546425161169,0.4834997963524244,-0.25674433210081271,257.5
14:30:20140731,2014-07-31,2014,14:30,2011_2020,1402,30,30,5,0.16666666666666666,0.11736985504905689,0.34857498481457355,-0.23120512976551666,300.5
14:45:20140731,2014-07-31,2014,14:45,2011_2020,1402,30,30,3,0.10000000000000001,0.10314989212279622,0.34468760159469691,-0.24153770947190067,423
14:30:20140807,2014-08-07,2014,14:30,2011_2020,1416,30,30,2,0.066666666666666666,0.14973170329854668,0.43339184495402883,-0.28366014165548215,404.5
14:45:20140807,2014-08-07,2014,14:45,2011_2020,1415,30,30,1,0.033333333333333333,0.13046625547318721,0.43652420179505164,-0.30605794632186445,415.5
14:30:20140814,2014-08-14,2014,14:30,2011_2020,1393,30,30,0,0,0.14126078940593018,0.4207601274228342,-0.27949933801690402,346
14:45:20140814,2014-08-14,2014,14:45,2011_2020,1395,30,30,1,0.033333333333333333,0.14616566020128124,0.42718826395701731,-0.28102260375573607,353.5
14:30:20140821,2014-08-21,2014,14:30,2011_2020,1381,30,30,0,0,0.066514167664246102,0.38213486351206616,-0.31562069584782004,811.5
14:45:20140821,2014-08-21,2014,14:45,2011_2020,1379,30,30,0,0,0.063740535680194305,0.3784947853706504,-0.31475424969045607,760.5
14:30:20140828,2014-08-28,2014,14:30,2011_2020,1375,30,30,1,0.033333333333333333,0.10705372332341974,0.4853089099503945,-0.37825518662697477,799
14:45:20140828,2014-08-28,2014,14:45,2011_2020,1375,30,30,1,0.033333333333333333,0.11676271637692766,0.48971451626892476,-0.37295179989199712,800
14:30:20140904,2014-09-04,2014,14:30,2011_2020,1367,30,30,1,0.033333333333333333,0.10754689171736648,0.45789621087021437,-0.35034931915284789,681
14:45:20140904,2014-09-04,2014,14:45,2011_2020,1365,30,30,1,0.033333333333333333,0.1146408686907395,0.45574071348457079,-0.34109984479383126,579
14:30:20140912,2014-09-12,2014,14:30,2011_2020,1342,30,30,0,0,0.025686649903648478,0.34369604950760935,-0.31800939960396085,822
14:45:20140912,2014-09-12,2014,14:45,2011_2020,1344,30,30,0,0,0.028631977949940695,0.33889843709174478,-0.31026645914180406,781.5
14:30:20140919,2014-09-19,2014,14:30,2011_2020,1334,30,30,1,0.033333333333333333,-0.0096877776643405841,0.31702095327847257,-0.32670873094281316,725.5
14:45:20140919,2014-09-19,2014,14:45,2011_2020,1332,30,30,1,0.033333333333333333,0.00063279053047899194,0.32578714462116287,-0.32515435409068388,572
14:30:20140926,2014-09-26,2014,14:30,2011_2020,1331,30,30,1,0.033333333333333333,0.034498633662900915,0.36223873099967502,-0.32774009733677412,607
14:45:20140926,2014-09-26,2014,14:45,2011_2020,1331,30,30,1,0.033333333333333333,0.03697594376746758,0.36521822524435049,-0.32824228147688289,559
14:30:20141010,2014-10-10,2014,14:30,2011_2020,1338,30,30,1,0.033333333333333333,-0.011593154174194062,0.3232219038235335,-0.33481505799772754,934.5
14:45:20141010,2014-10-10,2014,14:45,2011_2020,1338,30,30,1,0.033333333333333333,-0.011312797614736773,0.32162350504989978,-0.33293630266463653,900
14:30:20141017,2014-10-17,2014,14:30,2011_2020,1321,30,30,0,0,-0.0263687504621531,0.33679516916918129,-0.36316391963133438,964
14:45:20141017,2014-10-17,2014,14:45,2011_2020,1320,30,30,1,0.033333333333333333,-0.023415295083779333,0.33528463100065242,-0.35869992608443174,946
14:30:20141024,2014-10-24,2014,14:30,2011_2020,1317,30,30,0,0,0.047295948303419391,0.46171876431541509,-0.41442281601199571,871.5
14:45:20141024,2014-10-24,2014,14:45,2011_2020,1317,30,30,0,0,0.040397238635924433,0.45517031058390917,-0.41477307194798474,941.5
14:30:20141031,2014-10-31,2014,14:30,2011_2020,1301,30,30,0,0,0.028615673250439448,0.47331661204634018,-0.44470093879590072,747.5
14:45:20141031,2014-10-31,2014,14:45,2011_2020,1299,30,30,0,0,0.022489980124450162,0.47900337382794689,-0.45651339370349675,821.5
14:30:20141107,2014-11-07,2014,14:30,2011_2020,1308,30,30,1,0.033333333333333333,0.039665419199949786,0.64306272759651084,-0.60339730839656103,777.5
14:45:20141107,2014-11-07,2014,14:45,2011_2020,1307,30,30,1,0.033333333333333333,0.049320748787494824,0.6572390555681924,-0.60791830678069758,737
14:30:20141114,2014-11-14,2014,14:30,2011_2020,1280,30,30,1,0.033333333333333333,0.12014884336862107,0.65237170311548942,-0.53222285974686834,729.5
14:45:20141114,2014-11-14,2014,14:45,2011_2020,1280,30,30,1,0.033333333333333333,0.11091763525315433,0.65930492994519851,-0.54838729469204417,790
14:30:20141121,2014-11-21,2014,14:30,2011_2020,1267,30,30,0,0,0.00058155762430692757,0.74182525735834148,-0.74124369973403459,885
14:45:20141121,2014-11-21,2014,14:45,2011_2020,1266,30,30,0,0,0.0099932127525756229,0.73376287188666056,-0.72376965913408497,862.5
14:30:20141128,2014-11-28,2014,14:30,2011_2020,1262,30,30,0,0,-0.090389588573540763,0.57795348453292694,-0.66834307310646768,1039
14:45:20141128,2014-11-28,2014,14:45,2011_2020,1257,30,30,0,0,-0.088037428416292293,0.56341865663250446,-0.65145608504879671,997
14:30:20141205,2014-12-05,2014,14:30,2011_2020,1264,30,30,0,0,-0.028084240365345025,0.48243398593416875,-0.51051822629951382,738.5
14:45:20141205,2014-12-05,2014,14:45,2011_2020,1260,30,30,0,0,-0.020828722514663469,0.47961512866768852,-0.50044385118235202,667.5
14:30:20141212,2014-12-12,2014,14:30,2011_2020,1241,30,30,0,0,-0.043348091503688256,0.270230969004362,-0.31357906050805023,556.5
14:45:20141212,2014-12-12,2014,14:45,2011_2020,1239,30,30,0,0,-0.042213838355420773,0.26726567762441994,-0.30947951597984069,558.5
14:30:20141219,2014-12-19,2014,14:30,2011_2020,1220,30,30,1,0.033333333333333333,0.012108199846835924,0.29278853963895807,-0.28068033979212215,321.5
14:45:20141219,2014-12-19,2014,14:45,2011_2020,1218,30,30,1,0.033333333333333333,0.0080467307808367566,0.30321117008895432,-0.29516443930811759,485
14:30:20141226,2014-12-26,2014,14:30,2011_2020,1216,30,30,3,0.10000000000000001,0.11677171620976562,0.37389763957790556,-0.25712592336813994,322.5
14:45:20141226,2014-12-26,2014,14:45,2011_2020,1213,30,30,3,0.10000000000000001,0.1166048790755012,0.38011603720484283,-0.26351115812934162,355
14:30:20150106,2015-01-06,2015,14:30,2011_2020,1231,30,30,1,0.033333333333333333,0.086135751084366358,0.40393246988926645,-0.31779671880490012,409
14:45:20150106,2015-01-06,2015,14:45,2011_2020,1229,30,30,1,0.033333333333333333,0.076720554085799059,0.37919565350666623,-0.30247509942086714,401
14:30:20150113,2015-01-13,2015,14:30,2011_2020,1228,30,30,1,0.033333333333333333,0.078017640726215878,0.3899781028661472,-0.31196046213993134,354
14:45:20150113,2015-01-13,2015,14:45,2011_2020,1228,30,30,2,0.066666666666666666,0.096879513077551341,0.38652131940214823,-0.28964180632459691,258
14:30:20150120,2015-01-20,2015,14:30,2011_2020,1218,30,30,0,0,0.1109844060747298,0.46240118567964122,-0.35141677960491141,369.5
14:45:20150120,2015-01-20,2015,14:45,2011_2020,1214,30,30,0,0,0.095584468082070079,0.45696618515994114,-0.36138171707787103,493
14:30:20150127,2015-01-27,2015,14:30,2011_2020,1195,30,30,0,0,0.084550865991804558,0.48923380509831293,-0.40468293910650838,458.5
14:45:20150127,2015-01-27,2015,14:45,2011_2020,1193,30,30,0,0,0.079860266446114575,0.47756317331663273,-0.39770290687051812,445
14:30:20150203,2015-02-03,2015,14:30,2011_2020,1199,30,30,0,0,0.13569792347480505,0.50412981794497425,-0.36843189447016922,489
14:45:20150203,2015-02-03,2015,14:45,2011_2020,1201,30,30,0,0,0.12191939177328621,0.50858763488824466,-0.38666824311495845,552
14:30:20150210,2015-02-10,2015,14:30,2011_2020,1189,30,30,3,0.10000000000000001,0.25638793950314104,0.68051158073212459,-0.42412364122898355,463
14:45:20150210,2015-02-10,2015,14:45,2011_2020,1186,30,30,2,0.066666666666666666,0.25918861359310169,0.69067714871940378,-0.43148853512630209,408.5
14:30:20150217,2015-02-17,2015,14:30,2011_2020,1168,30,30,2,0.066666666666666666,0.28071195986526759,0.73915804753090097,-0.45844608766563338,443.5
14:45:20150217,2015-02-17,2015,14:45,2011_2020,1169,30,30,1,0.033333333333333333,0.25557399438841166,0.73586091568099665,-0.48028692129258499,406
14:30:20150303,2015-03-03,2015,14:30,2011_2020,1163,30,30,0,0,0.20204244756112805,0.70075334018278213,-0.49871089262165408,600
14:45:20150303,2015-03-03,2015,14:45,2011_2020,1160,30,30,1,0.033333333333333333,0.20319355258131538,0.70947060394349415,-0.50627705136217882,681.5
14:30:20150310,2015-03-10,2015,14:30,2011_2020,1153,30,30,0,0,0.22390420736273781,0.77760543070115218,-0.55370122333841443,747
14:45:20150310,2015-03-10,2015,14:45,2011_2020,1153,30,30,0,0,0.23103033266188783,0.79807768688040537,-0.56704735421851749,725.5
14:30:20150317,2015-03-17,2015,14:30,2011_2020,1124,30,30,1,0.033333333333333333,0.24818435625361515,0.76366893569886829,-0.51548457944525317,492
14:45:20150317,2015-03-17,2015,14:45,2011_2020,1120,30,30,2,0.066666666666666666,0.22496948472946135,0.73387688051933531,-0.50890739578987398,549.5
14:30:20150324,2015-03-24,2015,14:30,2011_2020,1109,30,30,1,0.033333333333333333,0.18449199099772134,0.6385624863953121,-0.45407049539759076,570.5
14:45:20150324,2015-03-24,2015,14:45,2011_2020,1109,30,30,1,0.033333333333333333,0.18448468919992139,0.64672897078266522,-0.46224428158274383,579.5
14:30:20150331,2015-03-31,2015,14:30,2011_2020,1090,30,30,3,0.10000000000000001,0.19305822247156754,0.69270305808578159,-0.49964483561421402,520
14:45:20150331,2015-03-31,2015,14:45,2011_2020,1088,30,30,2,0.066666666666666666,0.17601387879074806,0.68171974324270579,-0.50570586445195775,584
14:30:20150408,2015-04-08,2015,14:30,2011_2020,1096,30,30,0,0,0.045038128415761595,0.48002047455570079,-0.43498234613993919,385.5
14:45:20150408,2015-04-08,2015,14:45,2011_2020,1095,30,30,0,0,0.026474513788716326,0.46132854981757238,-0.43485403602885603,424
14:30:20150415,2015-04-15,2015,14:30,2011_2020,1077,30,30,2,0.066666666666666666,0.18309579161381301,0.66510992224356669,-0.48201413062975368,402.5
14:45:20150415,2015-04-15,2015,14:45,2011_2020,1078,30,30,2,0.066666666666666666,0.21187376071964181,0.68119573487289709,-0.46932197415325527,378.5
14:30:20150422,2015-04-22,2015,14:30,2011_2020,1041,30,30,0,0,0.19588760263154947,0.87141404561264535,-0.67552644298109588,348.5
14:45:20150422,2015-04-22,2015,14:45,2011_2020,1038,30,30,0,0,0.19588823984990647,0.87960075527144888,-0.68371251542154243,363
14:30:20150429,2015-04-29,2015,14:30,2011_2020,1000,30,30,1,0.033333333333333333,0.29573737177744408,0.90610540340616241,-0.61036803162871833,320.5
14:45:20150429,2015-04-29,2015,14:45,2011_2020,999,30,30,1,0.033333333333333333,0.29609195448377801,0.90564221501920394,-0.60955026053542594,313.5
14:30:20150507,2015-05-07,2015,14:30,2011_2020,1037,30,30,3,0.10000000000000001,0.52009588725049116,1.0687808439429169,-0.54868495669242578,284
14:45:20150507,2015-05-07,2015,14:45,2011_2020,1036,30,30,3,0.10000000000000001,0.53129955620009828,1.1232085731771158,-0.59190901697701748,393.5
14:30:20150514,2015-05-14,2015,14:30,2011_2020,989,30,30,0,0,0.34769872660157641,0.90530550993941294,-0.55760678333783653,434.5
14:45:20150514,2015-05-14,2015,14:45,2011_2020,983,30,30,0,0,0.34882164264792703,0.89861141429667102,-0.54978977164874399,440
14:30:20150521,2015-05-21,2015,14:30,2011_2020,944,30,30,2,0.066666666666666666,0.11546347824745971,0.70159728224278384,-0.58613380399532411,581.5
14:45:20150521,2015-05-21,2015,14:45,2011_2020,933,30,30,2,0.066666666666666666,0.12866727733519084,0.67889542585506413,-0.55022814851987323,550.5
14:30:20150528,2015-05-28,2015,14:30,2011_2020,949,30,30,1,0.033333333333333333,-0.20665811182530236,0.31314374431984232,-0.51980185614514474,815
14:45:20150528,2015-05-28,2015,14:45,2011_2020,948,30,30,1,0.033333333333333333,-0.19858633166939743,0.3283551078161257,-0.52694143948552319,795
14:30:20150604,2015-06-04,2015,14:30,2011_2020,933,30,30,1,0.033333333333333333,-0.34099798806246268,0.009342767049779625,-0.35034075511224227,453
14:45:20150604,2015-06-04,2015,14:45,2011_2020,924,30,30,0,0,-0.37204729629973604,-0.025407757802885952,-0.34663953849685009,418
14:30:20150611,2015-06-11,2015,14:30,2011_2020,664,30,30,0,0,-0.39076415624268335,-0.0036057217085768219,-0.38715843453410653,305
14:45:20150611,2015-06-11,2015,14:45,2011_2020,662,30,30,0,0,-0.40580919438578317,-0.010581390582745542,-0.39522780380303763,309
14:30:20150618,2015-06-18,2015,14:30,2011_2020,897,30,30,3,0.10000000000000001,-0.29375115518393019,0.039931022905687806,-0.33368217808961798,353
14:45:20150618,2015-06-18,2015,14:45,2011_2020,899,30,30,2,0.066666666666666666,-0.27977705282572624,0.052736445158830886,-0.33251349798455709,345
14:30:20150626,2015-06-26,2015,14:30,2011_2020,892,30,30,3,0.10000000000000001,-0.040689407845306995,0.26064550661656144,-0.30133491446186844,264
14:45:20150626,2015-06-26,2015,14:45,2011_2020,892,30,30,3,0.10000000000000001,-0.047160307493667973,0.24769837918101245,-0.2948586866746804,238.5
14:30:20150703,2015-07-03,2015,14:30,2011_2020,902,30,30,3,0.10000000000000001,0.072389250504343777,0.50718784817715246,-0.43479859767280871,269
14:45:20150703,2015-07-03,2015,14:45,2011_2020,902,30,30,3,0.10000000000000001,0.096123847683858191,0.51996354625412156,-0.42383969857026338,296.5
14:30:20150710,2015-07-10,2015,14:30,2011_2020,318,30,30,3,0.10000000000000001,0.16241372076749752,0.48148175359057005,-0.3190680328230725,160.5
14:45:20150710,2015-07-10,2015,14:45,2011_2020,317,30,30,5,0.16666666666666666,0.20620435107719301,0.49982888593214037,-0.29362453485494733,139
14:30:20150717,2015-07-17,2015,14:30,2011_2020,674,30,30,1,0.033333333333333333,0.054246032243457164,0.61401155674361363,-0.55976552450015649,523.5
14:45:20150717,2015-07-17,2015,14:45,2011_2020,655,30,30,1,0.033333333333333333,0.048551050536378162,0.59318886783542468,-0.54463781729904648,487
14:30:20150724,2015-07-24,2015,14:30,2011_2020,705,30,30,1,0.033333333333333333,-0.10505307147461709,0.30469688923597549,-0.40974996071059255,496
14:45:20150724,2015-07-24,2015,14:45,2011_2020,707,30,30,1,0.033333333333333333,-0.098233099756469558,0.28676424964407315,-0.3849973494005427,387.5
14:30:20150731,2015-07-31,2015,14:30,2011_2020,718,30,30,1,0.033333333333333333,-0.076312057270740669,0.27241045775556622,-0.34872251502630691,336
14:45:20150731,2015-07-31,2015,14:45,2011_2020,716,30,30,1,0.033333333333333333,-0.055928057476278381,0.28494275211056902,-0.3408708095868474,334
14:30:20150807,2015-08-07,2015,14:30,2011_2020,631,30,30,1,0.033333333333333333,-0.21575901494355915,0.076769949614808153,-0.2925289645583673,294.5
14:45:20150807,2015-08-07,2015,14:45,2011_2020,628,30,30,1,0.033333333333333333,-0.21817435737242649,0.068631805621578501,-0.28680616299400497,295.5
14:30:20150814,2015-08-14,2015,14:30,2011_2020,819,30,30,0,0,-0.35270087248608822,-0.039096395924410381,-0.31360447656167784,439
14:45:20150814,2015-08-14,2015,14:45,2011_2020,813,30,30,0,0,-0.34661789926608882,-0.036632107990283706,-0.30998579127580511,312.5
14:30:20150821,2015-08-21,2015,14:30,2011_2020,848,30,30,0,0,-0.16167448206896498,0.13193660794191445,-0.29361109001087943,338.5
14:45:20150821,2015-08-21,2015,14:45,2011_2020,848,30,30,0,0,-0.15608749661886456,0.14631752079655141,-0.30240501741541598,390.5
14:30:20150828,2015-08-28,2015,14:30,2011_2020,780,30,30,2,0.066666666666666666,-0.063197767002124455,0.20822415613891795,-0.27142192314104241,393.5
14:45:20150828,2015-08-28,2015,14:45,2011_2020,763,30,30,1,0.033333333333333333,-0.078794101470325048,0.18701182705889535,-0.26580592852922041,382
14:30:20150908,2015-09-08,2015,14:30,2011_2020,614,30,30,4,0.13333333333333333,0.20228068490129655,0.47276350551854968,-0.27048282061725315,168
14:45:20150908,2015-09-08,2015,14:45,2011_2020,606,30,30,5,0.16666666666666666,0.18009980975751982,0.44791938842666601,-0.26781957866914619,176
14:30:20150915,2015-09-15,2015,14:30,2011_2020,827,30,30,3,0.10000000000000001,0.3458647867988483,0.89009074685975242,-0.54422596006090407,450
14:45:20150915,2015-09-15,2015,14:45,2011_2020,827,30,30,3,0.10000000000000001,0.36495687765174678,0.89979054674834358,-0.5348336690965968,423.5
14:30:20150922,2015-09-22,2015,14:30,2011_2020,831,30,30,3,0.10000000000000001,0.16123628186482997,0.67152563123556597,-0.510289349370736,504
14:45:20150922,2015-09-22,2015,14:45,2011_2020,829,30,30,2,0.066666666666666666,0.17114383647133724,0.70080954790411498,-0.52966571143277774,467
14:30:20150929,2015-09-29,2015,14:30,2011_2020,847,30,30,0,0,0.1770593564745172,0.55243115345066007,-0.37537179697614287,424.5
14:45:20150929,2015-09-29,2015,14:45,2011_2020,846,30,30,0,0,0.17733272791489352,0.55717171666574861,-0.37983898875085509,436
14:30:20151013,2015-10-13,2015,14:30,2011_2020,614,30,30,1,0.033333333333333333,0.13165099527079543,0.49953680128030076,-0.36788580600950532,317
14:45:20151013,2015-10-13,2015,14:45,2011_2020,614,30,30,1,0.033333333333333333,0.14856387791579131,0.51554445372685298,-0.36698057581106169,319.5
14:30:20151020,2015-10-20,2015,14:30,2011_2020,804,30,30,1,0.033333333333333333,0.095506575432223795,0.49951514654299767,-0.40400857111077387,419
14:45:20151020,2015-10-20,2015,14:45,2011_2020,809,30,30,1,0.033333333333333333,0.093733175620619585,0.50223169349520991,-0.40849851787459035,439
14:30:20151027,2015-10-27,2015,14:30,2011_2020,834,30,30,0,0,0.088400779198009871,0.54076599922438728,-0.45236522002637741,384.5
14:45:20151027,2015-10-27,2015,14:45,2011_2020,827,30,30,0,0,0.082242558635196902,0.52708563574180733,-0.44484307710661042,400.5
14:30:20151103,2015-11-03,2015,14:30,2011_2020,852,30,30,0,0,0.08130676302080761,0.49331890657883554,-0.41201214355802795,417
14:45:20151103,2015-11-03,2015,14:45,2011_2020,852,30,30,0,0,0.12655013070195478,0.51799446039012886,-0.39144432968817411,306
14:30:20151110,2015-11-10,2015,14:30,2011_2020,618,30,30,2,0.066666666666666666,-0.013267384612557939,0.28184302168940739,-0.29511040630196533,340.5
14:45:20151110,2015-11-10,2015,14:45,2011_2020,615,30,30,2,0.066666666666666666,-0.008509963790061215,0.27191946728905464,-0.28042943107911583,296
14:30:20151117,2015-11-17,2015,14:30,2011_2020,834,30,30,1,0.033333333333333333,0.0051509421144515658,0.33667115733852632,-0.33152021522407477,371.5
14:45:20151117,2015-11-17,2015,14:45,2011_2020,834,30,30,0,0,-0.0072444472468405872,0.32788234149508799,-0.33512678874192858,375.5
14:30:20151124,2015-11-24,2015,14:30,2011_2020,844,30,30,2,0.066666666666666666,0.060910898948333111,0.41988121168113401,-0.35897031273280089,473.5
14:45:20151124,2015-11-24,2015,14:45,2011_2020,842,30,30,2,0.066666666666666666,0.057341539961195558,0.41165517429703047,-0.3543136343358349,464.5
14:30:20151201,2015-12-01,2015,14:30,2011_2020,849,30,30,1,0.033333333333333333,0.075942237752512451,0.42512121914037687,-0.34917898138786441,407
14:45:20151201,2015-12-01,2015,14:45,2011_2020,844,30,30,1,0.033333333333333333,0.079261128224851513,0.40858575458538671,-0.32932462636053517,351
14:30:20151208,2015-12-08,2015,14:30,2011_2020,620,30,30,1,0.033333333333333333,-0.032724843824795152,0.26516299627706241,-0.29788784010185754,380.5
14:45:20151208,2015-12-08,2015,14:45,2011_2020,620,30,30,0,0,-0.045810987058653822,0.26839318276111929,-0.31420416981977312,377
14:30:20151215,2015-12-15,2015,14:30,2011_2020,848,30,30,0,0,-0.19204079573387106,0.096250865011731093,-0.28829166074560214,387
14:45:20151215,2015-12-15,2015,14:45,2011_2020,849,30,30,0,0,-0.20003595331340454,0.098068378156857511,-0.29810433147026205,420
14:30:20151222,2015-12-22,2015,14:30,2011_2020,884,30,30,0,0,-0.2224281387969485,0.044170955673786962,-0.26659909447073549,322.5
14:45:20151222,2015-12-22,2015,14:45,2011_2020,883,30,30,0,0,-0.21640943209881833,0.038324213427673816,-0.25473364552649214,326.5
14:30:20151229,2015-12-29,2015,14:30,2011_2020,873,30,30,0,0,-0.2886373422201049,0.022742204619705827,-0.31137954683981073,425.5
14:45:20151229,2015-12-29,2015,14:45,2011_2020,872,30,30,0,0,-0.2874312557317143,0.014182767241985906,-0.30161402297370021,398
14:30:20160106,2016-01-06,2016,14:30,2011_2020,622,30,30,2,0.066666666666666666,-0.20474323981236092,0.005724978687701587,-0.2104682185000625,267
14:45:20160106,2016-01-06,2016,14:45,2011_2020,621,30,30,2,0.066666666666666666,-0.19870519263628639,0.010439782301298236,-0.20914497493758463,267
14:30:20160113,2016-01-13,2016,14:30,2011_2020,869,30,30,0,0,-0.013581272073738571,0.37883378706915766,-0.39241505914289621,501.5
14:45:20160113,2016-01-13,2016,14:45,2011_2020,869,30,30,0,0,0.00013982063555511754,0.39264187282354063,-0.39250205218798551,452
14:30:20160120,2016-01-20,2016,14:30,2011_2020,883,30,30,0,0,-0.012139964966947147,0.30074558813897456,-0.3128855531059217,525
14:45:20160120,2016-01-20,2016,14:45,2011_2020,880,30,30,0,0,-0.0092263024710255229,0.29942745299348766,-0.30865375546451318,515.5
14:30:20160127,2016-01-27,2016,14:30,2011_2020,867,30,30,1,0.033333333333333333,0.075730560196239111,0.3775420182264797,-0.30181145803024056,382
14:45:20160127,2016-01-27,2016,14:45,2011_2020,865,30,30,1,0.033333333333333333,0.06699548721569594,0.39258718976809343,-0.3255917025523975,476.5
14:30:20160203,2016-02-03,2016,14:30,2011_2020,636,30,30,3,0.10000000000000001,0.088099779906503847,0.25286272346847005,-0.16476294356196619,173.5
14:45:20160203,2016-02-03,2016,14:45,2011_2020,634,30,30,2,0.066666666666666666,0.064915015287980951,0.24370381418809792,-0.17878879890011695,218
14:30:20160217,2016-02-17,2016,14:30,2011_2020,868,30,30,1,0.033333333333333333,-0.0095869091478192302,0.19946681790715798,-0.20905372705497721,295
14:45:20160217,2016-02-17,2016,14:45,2011_2020,864,30,30,1,0.033333333333333333,-0.028279685383925869,0.18888109750297499,-0.21716078288690085,351
14:30:20160224,2016-02-24,2016,14:30,2011_2020,882,30,30,0,0,0.023796935537406343,0.22904427158145851,-0.20524733604405218,439.5
14:45:20160224,2016-02-24,2016,14:45,2011_2020,879,30,30,0,0,0.02400471055979812,0.23050307950326665,-0.20649836894346854,441.5
14:30:20160302,2016-03-02,2016,14:30,2011_2020,847,30,30,0,0,0.060180760556193494,0.37010224093509858,-0.3099214803789051,569
14:45:20160302,2016-03-02,2016,14:45,2011_2020,843,30,30,0,0,0.066454214946743403,0.37537951032539957,-0.30892529537865615,439
14:30:20160309,2016-03-09,2016,14:30,2011_2020,642,30,30,1,0.033333333333333333,0.078873093340238551,0.45485224295005811,-0.37597914960981954,506
14:45:20160309,2016-03-09,2016,14:45,2011_2020,642,30,30,1,0.033333333333333333,0.082706726228493802,0.45267247500834018,-0.36996574877984639,494
14:30:20160316,2016-03-16,2016,14:30,2011_2020,871,30,30,2,0.066666666666666666,0.14009391433147539,0.44806040640693368,-0.30796649207545829,449
14:45:20160316,2016-03-16,2016,14:45,2011_2020,871,30,30,2,0.066666666666666666,0.14572354605580842,0.45635008010016431,-0.31062653404435592,479.5
14:30:20160323,2016-03-23,2016,14:30,2011_2020,883,30,30,0,0,-0.026117887340614723,0.26961016694708639,-0.2957280542877011,576.5
14:45:20160323,2016-03-23,2016,14:45,2011_2020,882,30,30,0,0,-0.037798263190059599,0.2465422134886574,-0.28434047667871698,620
14:30:20160330,2016-03-30,2016,14:30,2011_2020,868,30,30,0,0,-0.031072874996835011,0.22668563361116245,-0.25775850860799748,543.5
14:45:20160330,2016-03-30,2016,14:45,2011_2020,865,30,30,0,0,-0.033974241794962314,0.22468794609628398,-0.25866218789124629,558.5
14:30:20160407,2016-04-07,2016,14:30,2011_2020,645,30,30,1,0.033333333333333333,-0.058882566746698603,0.22517958068534197,-0.28406214743204056,474.5
14:45:20160407,2016-04-07,2016,14:45,2011_2020,645,30,30,1,0.033333333333333333,-0.071405124852200116,0.20555296747387922,-0.27695809232607932,495
14:30:20160414,2016-04-14,2016,14:30,2011_2020,885,30,30,1,0.033333333333333333,-0.12044290667810253,0.15308201846618663,-0.27352492514428917,472
14:45:20160414,2016-04-14,2016,14:45,2011_2020,884,30,30,0,0,-0.13086332695275479,0.14708328843944157,-0.27794661539219634,442
14:30:20160421,2016-04-21,2016,14:30,2011_2020,899,30,30,0,0,-0.085522732768779655,0.2203270612960147,-0.30584979406479434,546
14:45:20160421,2016-04-21,2016,14:45,2011_2020,899,30,30,0,0,-0.067804012348167644,0.24008305485555978,-0.30788706720372744,502
14:30:20160428,2016-04-28,2016,14:30,2011_2020,891,30,30,1,0.033333333333333333,-0.041303088734515499,0.25006606759482847,-0.29136915632934396,444
14:45:20160428,2016-04-28,2016,14:45,2011_2020,890,30,30,1,0.033333333333333333,-0.06156695218404673,0.24080454248986888,-0.30237149467391561,533
14:30:20160506,2016-05-06,2016,14:30,2011_2020,657,30,30,0,0,-0.010107258687079176,0.22246797529546886,-0.23257523398254804,306.5
14:45:20160506,2016-05-06,2016,14:45,2011_2020,657,30,30,0,0,-0.0014052973951867479,0.24547750841464058,-0.24688280580982733,335.5
14:30:20160513,2016-05-13,2016,14:30,2011_2020,892,30,30,0,0,-0.00042906796391980475,0.29383728068778775,-0.29426634865170753,536
14:45:20160513,2016-05-13,2016,14:45,2011_2020,892,30,30,0,0,0.0062100376022481384,0.3033555632217857,-0.29714552561953755,489.5
14:30:20160520,2016-05-20,2016,14:30,2011_2020,910,30,30,0,0,0.035258505383209654,0.42813798085936922,-0.39287947547615953,553.5
14:45:20160520,2016-05-20,2016,14:45,2011_2020,907,30,30,0,0,0.022717878269971785,0.40245008733902815,-0.37973220906905636,600
14:30:20160527,2016-05-27,2016,14:30,2011_2020,918,30,30,1,0.033333333333333333,0.06268019327306569,0.41850995353447523,-0.35582976026140956,534
14:45:20160527,2016-05-27,2016,14:45,2011_2020,918,30,30,1,0.033333333333333333,0.085516183605704135,0.41418967559481862,-0.3286734919891145,429.5
14:30:20160603,2016-06-03,2016,14:30,2011_2020,927,30,30,0,0,0.022587945978301917,0.3498303598954966,-0.32724241391719466,679.5
14:45:20160603,2016-06-03,2016,14:45,2011_2020,928,30,30,0,0,0.024483983114232822,0.33759054064506688,-0.31310655753083405,636.5
14:30:20160614,2016-06-14,2016,14:30,2011_2020,915,30,30,1,0.033333333333333333,0.13811443002006266,0.41246330467437387,-0.27434887465431124,393.5
14:45:20160614,2016-06-14,2016,14:45,2011_2020,912,30,30,1,0.033333333333333333,0.13584901711765079,0.40718664961645856,-0.27133763249880777,406
14:30:20160621,2016-06-21,2016,14:30,2011_2020,919,30,30,2,0.066666666666666666,0.090973162037449415,0.31031073020132283,-0.2193375681638734,350
14:45:20160621,2016-06-21,2016,14:45,2011_2020,917,30,30,1,0.033333333333333333,0.089304402530363564,0.32465491889758008,-0.23535051636721652,384.5
14:30:20160628,2016-06-28,2016,14:30,2011_2020,941,30,30,0,0,0.057171917824306188,0.27849487070676737,-0.22132295288246118,497
14:45:20160628,2016-06-28,2016,14:45,2011_2020,941,30,30,0,0,0.060981902611774809,0.28360193502782355,-0.22262003241604875,472.5
14:30:20160705,2016-07-05,2016,14:30,2011_2020,957,30,30,0,0,-0.035262387174193985,0.20220909135486081,-0.23747147852905481,489
14:45:20160705,2016-07-05,2016,14:45,2011_2020,958,30,30,0,0,-0.035149906214851083,0.20341232768164733,-0.23856223389649842,525.5
14:30:20160712,2016-07-12,2016,14:30,2011_2020,955,30,30,1,0.033333333333333333,-0.032045883732256315,0.23331365401747259,-0.26535953774972892,657.5
14:45:20160712,2016-07-12,2016,14:45,2011_2020,954,30,30,2,0.066666666666666666,-0.02298014073285801,0.23235494247646446,-0.25533508320932247,597
14:30:20160719,2016-07-19,2016,14:30,2011_2020,981,30,30,0,0,-0.011754999151669616,0.25786350992707674,-0.26961850907874635,628
14:45:20160719,2016-07-19,2016,14:45,2011_2020,981,30,30,0,0,-0.017459018496800014,0.25527183951747323,-0.27273085801427327,633
14:30:20160726,2016-07-26,2016,14:30,2011_2020,1003,30,30,1,0.033333333333333333,-0.01924012152294113,0.2230756553816545,-0.24231577690459563,659
14:45:20160726,2016-07-26,2016,14:45,2011_2020,1003,30,30,1,0.033333333333333333,-0.030083505869493141,0.21494300801291968,-0.24502651388241281,658.5
14:30:20160802,2016-08-02,2016,14:30,2011_2020,1018,30,30,1,0.033333333333333333,0.060761071230055815,0.2889099690744153,-0.22814889784435949,577.5
14:45:20160802,2016-08-02,2016,14:45,2011_2020,1018,30,30,0,0,0.051881643218406555,0.28905070596504923,-0.23716906274664268,541
14:30:20160809,2016-08-09,2016,14:30,2011_2020,1010,30,30,1,0.033333333333333333,0.039770642613526253,0.27558695988224152,-0.23581631726871527,460.5
14:45:20160809,2016-08-09,2016,14:45,2011_2020,1009,30,30,1,0.033333333333333333,0.041748476953360612,0.28338728886690756,-0.24163881191354694,411.5
14:30:20160816,2016-08-16,2016,14:30,2011_2020,1024,30,30,2,0.066666666666666666,0.013267379946851898,0.21480364512627992,-0.20153626517942802,365
14:45:20160816,2016-08-16,2016,14:45,2011_2020,1023,30,30,1,0.033333333333333333,0.0062377961783434801,0.21389704063520598,-0.20765924445686251,379
14:30:20160823,2016-08-23,2016,14:30,2011_2020,1053,30,30,2,0.066666666666666666,0.033373783325208545,0.27155729595064076,-0.23818351262543222,411.5
14:45:20160823,2016-08-23,2016,14:45,2011_2020,1053,30,30,2,0.066666666666666666,0.038293845566927748,0.27967000303196227,-0.24137615746503452,444
14:30:20160830,2016-08-30,2016,14:30,2011_2020,1073,30,30,2,0.066666666666666666,-0.012976259625621,0.22224892201112706,-0.23522518163674805,472
14:45:20160830,2016-08-30,2016,14:45,2011_2020,1073,30,30,2,0.066666666666666666,-0.011316462030311676,0.22010549210792976,-0.23142195413824143,460
14:30:20160906,2016-09-06,2016,14:30,2011_2020,1078,30,30,1,0.033333333333333333,0.015455490055077974,0.2448907633298725,-0.22943527327479452,464.5
14:45:20160906,2016-09-06,2016,14:45,2011_2020,1078,30,30,2,0.066666666666666666,0.014186308668837395,0.24203151138346132,-0.22784520271462394,473
14:30:20160913,2016-09-13,2016,14:30,2011_2020,1101,30,30,1,0.033333333333333333,0.046229903399659461,0.26900034318478755,-0.22277043978512809,551.5
14:45:20160913,2016-09-13,2016,14:45,2011_2020,1102,30,30,1,0.033333333333333333,0.052155608329921291,0.26330390594753578,-0.2111482976176145,480.5
14:30:20160922,2016-09-22,2016,14:30,2011_2020,1120,30,30,0,0,0.035783487050972292,0.31473873777346245,-0.27895525072249017,559
14:45:20160922,2016-09-22,2016,14:45,2011_2020,1120,30,30,0,0,0.036554080366792377,0.31611938418997992,-0.27956530382318756,518.5
14:30:20160929,2016-09-29,2016,14:30,2011_2020,1137,30,30,0,0,0.050679835659320702,0.35373623882283567,-0.30305640316351495,409.5
14:45:20160929,2016-09-29,2016,14:45,2011_2020,1136,30,30,0,0,0.051867282986907799,0.35269888779046199,-0.3008316048035542,397
14:30:20161013,2016-10-13,2016,14:30,2011_2020,1160,30,30,0,0,0.0050893093856136497,0.28216659082111062,-0.27707728143549698,721
14:45:20161013,2016-10-13,2016,14:45,2011_2020,1159,30,30,0,0,0.0069735935220182621,0.28072823428225047,-0.2737546407602322,782.5
14:30:20161020,2016-10-20,2016,14:30,2011_2020,1161,30,30,0,0,0.017053268284486722,0.33803466721553765,-0.32098139893105093,769.5
14:45:20161020,2016-10-20,2016,14:45,2011_2020,1160,30,30,0,0,0.011034245995822031,0.33626750690915119,-0.32523326091332916,831.5
14:30:20161027,2016-10-27,2016,14:30,2011_2020,1176,30,30,1,0.033333333333333333,0.017556183255949362,0.27859111087898919,-0.26103492762303981,797.5
14:45:20161027,2016-10-27,2016,14:45,2011_2020,1176,30,30,1,0.033333333333333333,0.016316621254130408,0.27439052352630167,-0.25807390227217125,769.5
14:30:20161103,2016-11-03,2016,14:30,2011_2020,1210,30,30,1,0.033333333333333333,0.0037489833324886312,0.28669292870982582,-0.28294394537733719,763
14:45:20161103,2016-11-03,2016,14:45,2011_2020,1210,30,30,0,0,-0.0040382180393765659,0.28722329161544097,-0.29126150965481751,794.5
14:30:20161110,2016-11-10,2016,14:30,2011_2020,1214,30,30,0,0,-0.021180592242435032,0.22279960991228337,-0.24398020215471841,601.5
14:45:20161110,2016-11-10,2016,14:45,2011_2020,1214,30,30,0,0,-0.02198154668276027,0.21860471325686634,-0.24058625993962662,575.5
14:30:20161117,2016-11-17,2016,14:30,2011_2020,1224,30,30,0,0,-0.12493796560196517,0.23293184183528257,-0.35786980743724772,959
14:45:20161117,2016-11-17,2016,14:45,2011_2020,1224,30,30,0,0,-0.12381629026766186,0.23716905862547669,-0.36098534889313855,996
14:30:20161124,2016-11-24,2016,14:30,2011_2020,1229,30,30,0,0,-0.073952539140948875,0.22476591229848739,-0.29871845143943626,730
14:45:20161124,2016-11-24,2016,14:45,2011_2020,1229,30,30,0,0,-0.076523870458636872,0.21795093337296909,-0.29447480383160596,833.5
14:30:20161201,2016-12-01,2016,14:30,2011_2020,1265,30,30,0,0,-0.074700055364454815,0.22127691520453763,-0.29597697056899241,783.5
14:45:20161201,2016-12-01,2016,14:45,2011_2020,1265,30,30,0,0,-0.074403687720372647,0.215684315023385,-0.29008800274375768,793.5
14:30:20161208,2016-12-08,2016,14:30,2011_2020,1254,30,30,0,0,-0.065713469639369609,0.26789267295766733,-0.33360614259703691,941
14:45:20161208,2016-12-08,2016,14:45,2011_2020,1254,30,30,0,0,-0.064871667516269119,0.26662181174417982,-0.33149347926044892,908
14:30:20161215,2016-12-15,2016,14:30,2011_2020,1250,30,30,0,0,-0.017197678398599047,0.26105076006534744,-0.27824843846394648,696
14:45:20161215,2016-12-15,2016,14:45,2011_2020,1248,30,30,0,0,-0.015707514977810495,0.25547575640301445,-0.27118327138082493,706
14:30:20161222,2016-12-22,2016,14:30,2011_2020,1260,30,30,0,0,-0.072539016967998568,0.2422372776549136,-0.31477629462291218,883.5
14:45:20161222,2016-12-22,2016,14:45,2011_2020,1260,30,30,0,0,-0.074922939596781341,0.24880037743633979,-0.32372331703312113,883
14:30:20161229,2016-12-29,2016,14:30,2011_2020,1298,30,30,1,0.033333333333333333,-0.050088686698225228,0.27296715560506968,-0.32305584230329493,769
14:45:20161229,2016-12-29,2016,14:45,2011_2020,1298,30,30,1,0.033333333333333333,-0.051015394393338485,0.27490680645188059,-0.32592220084521906,903
14:30:20170106,2017-01-06,2017,14:30,2011_2020,1305,30,30,0,0,-0.027103315121619932,0.28344795891365815,-0.3105512740352781,676
14:45:20170106,2017-01-06,2017,14:45,2011_2020,1305,30,30,0,0,-0.025019069533670647,0.28331349732903555,-0.30833256686270621,599.5
14:30:20170113,2017-01-13,2017,14:30,2011_2020,1311,30,30,1,0.033333333333333333,0.010343881952563786,0.26787923694988058,-0.25753535499731678,693
14:45:20170113,2017-01-13,2017,14:45,2011_2020,1311,30,30,1,0.033333333333333333,0.016198407068231845,0.27175619336090545,-0.25555778629267362,620.5
14:30:20170120,2017-01-20,2017,14:30,2011_2020,1307,30,30,0,0,0.064801029213020694,0.25166527568738417,-0.18686424647436348,552
14:45:20170120,2017-01-20,2017,14:45,2011_2020,1306,30,30,0,0,0.06215888239815541,0.24969027316296782,-0.1875313907648124,522.5
14:30:20170203,2017-02-03,2017,14:30,2011_2020,1355,30,30,3,0.10000000000000001,0.074526614184665968,0.23369800649018041,-0.15917139230551444,470.5
14:45:20170203,2017-02-03,2017,14:45,2011_2020,1355,30,30,2,0.066666666666666666,0.070770360884699957,0.23090422558682991,-0.16013386470212995,454.5
14:30:20170210,2017-02-10,2017,14:30,2011_2020,1338,30,30,0,0,0.021504038539576571,0.21432959240095473,-0.19282555386137815,608.5
14:45:20170210,2017-02-10,2017,14:45,2011_2020,1338,30,30,1,0.033333333333333333,0.029239895062471061,0.22247114513603006,-0.19323125007355899,619
14:30:20170217,2017-02-17,2017,14:30,2011_2020,1346,30,30,1,0.033333333333333333,0.073140464489959423,0.29482411301256461,-0.22168364852260519,291
14:45:20170217,2017-02-17,2017,14:45,2011_2020,1346,30,30,1,0.033333333333333333,0.07584719043860394,0.29405361422694354,-0.2182064237883396,281.5
14:30:20170224,2017-02-24,2017,14:30,2011_2020,1358,30,30,0,0,0.015477320541368474,0.24776915971747224,-0.23229183917610377,712
14:45:20170224,2017-02-24,2017,14:45,2011_2020,1357,30,30,0,0,0.010202785908991374,0.24739721882595944,-0.23719443291696807,838.5
14:30:20170303,2017-03-03,2017,14:30,2011_2020,1404,30,30,0,0,-0.032881438494944473,0.24823977839966377,-0.28112121689460823,833
14:45:20170303,2017-03-03,2017,14:45,2011_2020,1405,30,30,0,0,-0.034152225025422416,0.25771025401181086,-0.29186247903723328,875.5
14:30:20170310,2017-03-10,2017,14:30,2011_2020,1389,30,30,0,0,-0.041955125847388551,0.50235126290729126,-0.54430638875467985,996.5
14:45:20170310,2017-03-10,2017,14:45,2011_2020,1389,30,30,1,0.033333333333333333,-0.0068842725077868702,0.50418964396985266,-0.51107391647763956,936.5
14:30:20170317,2017-03-17,2017,14:30,2011_2020,1396,30,30,0,0,-0.098416458394091397,0.44943000566433255,-0.54784646405842397,1010
14:45:20170317,2017-03-17,2017,14:45,2011_2020,1395,30,30,0,0,-0.10704047026574771,0.43730295355126159,-0.54434342381700929,1084.5
14:30:20170324,2017-03-24,2017,14:30,2011_2020,1405,30,30,0,0,-0.0987665754827209,0.29593559961877264,-0.39470217510149352,715.5
14:45:20170324,2017-03-24,2017,14:45,2011_2020,1406,30,30,1,0.033333333333333333,-0.083413524110641971,0.2971489597876843,-0.38056248389832625,724.5
14:30:20170331,2017-03-31,2017,14:30,2011_2020,1434,30,30,1,0.033333333333333333,-0.062045648822373532,0.53503553134377024,-0.59708118016614375,929
14:45:20170331,2017-03-31,2017,14:45,2011_2020,1434,30,30,1,0.033333333333333333,-0.063868120518239022,0.52880242758163709,-0.59267054809987607,965.5
14:30:20170411,2017-04-11,2017,14:30,2011_2020,1403,30,30,2,0.066666666666666666,-0.12121308942644743,0.19618805926916869,-0.31740114869561609,741
14:45:20170411,2017-04-11,2017,14:45,2011_2020,1404,30,30,1,0.033333333333333333,-0.1312513301344716,0.18755813793505297,-0.31880946806952459,741
14:30:20170418,2017-04-18,2017,14:30,2011_2020,1420,30,30,0,0,-0.061468811935978605,0.23318002731466167,-0.29464883925064028,551.5
14:45:20170418,2017-04-18,2017,14:45,2011_2020,1421,30,30,1,0.033333333333333333,-0.053355170727984055,0.24424974570532992,-0.29760491643331399,581
14:30:20170425,2017-04-25,2017,14:30,2011_2020,1433,30,30,0,0,-0.069014162144732979,0.26096495536475361,-0.32997911750948661,716
14:45:20170425,2017-04-25,2017,14:45,2011_2020,1431,30,30,0,0,-0.071873543817420782,0.25551801245725247,-0.32739155627467326,759
14:30:20170503,2017-05-03,2017,14:30,2011_2020,1477,30,30,0,0,-0.1022265737896477,0.20202795364802742,-0.30425452743767512,937
14:45:20170503,2017-05-03,2017,14:45,2011_2020,1475,30,30,0,0,-0.099529922905204821,0.19815356343267265,-0.29768348633787745,941
14:30:20170510,2017-05-10,2017,14:30,2011_2020,1457,30,30,0,0,-0.0055463831113085503,0.27749292499812378,-0.28303930810943234,630.5
14:45:20170510,2017-05-10,2017,14:45,2011_2020,1458,30,30,0,0,-0.0048268053343118308,0.27794027713428782,-0.28276708246859966,645.5
14:30:20170517,2017-05-17,2017,14:30,2011_2020,1453,30,30,2,0.066666666666666666,-0.0062655330240357406,0.18401602198738123,-0.19028155501141697,838.5
14:45:20170517,2017-05-17,2017,14:45,2011_2020,1451,30,30,2,0.066666666666666666,-0.0056287985289342124,0.1827565610769333,-0.18838535960586753,849
14:30:20170524,2017-05-24,2017,14:30,2011_2020,1462,30,30,1,0.033333333333333333,0.012175097340276223,0.25415341407654418,-0.24197831673626796,889.5
14:45:20170524,2017-05-24,2017,14:45,2011_2020,1462,30,30,1,0.033333333333333333,0.013942523099154688,0.26188832497657527,-0.24794580187742057,939
14:30:20170602,2017-06-02,2017,14:30,2011_2020,1499,30,30,1,0.033333333333333333,0.056047482320706402,0.31841497119775025,-0.26236748887704386,805.5
14:45:20170602,2017-06-02,2017,14:45,2011_2020,1499,30,30,1,0.033333333333333333,0.064113543837046663,0.32078866405592898,-0.25667512021888234,915.5
14:30:20170609,2017-06-09,2017,14:30,2011_2020,1492,30,30,2,0.066666666666666666,0.044958540443519393,0.32878135287721194,-0.28382281243369256,869
14:45:20170609,2017-06-09,2017,14:45,2011_2020,1493,30,30,1,0.033333333333333333,0.032352770780728173,0.32023742595912758,-0.2878846551783994,879
14:30:20170616,2017-06-16,2017,14:30,2011_2020,1483,30,30,1,0.033333333333333333,-0.035123346170845018,0.27065712380834578,-0.30578046997919078,1110
14:45:20170616,2017-06-16,2017,14:45,2011_2020,1483,30,30,1,0.033333333333333333,-0.015892169176288228,0.27636928874526778,-0.292261457921556,1037.5
14:30:20170623,2017-06-23,2017,14:30,2011_2020,1482,30,30,0,0,-0.061528936971217404,0.42943655084561139,-0.49096548781682881,1146
14:45:20170623,2017-06-23,2017,14:45,2011_2020,1482,30,30,0,0,-0.066609599194702815,0.42115440052732228,-0.48776399972202511,1156.5
14:30:20170630,2017-06-30,2017,14:30,2011_2020,1518,30,30,0,0,-0.036522860211509557,0.41858603350792156,-0.45510889371943114,1060
14:45:20170630,2017-06-30,2017,14:45,2011_2020,1517,30,30,0,0,-0.040252164045656014,0.41380403563681739,-0.4540561996824734,1082
14:30:20170707,2017-07-07,2017,14:30,2011_2020,1515,30,30,0,0,-0.058546985876853613,0.35053369416950803,-0.40908068004636167,957.5
14:45:20170707,2017-07-07,2017,14:45,2011_2020,1513,30,30,1,0.033333333333333333,-0.048744801854600929,0.33699787624349692,-0.38574267809809787,1066
14:30:20170714,2017-07-14,2017,14:30,2011_2020,1526,30,30,1,0.033333333333333333,-0.0074980358121255032,0.33623959060353648,-0.34373762641566197,813.5
14:45:20170714,2017-07-14,2017,14:45,2011_2020,1525,30,30,2,0.066666666666666666,0.00083140083812224266,0.33655282150658328,-0.33572142066846106,594.5
14:30:20170721,2017-07-21,2017,14:30,2011_2020,1515,30,30,2,0.066666666666666666,0.076430351908919503,0.33517204130429218,-0.25874168939537268,358
14:45:20170721,2017-07-21,2017,14:45,2011_2020,1516,30,30,2,0.066666666666666666,0.073329039949255576,0.33214468778766887,-0.25881564783841327,479.5
14:30:20170728,2017-07-28,2017,14:30,2011_2020,1549,30,30,1,0.033333333333333333,0.047484372508871962,0.24991341324335595,-0.20242904073448398,390
14:45:20170728,2017-07-28,2017,14:45,2011_2020,1553,30,30,0,0,0.044141715824267153,0.25066831296865999,-0.20652659714439284,405
14:30:20170804,2017-08-04,2017,14:30,2011_2020,1564,30,30,0,0,0.071101771961983543,0.31879793776151805,-0.24769616579953452,356
14:45:20170804,2017-08-04,2017,14:45,2011_2020,1564,30,30,1,0.033333333333333333,0.079722567760997023,0.32081740371206025,-0.24109483595106324,352.5
14:30:20170811,2017-08-11,2017,14:30,2011_2020,1553,30,30,1,0.033333333333333333,0.092746878766729671,0.35778960760502987,-0.26504272883830021,338
14:45:20170811,2017-08-11,2017,14:45,2011_2020,1553,30,30,1,0.033333333333333333,0.097926644428331766,0.36022710253919649,-0.26230045811086472,336.5
14:30:20170818,2017-08-18,2017,14:30,2011_2020,1558,30,30,0,0,0.038905255453254697,0.34393968684185716,-0.30503443138860248,637
14:45:20170818,2017-08-18,2017,14:45,2011_2020,1558,30,30,0,0,0.03984270818208669,0.34132922186382136,-0.30148651368173468,667
14:30:20170825,2017-08-25,2017,14:30,2011_2020,1590,30,30,0,0,0.027687254571676249,0.33742449673263647,-0.30973724216096021,957.5
14:45:20170825,2017-08-25,2017,14:45,2011_2020,1590,30,30,0,0,0.031616908010367893,0.33453163265767999,-0.30291472464731212,749
14:30:20170901,2017-09-01,2017,14:30,2011_2020,1596,30,30,1,0.033333333333333333,0.017151197205429292,0.32361376120572954,-0.30646256400030025,644
14:45:20170901,2017-09-01,2017,14:45,2011_2020,1596,30,30,1,0.033333333333333333,0.013509933301173168,0.32239947173553868,-0.30888953843436551,611
14:30:20170908,2017-09-08,2017,14:30,2011_2020,1585,30,30,2,0.066666666666666666,0.05478401778333844,0.28021051142570913,-0.22542649364237069,447
14:45:20170908,2017-09-08,2017,14:45,2011_2020,1584,30,30,3,0.10000000000000001,0.04577574890485963,0.27909732857961639,-0.23332157967475675,523
14:30:20170915,2017-09-15,2017,14:30,2011_2020,1588,30,30,0,0,-0.0056456076028035852,0.24296089753391245,-0.24860650513671603,777
14:45:20170915,2017-09-15,2017,14:45,2011_2020,1588,30,30,0,0,0.0028937651654161881,0.24225375386872547,-0.23935998870330927,757.5
14:30:20170922,2017-09-22,2017,14:30,2011_2020,1609,30,30,0,0,0.01512220432793457,0.2509152546792312,-0.23579305035129663,602
14:45:20170922,2017-09-22,2017,14:45,2011_2020,1608,30,30,0,0,0.017953146386292886,0.24603596042205197,-0.22808281403575908,580.5
14:30:20170929,2017-09-29,2017,14:30,2011_2020,1618,30,30,1,0.033333333333333333,-0.041689163398509546,0.23419971692626121,-0.27588888032477077,672
14:45:20170929,2017-09-29,2017,14:45,2011_2020,1618,30,30,1,0.033333333333333333,-0.037519257942429891,0.23742312884964517,-0.27494238679207506,650
14:30:20171013,2017-10-13,2017,14:30,2011_2020,1623,30,30,0,0,-0.028889105100311188,0.26246223848899114,-0.29135134358930231,909.5
14:45:20171013,2017-10-13,2017,14:45,2011_2020,1622,30,30,0,0,-0.039883736164400517,0.26585901470786705,-0.30574275087226754,874
14:30:20171020,2017-10-20,2017,14:30,2011_2020,1623,30,30,0,0,-0.057709131762313154,0.28836028834434885,-0.34606942010666197,906.5
14:45:20171020,2017-10-20,2017,14:45,2011_2020,1623,30,30,0,0,-0.065626499223644899,0.27253218463115647,-0.33815868385480136,888.5
14:30:20171027,2017-10-27,2017,14:30,2011_2020,1642,30,30,1,0.033333333333333333,-0.079425321802919946,0.23091983975200053,-0.31034516155492048,910
14:45:20171027,2017-10-27,2017,14:45,2011_2020,1642,30,30,1,0.033333333333333333,-0.085272711163604784,0.22769188835596002,-0.31296459951956479,956
14:30:20171103,2017-11-03,2017,14:30,2011_2020,1646,30,30,0,0,-0.02729771047398118,0.28414851171295852,-0.31144622218693968,910
14:45:20171103,2017-11-03,2017,14:45,2011_2020,1646,30,30,0,0,-0.039600064160529129,0.27634015022226166,-0.3159402143827908,942
14:30:20171110,2017-11-10,2017,14:30,2011_2020,1625,30,30,0,0,-0.080034956730779136,0.17657079195964326,-0.25660574869042241,927.5
14:45:20171110,2017-11-10,2017,14:45,2011_2020,1623,30,30,0,0,-0.078157365795459649,0.17708604304959383,-0.25524340884505348,832
14:30:20171117,2017-11-17,2017,14:30,2011_2020,1631,30,30,1,0.033333333333333333,-0.020655753715825745,0.20595253828576202,-0.22660829200158777,753.5
14:45:20171117,2017-11-17,2017,14:45,2011_2020,1631,30,30,0,0,-0.03203295846502776,0.22337932348067779,-0.25541228194570553,991
14:30:20171124,2017-11-24,2017,14:30,2011_2020,1649,30,30,0,0,-0.010457194503052087,0.21769162571056874,-0.22814882021362082,736
14:45:20171124,2017-11-24,2017,14:45,2011_2020,1648,30,30,0,0,-0.006754404412799505,0.21746674340516209,-0.2242211478179616,761.5
14:30:20171201,2017-12-01,2017,14:30,2011_2020,1664,30,30,1,0.033333333333333333,-0.012066079787596292,0.22027911063299593,-0.23234519042059223,668.5
14:45:20171201,2017-12-01,2017,14:45,2011_2020,1663,30,30,1,0.033333333333333333,-0.013048520209171514,0.21780650369852525,-0.23085502390769677,587
14:30:20171208,2017-12-08,2017,14:30,2011_2020,1648,30,30,1,0.033333333333333333,0.018762474806292773,0.2757741225598323,-0.25701164775353952,913
14:45:20171208,2017-12-08,2017,14:45,2011_2020,1648,30,30,1,0.033333333333333333,0.017629577286476808,0.27531510936413212,-0.25768553207765532,964.5
14:30:20171215,2017-12-15,2017,14:30,2011_2020,1650,30,30,0,0,-0.023786934395072103,0.30580256689848234,-0.32958950129355447,959
14:45:20171215,2017-12-15,2017,14:45,2011_2020,1648,30,30,0,0,-0.029831444837103236,0.2907548009351662,-0.32058624577226946,957.5
14:30:20171222,2017-12-22,2017,14:30,2011_2020,1663,30,30,1,0.033333333333333333,0.011600273220129886,0.29980596894867495,-0.28820569572854504,1140.5
14:45:20171222,2017-12-22,2017,14:45,2011_2020,1662,30,30,1,0.033333333333333333,0.01825693563171038,0.30043234945306041,-0.28217541382135003,986
14:30:20171229,2017-12-29,2017,14:30,2011_2020,1675,30,30,0,0,-0.0080861231113176779,0.34413462181361804,-0.35222074492493571,857.5
14:45:20171229,2017-12-29,2017,14:45,2011_2020,1675,30,30,2,0.066666666666666666,-0.0028408983970610868,0.33925183236515366,-0.34209273076221475,1076
14:30:20180108,2018-01-08,2018,14:30,2011_2020,1646,30,30,0,0,-0.13562014303464345,0.26000363722038933,-0.39562378025503275,1016.5
14:45:20180108,2018-01-08,2018,14:45,2011_2020,1646,30,30,0,0,-0.15413444697717657,0.25600150433458657,-0.41013595131176317,1115.5
14:30:20180115,2018-01-15,2018,14:30,2011_2020,1654,30,30,1,0.033333333333333333,-0.092588022512330934,0.20689240923915417,-0.29948043175148509,781.5
14:45:20180115,2018-01-15,2018,14:45,2011_2020,1654,30,30,1,0.033333333333333333,-0.08578913042465644,0.2077940657861109,-0.29358319621076734,684.5
14:30:20180122,2018-01-22,2018,14:30,2011_2020,1681,30,30,1,0.033333333333333333,-0.074589636059496964,0.2262628199508942,-0.30085245601039118,756.5
14:45:20180122,2018-01-22,2018,14:45,2011_2020,1680,30,30,1,0.033333333333333333,-0.073538970425501574,0.22649355396976895,-0.30003252439527051,737
14:30:20180129,2018-01-29,2018,14:30,2011_2020,1685,30,30,0,0,-0.062863059743518385,0.25259056085603554,-0.31545362059955395,793
14:45:20180129,2018-01-29,2018,14:45,2011_2020,1684,30,30,1,0.033333333333333333,-0.057143698409972153,0.25855164785366253,-0.31569534626363466,798
14:30:20180205,2018-02-05,2018,14:30,2011_2020,1681,30,30,0,0,0.08221780213997891,0.42277410916341829,-0.34055630702343936,443.5
14:45:20180205,2018-02-05,2018,14:45,2011_2020,1681,30,30,0,0,0.08417093507331129,0.42911428666811979,-0.34494335159480849,439.5
14:30:20180212,2018-02-12,2018,14:30,2011_2020,1666,30,30,1,0.033333333333333333,0.11678168077658541,0.46085450156944086,-0.34407282079285545,654.5
14:45:20180212,2018-02-12,2018,14:45,2011_2020,1668,30,30,1,0.033333333333333333,0.11722202838211852,0.46138266786819465,-0.34416063948607611,649.5
14:30:20180226,2018-02-26,2018,14:30,2011_2020,1687,30,30,1,0.033333333333333333,-0.010094258426559984,0.39497733398662294,-0.40507159241318291,868
14:45:20180226,2018-02-26,2018,14:45,2011_2020,1688,30,30,2,0.066666666666666666,0.0083446904699958826,0.40593097037089015,-0.39758627990089429,805.5
14:30:20180305,2018-03-05,2018,14:30,2011_2020,1728,30,30,0,0,0.018850262128405244,0.40799903154021888,-0.38914876941181364,905
14:45:20180305,2018-03-05,2018,14:45,2011_2020,1728,30,30,0,0,0.010366102349082659,0.40279334200646016,-0.39242723965737752,963
14:30:20180312,2018-03-12,2018,14:30,2011_2020,1706,30,30,0,0,-0.046350599306271376,0.26883868066897315,-0.31518927997524454,1073.5
14:45:20180312,2018-03-12,2018,14:45,2011_2020,1705,30,30,0,0,-0.049274892696333436,0.26979926205014326,-0.31907415474647671,1210
14:30:20180319,2018-03-19,2018,14:30,2011_2020,1713,30,30,0,0,-0.063153755498015302,0.29159438347584993,-0.35474813897386526,1097.5
14:45:20180319,2018-03-19,2018,14:45,2011_2020,1712,30,30,0,0,-0.049457905923604009,0.29977683657976378,-0.34923474250336778,1016
14:30:20180326,2018-03-26,2018,14:30,2011_2020,1736,30,30,0,0,0.0091207428714378327,0.3893492192025878,-0.38022847633114998,1024
14:45:20180326,2018-03-26,2018,14:45,2011_2020,1734,30,30,0,0,0.011875359730196293,0.37823168743639091,-0.36635632770619464,953
14:30:20180402,2018-04-02,2018,14:30,2011_2020,1755,30,30,0,0,-0.099917338889989396,0.25170499475624758,-0.35162233364623696,1355.5
14:45:20180402,2018-04-02,2018,14:45,2011_2020,1754,30,30,0,0,-0.1070649652622766,0.2584821869030402,-0.3655471521653168,1454.5
14:30:20180411,2018-04-11,2018,14:30,2011_2020,1749,30,30,0,0,-0.018387759352868453,0.27656165379766623,-0.29494941315053469,984
14:45:20180411,2018-04-11,2018,14:45,2011_2020,1747,30,30,1,0.033333333333333333,-0.0030538252880420781,0.27778521748381002,-0.28083904277185212,885.5
14:30:20180418,2018-04-18,2018,14:30,2011_2020,1740,30,30,1,0.033333333333333333,0.011281528580446443,0.32650690819703726,-0.31522537961659081,987.5
14:45:20180418,2018-04-18,2018,14:45,2011_2020,1740,30,30,0,0,-0.012483299985851359,0.31972460231108762,-0.33220790229693897,988
14:30:20180425,2018-04-25,2018,14:30,2011_2020,1768,30,30,1,0.033333333333333333,0.013193778203449554,0.3238698028026491,-0.31067602459919952,926
14:45:20180425,2018-04-25,2018,14:45,2011_2020,1767,30,30,0,0,0.0046589004922312546,0.3263005564264907,-0.32164165593425942,943
14:30:20180504,2018-05-04,2018,14:30,2011_2020,1792,30,30,2,0.066666666666666666,-0.033680474790206388,0.28408279764165206,-0.31776327243185842,1108
14:45:20180504,2018-05-04,2018,14:45,2011_2020,1792,30,30,2,0.066666666666666666,-0.027000877665777103,0.2862472736583867,-0.31324815132416378,1019
14:30:20180511,2018-05-11,2018,14:30,2011_2020,1774,30,30,0,0,-0.064189602256779305,0.21828366622023723,-0.28247326847701654,1037.5
14:45:20180511,2018-05-11,2018,14:45,2011_2020,1774,30,30,0,0,-0.066554502560829079,0.21519395202847036,-0.28174845458929942,1020
14:30:20180518,2018-05-18,2018,14:30,2011_2020,1766,30,30,0,0,-0.11525667141509874,0.1667262946345196,-0.28198296604961837,901
14:45:20180518,2018-05-18,2018,14:45,2011_2020,1767,30,30,0,0,-0.11846778686291541,0.16579287910681764,-0.28426066596973304,1000
14:30:20180525,2018-05-25,2018,14:30,2011_2020,1791,30,30,0,0,-0.16558819131340444,0.18344236309067022,-0.34903055440407466,903
14:45:20180525,2018-05-25,2018,14:45,2011_2020,1788,30,30,0,0,-0.16781607448865135,0.17776971894283961,-0.34558579343149098,930.5
14:30:20180601,2018-06-01,2018,14:30,2011_2020,1822,30,30,0,0,-0.10441877147105805,0.23391857187195977,-0.33833734334301779,958.5
14:45:20180601,2018-06-01,2018,14:45,2011_2020,1822,30,30,0,0,-0.11536590723437543,0.22634298826874649,-0.34170889550312189,1082
14:30:20180608,2018-06-08,2018,14:30,2011_2020,1812,30,30,0,0,-0.090561956475939148,0.16765331893716651,-0.25821527541310563,628.5
14:45:20180608,2018-06-08,2018,14:45,2011_2020,1812,30,30,1,0.033333333333333333,-0.094057978465721101,0.17087757839176743,-0.26493555685748854,640
14:30:20180615,2018-06-15,2018,14:30,2011_2020,1806,30,30,1,0.033333333333333333,-0.019684783716611681,0.23839084284258499,-0.25807562655919669,516
14:45:20180615,2018-06-15,2018,14:45,2011_2020,1806,30,30,1,0.033333333333333333,-0.010233711469083247,0.23874477798875751,-0.24897848945784076,478
14:30:20180625,2018-06-25,2018,14:30,2011_2020,1833,30,30,1,0.033333333333333333,0.054232574864772183,0.36556841235833598,-0.31133583749356381,903
14:45:20180625,2018-06-25,2018,14:45,2011_2020,1833,30,30,1,0.033333333333333333,0.064159661260280873,0.36978038047354556,-0.30562071921326467,811.5
14:30:20180702,2018-07-02,2018,14:30,2011_2020,1861,30,30,1,0.033333333333333333,0.038814088652650472,0.33561134519074459,-0.29679725653809413,1063
14:45:20180702,2018-07-02,2018,14:45,2011_2020,1861,30,30,1,0.033333333333333333,0.038391671879791991,0.3388776689919194,-0.30048599711212742,1026.5
14:30:20180709,2018-07-09,2018,14:30,2011_2020,1846,30,30,0,0,-0.068591613608864732,0.2925041800245809,-0.36109579363344563,1110.5
14:45:20180709,2018-07-09,2018,14:45,2011_2020,1845,30,30,1,0.033333333333333333,-0.056573867020671048,0.2931984857710902,-0.34977235279176122,1117.5
14:30:20180716,2018-07-16,2018,14:30,2011_2020,1863,30,30,0,0,-0.072421920904247497,0.28566310420552365,-0.35808502510977114,1402
14:45:20180716,2018-07-16,2018,14:45,2011_2020,1863,30,30,0,0,-0.073117885236771707,0.29126278198051903,-0.36438066721729073,1396.5
14:30:20180723,2018-07-23,2018,14:30,2011_2020,1882,30,30,0,0,-0.11188286290017692,0.20914311745459385,-0.32102598035477076,1425
14:45:20180723,2018-07-23,2018,14:45,2011_2020,1881,30,30,0,0,-0.10153045582228799,0.21119709197570685,-0.31272754779799483,1317.5
14:30:20180730,2018-07-30,2018,14:30,2011_2020,1908,30,30,0,0,-0.062488662543857786,0.23962845481458941,-0.30211711735844721,1203
14:45:20180730,2018-07-30,2018,14:45,2011_2020,1908,30,30,0,0,-0.057664975992956849,0.24349556358960184,-0.30116053958255867,1157.5
14:30:20180806,2018-08-06,2018,14:30,2011_2020,1908,30,30,2,0.066666666666666666,-0.0026460658300363074,0.29345293072747658,-0.29609899655751287,1165
14:45:20180806,2018-08-06,2018,14:45,2011_2020,1908,30,30,2,0.066666666666666666,-0.0045205736040028937,0.28868333558714421,-0.29320390919114708,1171
14:30:20180813,2018-08-13,2018,14:30,2011_2020,1899,30,30,1,0.033333333333333333,-0.077755357138715522,0.17355348417521582,-0.25130884131393133,1199.5
14:45:20180813,2018-08-13,2018,14:45,2011_2020,1899,30,30,1,0.033333333333333333,-0.084032639784545921,0.16790538868997637,-0.25193802847452229,1249
14:30:20180820,2018-08-20,2018,14:30,2011_2020,1924,30,30,0,0,-0.033759262727679734,0.2224549946151175,-0.25621425734279724,990.5
14:45:20180820,2018-08-20,2018,14:45,2011_2020,1921,30,30,1,0.033333333333333333,-0.043552831441924816,0.21510720415243939,-0.25866003559436423,1254
14:30:20180827,2018-08-27,2018,14:30,2011_2020,1937,30,30,1,0.033333333333333333,-0.035372001121429596,0.22173259881348867,-0.25710459993491824,1110
14:45:20180827,2018-08-27,2018,14:45,2011_2020,1938,30,30,1,0.033333333333333333,-0.038325792235236557,0.21972422907165687,-0.25805002130689342,1316
14:30:20180903,2018-09-03,2018,14:30,2011_2020,1949,30,30,0,0,-0.033754089160620018,0.23546495791994201,-0.26921904708056205,1139
14:45:20180903,2018-09-03,2018,14:45,2011_2020,1949,30,30,0,0,-0.030352030577699043,0.23213443262550087,-0.2624864632031999,1044
14:30:20180910,2018-09-10,2018,14:30,2011_2020,1945,30,30,1,0.033333333333333333,-0.10495329080332852,0.14788832356044038,-0.2528416143637689,839
14:45:20180910,2018-09-10,2018,14:45,2011_2020,1944,30,30,1,0.033333333333333333,-0.093003535359140119,0.14717469706854028,-0.24017823242768038,780
14:30:20180917,2018-09-17,2018,14:30,2011_2020,1977,30,30,1,0.033333333333333333,-0.065874895976880662,0.23056251768505193,-0.2964374136619326,939.5
14:45:20180917,2018-09-17,2018,14:45,2011_2020,1976,30,30,1,0.033333333333333333,-0.073766920480490175,0.23119251725194087,-0.30495943773243106,915.5
14:30:20180925,2018-09-25,2018,14:30,2011_2020,1981,30,30,1,0.033333333333333333,-0.10709233647187838,0.1862043646064615,-0.29329670107833988,1125.5
14:45:20180925,2018-09-25,2018,14:45,2011_2020,1981,30,30,1,0.033333333333333333,-0.114731006083196,0.18391845192960349,-0.29864945801279952,1142
14:30:20181009,2018-10-09,2018,14:30,2011_2020,1982,30,30,1,0.033333333333333333,-0.011475580380527225,0.27775424270965654,-0.28922982309018375,796
14:45:20181009,2018-10-09,2018,14:45,2011_2020,1982,30,30,1,0.033333333333333333,-0.013699330472501759,0.27746865273101451,-0.29116798320351628,808
14:30:20181016,2018-10-16,2018,14:30,2011_2020,1992,30,30,0,0,0.11564861630219486,0.69473331433048935,-0.57908469802829443,1103.5
14:45:20181016,2018-10-16,2018,14:45,2011_2020,1991,30,30,0,0,0.11705285713475898,0.690880646571567,-0.57382778943680801,1124
14:30:20181023,2018-10-23,2018,14:30,2011_2020,2017,30,30,0,0,0.09712571093438592,0.84991502536522934,-0.7527893144308434,1068.5
14:45:20181023,2018-10-23,2018,14:45,2011_2020,2018,30,30,0,0,0.096108717857086842,0.85000959403615017,-0.75390087617906332,1044.5
14:30:20181030,2018-10-30,2018,14:30,2011_2020,2010,30,30,0,0,0.069631068615178607,0.66637744918078945,-0.5967463805656108,1026
14:45:20181030,2018-10-30,2018,14:45,2011_2020,2010,30,30,0,0,0.070529665212623438,0.67133643820358924,-0.60080677299096585,1010.5
14:30:20181106,2018-11-06,2018,14:30,2011_2020,2015,30,30,0,0,0.043935733480236591,0.41512669678122183,-0.37119096330098522,1196.5
14:45:20181106,2018-11-06,2018,14:45,2011_2020,2015,30,30,0,0,0.054120003200680576,0.40690090113150923,-0.35278089793082867,1089
14:30:20181113,2018-11-13,2018,14:30,2011_2020,2016,30,30,0,0,-0.052873691377250502,0.2313229722902479,-0.28419666366749841,1451
14:45:20181113,2018-11-13,2018,14:45,2011_2020,2022,30,30,0,0,-0.043776901040843946,0.23723839376713329,-0.28101529480797727,1407.5
14:30:20181120,2018-11-20,2018,14:30,2011_2020,2055,30,30,0,0,-0.030717145232921926,0.21551921495375537,-0.2462363601866773,658
14:45:20181120,2018-11-20,2018,14:45,2011_2020,2057,30,30,0,0,-0.029763118977784216,0.21957751987732024,-0.24934063885510446,724
14:30:20181127,2018-11-27,2018,14:30,2011_2020,2066,30,30,1,0.033333333333333333,-0.027595328438796005,0.25310450992471717,-0.2806998383635132,805
14:45:20181127,2018-11-27,2018,14:45,2011_2020,2067,30,30,1,0.033333333333333333,-0.017727518926991693,0.25192114326052051,-0.26964866218751221,588
14:30:20181204,2018-12-04,2018,14:30,2011_2020,2076,30,30,1,0.033333333333333333,-0.10779767108287776,0.28092228821619447,-0.38871995929907222,1667
14:45:20181204,2018-12-04,2018,14:45,2011_2020,2075,30,30,0,0,-0.12086068430331362,0.28278190126322517,-0.40364258556653876,1463
14:30:20181211,2018-12-11,2018,14:30,2011_2020,2089,30,30,0,0,-0.061495673498870099,0.33195705720000124,-0.39345273069887132,1626
14:45:20181211,2018-12-11,2018,14:45,2011_2020,2089,30,30,0,0,-0.073771696719641608,0.32025056992951961,-0.39402226664916123,1725
14:30:20181218,2018-12-18,2018,14:30,2011_2020,2124,30,30,0,0,-0.025203409871256067,0.41167844991582986,-0.43688185978708594,1630.5
14:45:20181218,2018-12-18,2018,14:45,2011_2020,2124,30,30,0,0,-0.036231661018488986,0.41072158437452677,-0.44695324539301573,1730
14:30:20181225,2018-12-25,2018,14:30,2011_2020,2125,30,30,1,0.033333333333333333,0.011121163366010833,0.40868738860829573,-0.39756622524228491,1480.5
14:45:20181225,2018-12-25,2018,14:45,2011_2020,2124,30,30,2,0.066666666666666666,0.023662157776385147,0.40432884177491668,-0.38066668399853154,1665.5
14:30:20190103,2019-01-03,2019,14:30,2011_2020,2148,30,30,0,0,0.017702281681302931,0.36161748616757522,-0.34391520448627227,573.5
14:45:20190103,2019-01-03,2019,14:45,2011_2020,2147,30,30,1,0.033333333333333333,0.030610712406073888,0.36189280947717456,-0.33128209707110068,377.5
14:30:20190110,2019-01-10,2019,14:30,2011_2020,2165,30,30,2,0.066666666666666666,0.077856846154320175,0.3920791797349652,-0.314222333580645,754
14:45:20190110,2019-01-10,2019,14:45,2011_2020,2165,30,30,1,0.033333333333333333,0.077516017347913399,0.39028313122227326,-0.31276711387435985,842.5
14:30:20190117,2019-01-17,2019,14:30,2011_2020,2175,30,30,0,0,0.13238893945011673,0.63249126585725846,-0.5001023264071417,548
14:45:20190117,2019-01-17,2019,14:45,2011_2020,2175,30,30,0,0,0.133108998277673,0.62701655114787769,-0.49390755287020471,532
14:30:20190124,2019-01-24,2019,14:30,2011_2020,2170,30,30,1,0.033333333333333333,0.19544334607832223,0.69149701487809112,-0.49605366879976887,544.5
14:45:20190124,2019-01-24,2019,14:45,2011_2020,2170,30,30,1,0.033333333333333333,0.19359047041910846,0.6966045918204381,-0.50301412140132962,544
14:30:20190131,2019-01-31,2019,14:30,2011_2020,2189,30,30,1,0.033333333333333333,0.42869743793755005,1.4200800988115345,-0.99138266087398441,599.5
14:45:20190131,2019-01-31,2019,14:45,2011_2020,2188,30,30,1,0.033333333333333333,0.39461574111921532,1.4028281475151811,-1.0082124063959659,861.5
14:30:20190214,2019-02-14,2019,14:30,2011_2020,2199,30,30,0,0,0.15560036062736732,0.91594491536448241,-0.76034455473711504,1131
14:45:20190214,2019-02-14,2019,14:45,2011_2020,2200,30,30,0,0,0.15783517703860561,0.91707105108908171,-0.7592358740504761,1203
14:30:20190221,2019-02-21,2019,14:30,2011_2020,2192,30,30,2,0.066666666666666666,0.24746900416709441,0.90972708132931812,-0.66225807716222374,1009.5
14:45:20190221,2019-02-21,2019,14:45,2011_2020,2191,30,30,2,0.066666666666666666,0.24740223990774765,0.91819309618014722,-0.67079085627239954,1039.5
14:30:20190228,2019-02-28,2019,14:30,2011_2020,2192,30,30,0,0,0.075749460816458239,0.76940440210339356,-0.69365494128693528,1141.5
14:45:20190228,2019-02-28,2019,14:45,2011_2020,2189,30,30,0,0,0.065917730160889518,0.74685973710446552,-0.68094200694357598,1200.5
14:30:20190307,2019-03-07,2019,14:30,2011_2020,2167,30,30,2,0.066666666666666666,0.11975291633867405,0.74408307415392039,-0.62433015781524637,1036
14:45:20190307,2019-03-07,2019,14:45,2011_2020,2156,30,30,2,0.066666666666666666,0.12337748354254727,0.73337583497766168,-0.60999835143511438,1038.5
14:30:20190314,2019-03-14,2019,14:30,2011_2020,2250,30,30,0,0,0.13430575367875186,0.80795779176365401,-0.67365203808490215,701.5
14:45:20190314,2019-03-14,2019,14:45,2011_2020,2250,30,30,0,0,0.13620534147342114,0.81422912314642759,-0.67802378167300648,724.5
14:30:20190321,2019-03-21,2019,14:30,2011_2020,2212,30,30,0,0,0.029166935764367664,0.77486968725590699,-0.74570275149153931,1109.5
14:45:20190321,2019-03-21,2019,14:45,2011_2020,2213,30,30,0,0,0.027116172640649243,0.76053523076670837,-0.73341905812605912,1488
14:30:20190328,2019-03-28,2019,14:30,2011_2020,2222,30,30,1,0.033333333333333333,0.01090072567337259,0.59607386567309673,-0.58517313999972409,994
14:45:20190328,2019-03-28,2019,14:45,2011_2020,2221,30,30,1,0.033333333333333333,-0.0013341904935389893,0.6077411079124394,-0.6090752984059784,1075
14:30:20190404,2019-04-04,2019,14:30,2011_2020,2247,30,30,0,0,-0.15130418524408823,0.38610391807465988,-0.53740810331874811,1442.5
14:45:20190404,2019-04-04,2019,14:45,2011_2020,2244,30,30,0,0,-0.1471102258224655,0.38739329094782476,-0.53450351677029029,1363
14:30:20190412,2019-04-12,2019,14:30,2011_2020,2287,30,30,2,0.066666666666666666,-0.090154250243594775,0.47999221708144013,-0.57014646732503493,1554.5
14:45:20190412,2019-04-12,2019,14:45,2011_2020,2282,30,30,1,0.033333333333333333,-0.1029007657745141,0.47552869016928506,-0.57842945594379913,1391.5
14:30:20190419,2019-04-19,2019,14:30,2011_2020,2285,30,30,0,0,-0.11371581965148175,0.33842477281383526,-0.45214059246531701,834
14:45:20190419,2019-04-19,2019,14:45,2011_2020,2283,30,30,0,0,-0.11983471408829162,0.33730030469059635,-0.45713501877888796,906
14:30:20190426,2019-04-26,2019,14:30,2011_2020,2269,30,30,0,0,-0.050807986764444167,0.47554300245363662,-0.52635098921808077,827
14:45:20190426,2019-04-26,2019,14:45,2011_2020,2269,30,30,0,0,-0.079550468977157188,0.48984413368967433,-0.56939460266683151,1214.5
14:30:20190508,2019-05-08,2019,14:30,2011_2020,2291,30,30,0,0,-0.01802647384565317,0.46144140140322576,-0.47946787524887891,1406.5
14:45:20190508,2019-05-08,2019,14:45,2011_2020,2291,30,30,0,0,-0.021099704201815148,0.46606680454119709,-0.48716650874301226,1421
14:30:20190515,2019-05-15,2019,14:30,2011_2020,2308,30,30,0,0,-0.060266570398528341,0.47566316115003587,-0.53592973154856427,1300.5
14:45:20190515,2019-05-15,2019,14:45,2011_2020,2306,30,30,0,0,-0.055934442689319908,0.48958570962564874,-0.54552015231496864,1446.5
14:30:20190522,2019-05-22,2019,14:30,2011_2020,2321,30,30,0,0,-0.013566469602080796,0.36442790865786417,-0.37799437825994497,1430
14:45:20190522,2019-05-22,2019,14:45,2011_2020,2319,30,30,0,0,-0.016857848822990039,0.35648911388747051,-0.37334696271046053,1449
14:30:20190529,2019-05-29,2019,14:30,2011_2020,2309,30,30,1,0.033333333333333333,0.0087296482249871448,0.35851532851019219,-0.34978568028520507,1020.5
14:45:20190529,2019-05-29,2019,14:45,2011_2020,2307,30,30,1,0.033333333333333333,0.012548428013161684,0.35615996337286876,-0.34361153535970707,931.5
14:30:20190605,2019-06-05,2019,14:30,2011_2020,2337,30,30,0,0,0.031046863692965103,0.35044957960853562,-0.31940271591557051,1417.5
14:45:20190605,2019-06-05,2019,14:45,2011_2020,2336,30,30,0,0,0.028996865972669504,0.35650931430933736,-0.32751244833666787,1537
14:30:20190613,2019-06-13,2019,14:30,2011_2020,2360,30,30,0,0,0.0087643839677794613,0.32830837442824468,-0.31954399046046522,1087.5
14:45:20190613,2019-06-13,2019,14:45,2011_2020,2357,30,30,0,0,0.0032437554982951717,0.31757194502837305,-0.31432818953007785,1039
14:30:20190620,2019-06-20,2019,14:30,2011_2020,2368,30,30,1,0.033333333333333333,0.0032722915251833795,0.34951085435877111,-0.34623856283358773,947
14:45:20190620,2019-06-20,2019,14:45,2011_2020,2369,30,30,1,0.033333333333333333,-0.0038584932977649717,0.34350504666372139,-0.34736353996148639,1085
14:30:20190627,2019-06-27,2019,14:30,2011_2020,2349,30,30,2,0.066666666666666666,-0.020840785615284203,0.33988363876918076,-0.36072442438446495,1705.5
14:45:20190627,2019-06-27,2019,14:45,2011_2020,2345,30,30,2,0.066666666666666666,-0.020435314192433513,0.33020066817652793,-0.35063598236896143,1655
14:30:20190704,2019-07-04,2019,14:30,2011_2020,2392,30,30,0,0,-0.069622421731806661,0.38316585654698493,-0.45278827827879159,1793
14:45:20190704,2019-07-04,2019,14:45,2011_2020,2391,30,30,0,0,-0.077584796698051559,0.37729144532296066,-0.45487624202101223,1853
14:30:20190711,2019-07-11,2019,14:30,2011_2020,2413,30,30,0,0,-0.065836032780348927,0.34305912416854745,-0.40889515694889639,1714
14:45:20190711,2019-07-11,2019,14:45,2011_2020,2414,30,30,0,0,-0.061402232434170416,0.34385964859192936,-0.40526188102609978,1698.5
14:30:20190718,2019-07-18,2019,14:30,2011_2020,2417,30,30,0,0,-0.057693698934573802,0.37389406048991269,-0.43158775942448652,1169.5
14:45:20190718,2019-07-18,2019,14:45,2011_2020,2417,30,30,0,0,-0.062245837693814532,0.38028056708803881,-0.44252640478185334,1422
14:30:20190725,2019-07-25,2019,14:30,2011_2020,2406,30,30,1,0.033333333333333333,-0.028243159118144106,0.45316177427969478,-0.48140493339783891,1716
14:45:20190725,2019-07-25,2019,14:45,2011_2020,2406,30,30,1,0.033333333333333333,-0.024392619800392944,0.45463442255285613,-0.47902704235324906,1617
14:30:20190801,2019-08-01,2019,14:30,2011_2020,2436,30,30,0,0,-0.0091696805424389769,0.43490011376082732,-0.44406979430326632,1566
14:45:20190801,2019-08-01,2019,14:45,2011_2020,2433,30,30,0,0,-0.012802411910781379,0.42999262853235792,-0.44279504044313928,1616
14:30:20190808,2019-08-08,2019,14:30,2011_2020,2462,30,30,0,0,0.1055976536940316,0.63202562892260261,-0.52642797522857099,746.5
14:45:20190808,2019-08-08,2019,14:45,2011_2020,2460,30,30,0,0,0.1040574585037934,0.62829749125248802,-0.52424003274869457,830
14:30:20190815,2019-08-15,2019,14:30,2011_2020,2465,30,30,1,0.033333333333333333,0.16698666426965197,0.5749966941132032,-0.40801002984355123,710.5
14:45:20190815,2019-08-15,2019,14:45,2011_2020,2464,30,30,1,0.033333333333333333,0.16958417905755557,0.57490599136726606,-0.40532181230971048,747.5
14:30:20190822,2019-08-22,2019,14:30,2011_2020,2446,30,30,0,0,0.11043904889651543,0.45516395706847429,-0.34472490817195889,619.5
14:45:20190822,2019-08-22,2019,14:45,2011_2020,2446,30,30,0,0,0.1055381145308615,0.44915560994125675,-0.34361749541039527,707
14:30:20190829,2019-08-29,2019,14:30,2011_2020,2464,30,30,0,0,0.04239985814384846,0.38588888300576679,-0.34348902486191835,774.5
14:45:20190829,2019-08-29,2019,14:45,2011_2020,2463,30,30,0,0,0.037198922352242057,0.3879110239822538,-0.35071210163001176,842.5
14:30:20190905,2019-09-05,2019,14:30,2011_2020,2501,30,30,0,0,0.0094620188681204878,0.41115446895193047,-0.40169245008380999,1034.5
14:45:20190905,2019-09-05,2019,14:45,2011_2020,2504,30,30,0,0,0.010556488798719729,0.4133555387538333,-0.40279904995511356,907
14:30:20190912,2019-09-12,2019,14:30,2011_2020,2506,30,30,0,0,-0.037038183751673254,0.35789162490541304,-0.39492980865708627,1296.5
14:45:20190912,2019-09-12,2019,14:45,2011_2020,2506,30,30,0,0,-0.030603818300848611,0.35383861235705272,-0.38444243065790135,1311
14:30:20190920,2019-09-20,2019,14:30,2011_2020,2499,30,30,0,0,-0.016770320414637201,0.33318394710949328,-0.3499542675241305,1163
14:45:20190920,2019-09-20,2019,14:45,2011_2020,2499,30,30,0,0,-0.022231687298115928,0.3290697973350532,-0.35130148463316913,1242.5
14:30:20190927,2019-09-27,2019,14:30,2011_2020,2517,30,30,0,0,0.025568163949005462,0.4542532216920187,-0.42868505774301324,756.5
14:45:20190927,2019-09-27,2019,14:45,2011_2020,2516,30,30,0,0,0.01888853732689182,0.45387754561739146,-0.43498900829049963,778.5
14:30:20191011,2019-10-11,2019,14:30,2011_2020,2547,30,30,0,0,-0.025580083089090475,0.37202865654051265,-0.39760873962960314,1458
14:45:20191011,2019-10-11,2019,14:45,2011_2020,2548,30,30,0,0,-0.020053597808624181,0.371387062840626,-0.3914406606492502,1211.5
14:30:20191018,2019-10-18,2019,14:30,2011_2020,2553,30,30,0,0,-0.046132141652193696,0.36930527287403175,-0.41543741452622546,1499
14:45:20191018,2019-10-18,2019,14:45,2011_2020,2551,30,30,0,0,-0.048359760646971631,0.3706493536128303,-0.41900911425980192,1462.5
14:30:20191025,2019-10-25,2019,14:30,2011_2020,2538,30,30,0,0,-0.047686623362833802,0.30755941273645576,-0.35524603609928956,1514.5
14:45:20191025,2019-10-25,2019,14:45,2011_2020,2538,30,30,0,0,-0.04179658707901715,0.3110251541972065,-0.35282174127622368,1608
14:30:20191101,2019-11-01,2019,14:30,2011_2020,2572,30,30,0,0,-0.048542708475482414,0.29977254948150445,-0.34831525795698687,1412.5
14:45:20191101,2019-11-01,2019,14:45,2011_2020,2569,30,30,0,0,-0.045975626679718502,0.29479507406879224,-0.34077070074851074,1247
14:30:20191108,2019-11-08,2019,14:30,2011_2020,2584,30,30,0,0,0.0023326413145919175,0.40182520947736439,-0.39949256816277245,797
14:45:20191108,2019-11-08,2019,14:45,2011_2020,2585,30,30,0,0,0.0086958319489183304,0.40567894825648154,-0.39698311630756322,852.5
14:30:20191115,2019-11-15,2019,14:30,2011_2020,2586,30,30,0,0,0.025991082751893744,0.48552230320985884,-0.45953122045796507,1208
14:45:20191115,2019-11-15,2019,14:45,2011_2020,2584,30,30,0,0,0.034937884985641633,0.48586555604863674,-0.45092767106299508,1180
14:30:20191122,2019-11-22,2019,14:30,2011_2020,2571,30,30,0,0,0.062098422826263461,0.59253464070378281,-0.53043621787751938,1278
14:45:20191122,2019-11-22,2019,14:45,2011_2020,2570,30,30,0,0,0.056851930729419471,0.57721948109907228,-0.52036755036965276,1306.5
14:30:20191129,2019-11-29,2019,14:30,2011_2020,2590,30,30,1,0.033333333333333333,0.10907727541326123,0.68804625444114287,-0.57896897902788158,1043
14:45:20191129,2019-11-29,2019,14:45,2011_2020,2590,30,30,0,0,0.073371263696740519,0.68914771688847076,-0.61577645319173024,1016
14:30:20191206,2019-12-06,2019,14:30,2011_2020,2598,30,30,0,0,0.093420183259956435,0.65367737645730406,-0.56025719319734768,1165.5
14:45:20191206,2019-12-06,2019,14:45,2011_2020,2597,30,30,0,0,0.10642368067729763,0.66273368969806867,-0.5563100090207711,831
14:30:20191213,2019-12-13,2019,14:30,2011_2020,2600,30,30,0,0,0.12289340050581851,0.69835097612674268,-0.57545757562092414,671.5
14:45:20191213,2019-12-13,2019,14:45,2011_2020,2601,30,30,0,0,0.11735020454491321,0.70015568037742792,-0.58280547583251474,909.5
14:30:20191220,2019-12-20,2019,14:30,2011_2020,2593,30,30,0,0,0.028828406791941978,0.63303156930516413,-0.60420316251322215,1695
14:45:20191220,2019-12-20,2019,14:45,2011_2020,2590,30,30,0,0,0.031719807931938189,0.63928860567380608,-0.60756879774186789,1842
14:30:20191227,2019-12-27,2019,14:30,2011_2020,2621,30,30,0,0,-0.16484670499495815,0.70496108042840322,-0.86980778542336135,2157
14:45:20191227,2019-12-27,2019,14:45,2011_2020,2621,30,30,0,0,-0.18077681637798382,0.71121174038860424,-0.89198855676658806,2169.5
14:30:20200106,2020-01-06,2020,14:30,2011_2020,2634,30,30,0,0,-0.056295243371271314,0.78838187936169868,-0.84467712273297002,1372.5
14:45:20200106,2020-01-06,2020,14:45,2011_2020,2629,30,30,0,0,-0.051844987640574415,0.77819531575149026,-0.83004030339206469,1263
14:30:20200113,2020-01-13,2020,14:30,2011_2020,2641,30,30,0,0,-0.024343550338943112,0.83708209764136299,-0.86142564798030608,1380.5
14:45:20200113,2020-01-13,2020,14:45,2011_2020,2638,30,30,0,0,-0.023150701724375826,0.84429101781090965,-0.86744171953528548,1611
14:30:20200120,2020-01-20,2020,14:30,2011_2020,2623,30,30,1,0.033333333333333333,0.049783729954604228,0.98006972053855457,-0.93028599058395034,1562
14:45:20200120,2020-01-20,2020,14:45,2011_2020,2619,30,30,1,0.033333333333333333,0.056222791488538558,0.97765670548856476,-0.92143391400002617,1464
14:30:20200204,2020-02-04,2020,14:30,2011_2020,2631,30,30,2,0.066666666666666666,0.20051034356703265,0.92497787549761945,-0.72446753193058677,1115.5
14:45:20200204,2020-02-04,2020,14:45,2011_2020,2622,30,30,2,0.066666666666666666,0.21687451442133004,0.91870701482269534,-0.70183250040136524,895.5
14:30:20200211,2020-02-11,2020,14:30,2011_2020,2666,30,30,1,0.033333333333333333,0.081929078780282466,0.84553782501762087,-0.76360874623733843,1718.5
14:45:20200211,2020-02-11,2020,14:45,2011_2020,2665,30,30,1,0.033333333333333333,0.083867311093151417,0.85092244921743065,-0.76705513812427928,1747
14:30:20200218,2020-02-18,2020,14:30,2011_2020,2653,30,30,0,0,-0.056410272179865405,0.64474892522595717,-0.70115919740582255,1726
14:45:20200218,2020-02-18,2020,14:45,2011_2020,2644,30,30,0,0,-0.07016546399975282,0.63504631973328274,-0.70521178373303561,1724.5
14:30:20200225,2020-02-25,2020,14:30,2011_2020,2654,30,30,0,0,-0.094854993556321501,0.41606416455328826,-0.51091915810960975,1394.5
14:45:20200225,2020-02-25,2020,14:45,2011_2020,2652,30,30,0,0,-0.10707947155668091,0.41021883776133411,-0.51729830931801501,1432
14:30:20200303,2020-03-03,2020,14:30,2011_2020,2688,30,30,0,0,-0.10585062663833729,0.41748770431790339,-0.52333833095624072,1449.5
14:45:20200303,2020-03-03,2020,14:45,2011_2020,2681,30,30,0,0,-0.11488597669664011,0.40942197125106822,-0.5243079479477083,1487
14:30:20200310,2020-03-10,2020,14:30,2011_2020,2660,30,30,0,0,-0.071089207825540082,0.49432747433253671,-0.56541668215807683,1388
14:45:20200310,2020-03-10,2020,14:45,2011_2020,2656,30,30,0,0,-0.075966361683043257,0.48798814411886815,-0.56395450580191142,1604
14:30:20200317,2020-03-17,2020,14:30,2011_2020,2686,30,30,0,0,0.021972937376759705,0.55941466302473797,-0.53744172564797821,1196
14:45:20200317,2020-03-17,2020,14:45,2011_2020,2686,30,30,0,0,0.030620170130750392,0.55926792283556559,-0.52864775270481523,1110.5
14:30:20200324,2020-03-24,2020,14:30,2011_2020,2699,30,30,1,0.033333333333333333,0.080951930694128649,0.69827836136584365,-0.617326430671715,746
14:45:20200324,2020-03-24,2020,14:45,2011_2020,2697,30,30,1,0.033333333333333333,0.093631236757699021,0.69418534041831992,-0.6005541036606209,754
14:30:20200331,2020-03-31,2020,14:30,2011_2020,2680,30,30,0,0,-0.024292082805002613,0.42854896564358186,-0.45284104844858447,1587.5
14:45:20200331,2020-03-31,2020,14:45,2011_2020,2677,30,30,0,0,-0.025943006344936643,0.4248458810886051,-0.45078888743354173,1535.5
14:30:20200408,2020-04-08,2020,14:30,2011_2020,2683,30,30,0,0,0.0037179375371433824,0.42036251980864786,-0.41664458227150447,1021.5
14:45:20200408,2020-04-08,2020,14:45,2011_2020,2682,30,30,0,0,-0.01226861452222806,0.42413155678699199,-0.43640017130922004,1212.5
14:30:20200415,2020-04-15,2020,14:30,2011_2020,2693,30,30,0,0,-0.067590341360169323,0.56128092598609591,-0.62887126734626519,1949.5
14:45:20200415,2020-04-15,2020,14:45,2011_2020,2692,30,30,0,0,-0.065492813594940177,0.55129908411394624,-0.61679189770888643,1914.5
14:30:20200422,2020-04-22,2020,14:30,2011_2020,2680,30,30,0,0,-0.064041646117132089,0.51677023354577589,-0.58081187966290804,1762
14:45:20200422,2020-04-22,2020,14:45,2011_2020,2678,30,30,0,0,-0.066521209698034767,0.50961540488241019,-0.57613661458044496,1715
14:30:20200429,2020-04-29,2020,14:30,2011_2020,2682,30,30,1,0.033333333333333333,0.063700051801573385,0.74102475854312488,-0.67732470674155154,1317.5
14:45:20200429,2020-04-29,2020,14:45,2011_2020,2682,30,30,0,0,0.066125205895192399,0.75496808032019502,-0.68884287442500258,1081
14:30:20200511,2020-05-11,2020,14:30,2011_2020,2710,30,30,1,0.033333333333333333,0.042021859910241675,0.58504072417114161,-0.54301886426089996,1112.5
14:45:20200511,2020-05-11,2020,14:45,2011_2020,2705,30,30,1,0.033333333333333333,0.042181409444895575,0.57811821274412578,-0.53593680329923021,1205.5
14:30:20200518,2020-05-18,2020,14:30,2011_2020,2696,30,30,0,0,0.015381739308753346,0.71485758550252998,-0.69947584619377667,1268
14:45:20200518,2020-05-18,2020,14:45,2011_2020,2697,30,30,0,0,0.039731994550790767,0.69515728325966308,-0.65542528870887229,1091
14:30:20200525,2020-05-25,2020,14:30,2011_2020,2707,30,30,1,0.033333333333333333,0.10082209261114997,0.72871789616474492,-0.62789580355359498,1409.5
14:45:20200525,2020-05-25,2020,14:45,2011_2020,2703,30,30,1,0.033333333333333333,0.11148242132803712,0.72225393860346598,-0.61077151727542889,1446.5
14:30:20200601,2020-06-01,2020,14:30,2011_2020,2661,30,30,1,0.033333333333333333,0.058254702215413401,0.65241970666942517,-0.59416500445401177,1139
14:45:20200601,2020-06-01,2020,14:45,2011_2020,2659,30,30,1,0.033333333333333333,0.070447696883040686,0.6565489876512568,-0.58610129076821615,1070
14:30:20200608,2020-06-08,2020,14:30,2011_2020,2712,30,30,1,0.033333333333333333,0.19884628618189834,0.94004460668855594,-0.74119832050665757,908.5
14:45:20200608,2020-06-08,2020,14:45,2011_2020,2711,30,30,1,0.033333333333333333,0.21304626090228959,0.94190717601692986,-0.72886091511464024,760
14:30:20200615,2020-06-15,2020,14:30,2011_2020,2700,30,30,0,0,0.21868243365672471,0.9630287843834574,-0.74434635072673272,984.5
14:45:20200615,2020-06-15,2020,14:45,2011_2020,2698,30,30,0,0,0.22145035501222488,0.94574780837465477,-0.7242974533624299,886
14:30:20200622,2020-06-22,2020,14:30,2011_2020,2710,30,30,0,0,0.14608410808074934,0.8627172748585894,-0.71663316677784006,1421
14:45:20200622,2020-06-22,2020,14:45,2011_2020,2708,30,30,0,0,0.1380170752108506,0.83966466925303895,-0.70164759404218835,1393.5
14:30:20200701,2020-07-01,2020,14:30,2011_2020,2696,30,30,1,0.033333333333333333,0.11280347014331452,0.96972545211827765,-0.85692198197496317,1308
14:45:20200701,2020-07-01,2020,14:45,2011_2020,2692,30,30,1,0.033333333333333333,0.1023168643800081,0.96883530908046989,-0.8665184447004618,1551.5
14:30:20200708,2020-07-08,2020,14:30,2011_2020,2672,30,30,0,0,0.027922073800458989,1.017224288623404,-0.989302214822945,1643.5
14:45:20200708,2020-07-08,2020,14:45,2011_2020,2668,30,30,0,0,0.024253392752777263,1.0118535293992688,-0.98760013664649149,1709
14:30:20200715,2020-07-15,2020,14:30,2011_2020,2682,30,30,1,0.033333333333333333,-0.02291296778493759,0.66376228750156741,-0.68667525528650497,1721.5
14:45:20200715,2020-07-15,2020,14:45,2011_2020,2683,30,30,1,0.033333333333333333,-0.021486635444428567,0.67948907710688355,-0.70097571255131208,1793
14:30:20200722,2020-07-22,2020,14:30,2011_2020,2701,30,30,1,0.033333333333333333,0.02647150422185934,0.6864633935425476,-0.65999188932068831,2033.5
14:45:20200722,2020-07-22,2020,14:45,2011_2020,2701,30,30,1,0.033333333333333333,0.046904354272371301,0.68766445529336606,-0.64076010102099479,2010.5
14:30:20200729,2020-07-29,2020,14:30,2011_2020,2667,30,30,1,0.033333333333333333,-0.017138005880272051,0.56826022581414293,-0.58539823169441496,1836
14:45:20200729,2020-07-29,2020,14:45,2011_2020,2663,30,30,1,0.033333333333333333,-0.015522417738500272,0.56128049841025651,-0.57680291614875678,1799
14:30:20200805,2020-08-05,2020,14:30,2011_2020,2685,30,30,1,0.033333333333333333,0.0068526349550532941,0.79835814890164158,-0.7915055139465883,1719.5
14:45:20200805,2020-08-05,2020,14:45,2011_2020,2682,30,30,1,0.033333333333333333,-0.0010620621509385513,0.77545028140097327,-0.77651234355191179,1718
14:30:20200812,2020-08-12,2020,14:30,2011_2020,2712,30,30,0,0,0.022544246797184118,0.96233772388842753,-0.93979347709124339,1413.5
14:45:20200812,2020-08-12,2020,14:45,2011_2020,2707,30,30,0,0,0.0072174951066329282,0.90079044568886291,-0.89357295058222996,1583.5
14:30:20200819,2020-08-19,2020,14:30,2011_2020,2711,30,30,1,0.033333333333333333,0.021726327211211698,0.70363196044335263,-0.68190563323214093,1288
14:45:20200819,2020-08-19,2020,14:45,2011_2020,2709,30,30,1,0.033333333333333333,0.026987983016562758,0.70626167357937319,-0.67927369056281039,1351
14:30:20200826,2020-08-26,2020,14:30,2011_2020,2714,30,30,1,0.033333333333333333,0.00342218854678471,0.66151441780189968,-0.65809222925511501,1705.5
14:45:20200826,2020-08-26,2020,14:45,2011_2020,2713,30,30,1,0.033333333333333333,0.0077044774060900673,0.66888272738970622,-0.66117824998361618,1701.5
14:30:20200902,2020-09-02,2020,14:30,2011_2020,2731,30,30,0,0,-0.1009186689217197,0.35502728736963857,-0.45594595629135826,1771.5
14:45:20200902,2020-09-02,2020,14:45,2011_2020,2731,30,30,0,0,-0.098242192719284985,0.35739845207427806,-0.45564064479356303,1754
14:30:20200909,2020-09-09,2020,14:30,2011_2020,2720,30,30,0,0,-0.028350271109887595,0.57138529156304341,-0.59973556267293104,1682.5
14:45:20200909,2020-09-09,2020,14:45,2011_2020,2719,30,30,0,0,-0.020238992799395058,0.58369498821945076,-0.60393398101884577,1583
14:30:20200916,2020-09-16,2020,14:30,2011_2020,2737,30,30,1,0.033333333333333333,0.025725901649553039,0.63351721735444655,-0.60779131570489353,1270
14:45:20200916,2020-09-16,2020,14:45,2011_2020,2737,30,30,1,0.033333333333333333,0.022953059772108247,0.61379926350111724,-0.59084620372900898,1357.5
14:30:20200923,2020-09-23,2020,14:30,2011_2020,2714,30,30,1,0.033333333333333333,-0.0044743073401379467,0.63051404726593319,-0.63498835460607117,1492
14:45:20200923,2020-09-23,2020,14:45,2011_2020,2712,30,30,1,0.033333333333333333,-0.0015533061748273032,0.60997733431084611,-0.6115306404856734,1475.5
14:30:20200930,2020-09-30,2020,14:30,2011_2020,2731,30,30,0,0,0.002714851844094627,0.67242347847882777,-0.66970862663473318,1757
14:45:20200930,2020-09-30,2020,14:45,2011_2020,2731,30,30,0,0,0.0036407900553293163,0.67145680726004786,-0.6678160172047185,1788
14:30:20201015,2020-10-15,2020,14:30,2011_2020,2761,30,30,0,0,-0.051446526023643815,0.456589431010196,-0.50803595703383986,1752
14:45:20201015,2020-10-15,2020,14:45,2011_2020,2760,30,30,0,0,-0.042554771181757073,0.46360660640466522,-0.50616137758642232,1725
14:30:20201022,2020-10-22,2020,14:30,2011_2020,2773,30,30,0,0,-0.0063691543617590256,0.57043612902823615,-0.57680528338999515,1482.5
14:45:20201022,2020-10-22,2020,14:45,2011_2020,2774,30,30,0,0,-0.010616930979331725,0.56692104049018677,-0.57753797146951846,1698
14:30:20201029,2020-10-29,2020,14:30,2011_2020,2759,30,30,0,0,-0.0082683895813260404,0.50885382617167463,-0.51712221575300066,1688.5
14:45:20201029,2020-10-29,2020,14:45,2011_2020,2760,30,30,0,0,0.027448299796285221,0.51047436135217727,-0.48302606155589206,1305
14:30:20201105,2020-11-05,2020,14:30,2011_2020,2757,30,30,0,0,-0.055383489604682298,0.49912964958402645,-0.5545131391887087,2027
14:45:20201105,2020-11-05,2020,14:45,2011_2020,2754,30,30,0,0,-0.060420625731789163,0.49765691724654121,-0.55807754297833034,2111.5
14:30:20201112,2020-11-12,2020,14:30,2011_2020,2761,30,30,0,0,0.00061362309136232525,0.44892714277871398,-0.44831351968735167,1243.5
14:45:20201112,2020-11-12,2020,14:45,2011_2020,2759,30,30,1,0.033333333333333333,-0.015138412658548128,0.43753424720309864,-0.45267265986164679,1374
14:30:20201119,2020-11-19,2020,14:30,2011_2020,2781,30,30,0,0,-0.047245451987340849,0.44947194513224253,-0.4967173971195834,1484
14:45:20201119,2020-11-19,2020,14:45,2011_2020,2777,30,30,0,0,-0.054890030739638024,0.44592724025656771,-0.50081727099620577,1579.5
14:30:20201126,2020-11-26,2020,14:30,2011_2020,2769,30,30,0,0,-0.03348886814184563,0.58705489621186113,-0.62054376435370673,1357.5
14:45:20201126,2020-11-26,2020,14:45,2011_2020,2769,30,30,0,0,-0.040160957676620243,0.58031311139738828,-0.62047406907400848,1264.5
14:30:20201203,2020-12-03,2020,14:30,2011_2020,2770,30,30,0,0,-0.069652579816081917,0.63873237216012879,-0.70838495197621065,1349
14:45:20201203,2020-12-03,2020,14:45,2011_2020,2768,30,30,0,0,-0.059849304716305667,0.63962627926215587,-0.69947558397846155,1470.5
14:30:20201210,2020-12-10,2020,14:30,2011_2020,2771,30,30,0,0,-0.051946721684125549,0.6277573408526661,-0.67970406253679161,1466
14:45:20201210,2020-12-10,2020,14:45,2011_2020,2771,30,30,0,0,-0.058403836178113747,0.63133969065348461,-0.68974352683159834,1811.5
14:30:20201217,2020-12-17,2020,14:30,2011_2020,2768,30,30,1,0.033333333333333333,-0.025442210437473824,0.52202593560828303,-0.54746814604575689,903
14:45:20201217,2020-12-17,2020,14:45,2011_2020,2766,30,30,1,0.033333333333333333,-0.042382209133601009,0.51805190997480677,-0.56043411910840779,1068
14:30:20201224,2020-12-24,2020,14:30,2011_2020,2754,30,30,1,0.033333333333333333,0.015070758558533031,0.55743842063168836,-0.54236766207315534,1511
14:45:20201224,2020-12-24,2020,14:45,2011_2020,2755,30,30,1,0.033333333333333333,0.0046161203246752212,0.5586078231008561,-0.55399170277618093,1433.5
14:30:20201231,2020-12-31,2020,14:30,2011_2020,2768,30,30,0,0,-0.1180277064695017,0.4437973447329604,-0.56182505120246207,2037
14:45:20201231,2020-12-31,2020,14:45,2011_2020,2764,30,30,0,0,-0.10610314833528892,0.44873087577093329,-0.55483402410622218,1987
14:30:20210108,2021-01-08,2021,14:30,2021_2026,2769,30,30,0,0,-0.17325133312568958,0.45153860986781141,-0.62478994299350099,2208.5
14:45:20210108,2021-01-08,2021,14:45,2021_2026,2764,30,30,0,0,-0.17598420246736834,0.43044924173944804,-0.60643344420681644,2210
14:30:20210115,2021-01-15,2021,14:30,2021_2026,2785,30,30,1,0.033333333333333333,-0.027808500023588163,0.57671736071478485,-0.604525860738373,1791
14:45:20210115,2021-01-15,2021,14:45,2021_2026,2782,30,30,1,0.033333333333333333,-0.027875651988134947,0.57596703019299345,-0.60384268218112835,1793
14:30:20210122,2021-01-22,2021,14:30,2021_2026,2780,30,30,0,0,-0.050384905669429852,0.47834151994788149,-0.52872642561731131,1869
14:45:20210122,2021-01-22,2021,14:45,2021_2026,2779,30,30,0,0,-0.036135745697552339,0.45868556531620125,-0.4948213110137536,1618
14:30:20210129,2021-01-29,2021,14:30,2021_2026,2802,30,30,1,0.033333333333333333,0.13261194568145651,0.63934017653605946,-0.50672823085460295,1257
14:45:20210129,2021-01-29,2021,14:45,2021_2026,2797,30,30,1,0.033333333333333333,0.11184281044341436,0.60587136046987866,-0.49402855002646429,1401
14:30:20210205,2021-02-05,2021,14:30,2021_2026,2813,30,30,1,0.033333333333333333,0.099000008664645783,0.65987913778503782,-0.56087912912039206,1568
14:45:20210205,2021-02-05,2021,14:45,2021_2026,2812,30,30,2,0.066666666666666666,0.098027742130386591,0.6635222448494128,-0.56549450271902624,1719
14:30:20210219,2021-02-19,2021,14:30,2021_2026,2786,30,30,2,0.066666666666666666,0.024999213920240456,0.57993864679388707,-0.55493943287364667,1643.5
14:45:20210219,2021-02-19,2021,14:45,2021_2026,2783,30,30,2,0.066666666666666666,0.024850628531747909,0.57260802632879104,-0.54775739779704313,1640.5
14:30:20210226,2021-02-26,2021,14:30,2021_2026,2800,30,30,0,0,-0.019655942898863365,0.51960290060439329,-0.5392588435032567,1887
14:45:20210226,2021-02-26,2021,14:45,2021_2026,2800,30,30,0,0,-0.02783537525002578,0.52067153352637174,-0.54850690877639752,2021
14:30:20210305,2021-03-05,2021,14:30,2021_2026,2819,30,30,0,0,-0.012942361520368918,0.4996691599509685,-0.51261152147133737,1225.5
14:45:20210305,2021-03-05,2021,14:45,2021_2026,2818,30,30,0,0,-0.018446398964694872,0.49627725598523553,-0.51472365494993044,1412
14:30:20210312,2021-03-12,2021,14:30,2021_2026,2833,30,30,1,0.033333333333333333,0.030737058825498167,0.56003456393389583,-0.52929750510839768,1377.5
14:45:20210312,2021-03-12,2021,14:45,2021_2026,2830,30,30,1,0.033333333333333333,0.030131172134387443,0.56064101620532947,-0.53050984407094204,1464
14:30:20210319,2021-03-19,2021,14:30,2021_2026,2836,30,30,1,0.033333333333333333,0.068478955433503935,0.61617744294675514,-0.54769848751325123,1059
14:45:20210319,2021-03-19,2021,14:45,2021_2026,2835,30,30,1,0.033333333333333333,0.054697948560226743,0.61545054116352238,-0.56075259260329569,1065
14:30:20210326,2021-03-26,2021,14:30,2021_2026,2822,30,30,1,0.033333333333333333,0.052566456481684079,0.65827078097519398,-0.60570432449350986,1175
14:45:20210326,2021-03-26,2021,14:45,2021_2026,2822,30,30,1,0.033333333333333333,0.050126057577072655,0.64695155088078082,-0.59682549330370815,1286
14:30:20210402,2021-04-02,2021,14:30,2021_2026,2840,30,30,1,0.033333333333333333,-0.025096103227957266,0.80168363694955691,-0.82677974017751421,2052.5
14:45:20210402,2021-04-02,2021,14:45,2021_2026,2839,30,30,1,0.033333333333333333,-0.023469260428578276,0.79802486196186817,-0.82149412239044639,2190.5
14:30:20210412,2021-04-12,2021,14:30,2021_2026,2847,30,30,1,0.033333333333333333,0.071937775154062619,0.86615417880034307,-0.79421640364628043,1488
14:45:20210412,2021-04-12,2021,14:45,2021_2026,2849,30,30,1,0.033333333333333333,0.056886355599355481,0.87845057408118665,-0.82156421848183114,1715
14:30:20210419,2021-04-19,2021,14:30,2021_2026,2839,30,30,1,0.033333333333333333,0.028631947875597408,0.76699200587018124,-0.73836005799458382,1452.5
14:45:20210419,2021-04-19,2021,14:45,2021_2026,2838,30,30,1,0.033333333333333333,0.040701972128761289,0.7587628428079588,-0.71806087067919755,1420.5
14:30:20210426,2021-04-26,2021,14:30,2021_2026,2861,30,30,0,0,0.019726079021834184,0.75986234310013923,-0.74013626407830502,1797
14:45:20210426,2021-04-26,2021,14:45,2021_2026,2859,30,30,0,0,0.044071398058320513,0.7641339589043048,-0.7200625608459843,1624
14:30:20210506,2021-05-06,2021,14:30,2021_2026,2860,30,30,1,0.033333333333333333,0.13434126587952086,0.81146629942930604,-0.67712503354978515,720.5
14:45:20210506,2021-05-06,2021,14:45,2021_2026,2863,30,30,1,0.033333333333333333,0.11558286559242342,0.82600886602018864,-0.71042600042776516,1041.5
14:30:20210513,2021-05-13,2021,14:30,2021_2026,2866,30,30,0,0,0.13865761814701255,0.77711934000519778,-0.63846172185818517,654.5
14:45:20210513,2021-05-13,2021,14:45,2021_2026,2865,30,30,0,0,0.13633978449586903,0.7813173702630708,-0.64497758576720177,669
14:30:20210520,2021-05-20,2021,14:30,2021_2026,2871,30,30,0,0,0.14758282073537715,0.77826458809756338,-0.63068176736218629,568.5
14:45:20210520,2021-05-20,2021,14:45,2021_2026,2871,30,30,0,0,0.13146722545036452,0.77491592705502255,-0.64344870160465806,668
14:30:20210527,2021-05-27,2021,14:30,2021_2026,2867,30,30,0,0,0.064283174113654071,0.71836395534050845,-0.65408078122685442,1382
14:45:20210527,2021-05-27,2021,14:45,2021_2026,2864,30,30,0,0,0.06608736991108273,0.70668178777433277,-0.64059441786325,1280
14:30:20210603,2021-06-03,2021,14:30,2021_2026,2869,30,30,1,0.033333333333333333,0.11316982752662411,0.76566867149566109,-0.65249884396903701,734.5
14:45:20210603,2021-06-03,2021,14:45,2021_2026,2867,30,30,1,0.033333333333333333,0.11940550218093431,0.75312898786931515,-0.63372348568838088,716.5
14:30:20210610,2021-06-10,2021,14:30,2021_2026,2887,30,30,1,0.033333333333333333,0.068248523105057274,0.75146127500045279,-0.68321275189539554,977
14:45:20210610,2021-06-10,2021,14:45,2021_2026,2887,30,30,1,0.033333333333333333,0.065781623508832515,0.74371786139330143,-0.67793623788446888,1014.5
14:30:20210618,2021-06-18,2021,14:30,2021_2026,2876,30,30,0,0,0.015322404186440809,0.8672404962716721,-0.85191809208523128,1409
14:45:20210618,2021-06-18,2021,14:45,2021_2026,2877,30,30,0,0,0.034591481303499108,0.85034463024994855,-0.81575314894644946,1408.5
14:30:20210625,2021-06-25,2021,14:30,2021_2026,2880,30,30,2,0.066666666666666666,0.049311251878764985,0.90027330296691166,-0.85096205108814671,1705
14:45:20210625,2021-06-25,2021,14:45,2021_2026,2878,30,30,2,0.066666666666666666,0.071135480829644174,0.89911842521938179,-0.82798294438973763,1676.5
14:30:20210702,2021-07-02,2021,14:30,2021_2026,2896,30,30,0,0,0.063526255457429417,1.0463204665198935,-0.98279421106246412,1073
14:45:20210702,2021-07-02,2021,14:45,2021_2026,2895,30,30,0,0,0.040123285701055791,1.0744492197133602,-1.0343259340123043,1163.5
14:30:20210709,2021-07-09,2021,14:30,2021_2026,2900,30,30,0,0,0.011317308663554231,0.82180251379377856,-0.81048520513022437,1326.5
14:45:20210709,2021-07-09,2021,14:45,2021_2026,2897,30,30,0,0,0.010130470660593461,0.82364297756017679,-0.81351250689958332,1311
14:30:20210716,2021-07-16,2021,14:30,2021_2026,2904,30,30,0,0,0.073333872314471651,0.92199214104011351,-0.84865826872564187,1040
14:45:20210716,2021-07-16,2021,14:45,2021_2026,2910,30,30,0,0,0.075643810048382984,0.91571571140943397,-0.84007190136105103,1078.5
14:30:20210723,2021-07-23,2021,14:30,2021_2026,2909,30,30,1,0.033333333333333333,0.04040959321118983,0.76903306292075213,-0.72862346970956227,1101.5
14:45:20210723,2021-07-23,2021,14:45,2021_2026,2910,30,30,1,0.033333333333333333,0.04361752750045636,0.77022762365386765,-0.72661009615341132,1273
14:30:20210730,2021-07-30,2021,14:30,2021_2026,2903,30,30,1,0.033333333333333333,0.061422560362997786,0.86488501565592657,-0.80346245529292881,1399
14:45:20210730,2021-07-30,2021,14:45,2021_2026,2899,30,30,0,0,0.028218443009737696,0.85474660012316683,-0.82652815711342909,1478.5
14:30:20210806,2021-08-06,2021,14:30,2021_2026,2924,30,30,0,0,0.022393992513517903,0.75715914106396276,-0.73476514855044484,2086.5
14:45:20210806,2021-08-06,2021,14:45,2021_2026,2923,30,30,0,0,0.0057248153318332695,0.76868924997202703,-0.76296443464019381,2170
14:30:20210813,2021-08-13,2021,14:30,2021_2026,2927,30,30,1,0.033333333333333333,0.038046510086362832,0.77610135329768537,-0.73805484321132253,1882.5
14:45:20210813,2021-08-13,2021,14:45,2021_2026,2926,30,30,1,0.033333333333333333,0.032877114862456189,0.77132305773032861,-0.73844594286787246,1794
14:30:20210820,2021-08-20,2021,14:30,2021_2026,2929,30,30,0,0,0.034273716383487626,0.9704540077890329,-0.93618029140554526,1890
14:45:20210820,2021-08-20,2021,14:45,2021_2026,2928,30,30,0,0,0.043608839560582063,0.95408855404268345,-0.91047971448210141,1814.5
14:30:20210827,2021-08-27,2021,14:30,2021_2026,2921,30,30,0,0,-0.0086457438360719625,0.74042851647833907,-0.74907426031441104,1582
14:45:20210827,2021-08-27,2021,14:45,2021_2026,2917,30,30,0,0,0.0038614396464921302,0.74321013616801124,-0.73934869652151913,1357
14:30:20210903,2021-09-03,2021,14:30,2021_2026,2950,30,30,0,0,-0.019036396494335091,0.53104562000187261,-0.55008201649620769,1780
14:45:20210903,2021-09-03,2021,14:45,2021_2026,2948,30,30,0,0,-0.0023596164244611305,0.53570426891421474,-0.53806388533867588,1402.5
14:30:20210910,2021-09-10,2021,14:30,2021_2026,2947,30,30,0,0,-0.054806403854569842,0.50467903768063171,-0.55948544153520152,1788
14:45:20210910,2021-09-10,2021,14:45,2021_2026,2947,30,30,0,0,-0.049140731009199579,0.50295934527694219,-0.55210007628614177,1745
14:30:20210917,2021-09-17,2021,14:30,2021_2026,2955,30,30,0,0,-0.041956440648811953,0.56417667262574733,-0.60613311327455932,1210
14:45:20210917,2021-09-17,2021,14:45,2021_2026,2951,30,30,0,0,-0.027521431781332342,0.56527991289260549,-0.59280134467393786,1049
14:30:20210928,2021-09-28,2021,14:30,2021_2026,2940,30,30,0,0,0.0031843459115644753,0.5092410027279608,-0.50605665681639633,1219.5
14:45:20210928,2021-09-28,2021,14:45,2021_2026,2939,30,30,0,0,0.0058415676992657779,0.51956765917768033,-0.51372609147841453,1241
14:30:20211012,2021-10-12,2021,14:30,2021_2026,2984,30,30,0,0,0.018953135118205629,0.71687701227398304,-0.69792387715577742,1275.5
14:45:20211012,2021-10-12,2021,14:45,2021_2026,2984,30,30,0,0,0.0096613930008026434,0.71156714780028985,-0.70190575479948725,1332
14:30:20211019,2021-10-19,2021,14:30,2021_2026,2972,30,30,1,0.033333333333333333,-0.010372795180001507,0.72687040030617311,-0.73724319548617467,1793
14:45:20211019,2021-10-19,2021,14:45,2021_2026,2971,30,30,1,0.033333333333333333,-0.018649351259232474,0.72471896917112855,-0.74336832043036105,1753
14:30:20211026,2021-10-26,2021,14:30,2021_2026,2997,30,30,0,0,0.026271535527763488,0.82308708742490577,-0.79681555189714226,1862
14:45:20211026,2021-10-26,2021,14:45,2021_2026,2996,30,30,0,0,0.0078010452534064394,0.83117474768376964,-0.82337370243036323,1990
14:30:20211102,2021-11-02,2021,14:30,2021_2026,3000,30,30,1,0.033333333333333333,0.11284888059814452,0.87961671539160424,-0.76676783479345967,1157.5
14:45:20211102,2021-11-02,2021,14:45,2021_2026,2995,30,30,1,0.033333333333333333,0.12111932331577922,0.87470666102050931,-0.75358733770473008,1108.5
14:30:20211109,2021-11-09,2021,14:30,2021_2026,3009,30,30,0,0,0.041099852884175461,0.70692888186100378,-0.66582902897682827,1329.5
14:45:20211109,2021-11-09,2021,14:45,2021_2026,3006,30,30,1,0.033333333333333333,0.058116494876750101,0.71107079186292177,-0.65295429698617169,1324
14:30:20211116,2021-11-16,2021,14:30,2021_2026,3024,30,30,0,0,0.090707731746627912,0.8664960195667043,-0.77578828782007636,867
14:45:20211116,2021-11-16,2021,14:45,2021_2026,3022,30,30,0,0,0.084221686377340593,0.86856603966452772,-0.7843443532871871,909.5
14:30:20211123,2021-11-23,2021,14:30,2021_2026,3027,30,30,0,0,0.020885118531175289,0.96700812256047297,-0.94612300402929772,1546
14:45:20211123,2021-11-23,2021,14:45,2021_2026,3027,30,30,0,0,0.025035232686278337,0.9787955168914676,-0.95376028420518921,1624
14:30:20211130,2021-11-30,2021,14:30,2021_2026,3029,30,30,0,0,0.0027669022326168155,0.71888790061618901,-0.71612099838357224,1801
14:45:20211130,2021-11-30,2021,14:45,2021_2026,3027,30,30,0,0,-0.013462037805024448,0.71827668833524649,-0.73173872614027091,2093
14:30:20211207,2021-12-07,2021,14:30,2021_2026,3046,30,30,0,0,-0.003249405328295311,0.85433320136968049,-0.85758260669797581,2232
14:45:20211207,2021-12-07,2021,14:45,2021_2026,3045,30,30,0,0,0.00094920632489211198,0.83451973398891555,-0.8335705276640234,2229
14:30:20211214,2021-12-14,2021,14:30,2021_2026,3044,30,30,0,0,0.020894474064536213,0.77970680097122114,-0.75881232690668488,1319
14:45:20211214,2021-12-14,2021,14:45,2021_2026,3043,30,30,0,0,0.030106256454621536,0.78492768875781282,-0.75482143230319132,1302.5
14:30:20211221,2021-12-21,2021,14:30,2021_2026,3043,30,30,0,0,0.0090509422244455864,0.81384341168350427,-0.80479246945905869,1337.5
14:45:20211221,2021-12-21,2021,14:45,2021_2026,3043,30,30,0,0,0.010732222803491887,0.81506442520015132,-0.80433220239665948,1380.5
14:30:20211228,2021-12-28,2021,14:30,2021_2026,3065,30,30,0,0,-0.078009234654374593,0.48656759349705292,-0.56457682815142751,1724
14:45:20211228,2021-12-28,2021,14:45,2021_2026,3064,30,30,0,0,-0.070162030724359656,0.48368830029650361,-0.55385033102086323,1472
14:30:20220105,2022-01-05,2022,14:30,2021_2026,3089,30,30,0,0,-0.070998028721711071,0.53630142532204961,-0.60729945404376062,1735.5
14:45:20220105,2022-01-05,2022,14:45,2021_2026,3086,30,30,0,0,-0.062026864037138481,0.53778415994369366,-0.59981102398083219,1753.5
14:30:20220112,2022-01-12,2022,14:30,2021_2026,3089,30,30,0,0,-0.072395928654130623,0.50452787570417301,-0.57692380435830359,1681
14:45:20220112,2022-01-12,2022,14:45,2021_2026,3089,30,30,0,0,-0.07080300410667377,0.50694436779402052,-0.57774737190069425,1702
14:30:20220119,2022-01-19,2022,14:30,2021_2026,3093,30,30,1,0.033333333333333333,-0.0043849546276318466,0.61522267478436021,-0.6196076294119921,1345
14:45:20220119,2022-01-19,2022,14:45,2021_2026,3088,30,30,0,0,-0.024537787360407716,0.60629965682178333,-0.63083744418219101,1345
14:30:20220126,2022-01-26,2022,14:30,2021_2026,3105,30,30,0,0,0.049191487581898292,0.7127135819201319,-0.66352209433823361,1444.5
14:45:20220126,2022-01-26,2022,14:45,2021_2026,3101,30,30,0,0,0.05193933450536712,0.71411876407942942,-0.66217942957406228,1335.5
14:30:20220209,2022-02-09,2022,14:30,2021_2026,3098,30,30,1,0.033333333333333333,-0.058659160634097596,0.59412379836439777,-0.65278295899849537,1802
14:45:20220209,2022-02-09,2022,14:45,2021_2026,3096,30,30,0,0,-0.064502773181465259,0.60863001231031422,-0.67313278549177946,1758
14:30:20220216,2022-02-16,2022,14:30,2021_2026,3118,30,30,1,0.033333333333333333,-0.067929164231208247,0.70007429827110235,-0.76800346250231055,1613
14:45:20220216,2022-02-16,2022,14:45,2021_2026,3115,30,30,0,0,-0.073353906039242744,0.69281418848115783,-0.76616809452040058,1840.5
14:30:20220223,2022-02-23,2022,14:30,2021_2026,3104,30,30,0,0,-0.051353181398120028,0.58571992756588342,-0.63707310896400349,1674.5
14:45:20220223,2022-02-23,2022,14:45,2021_2026,3103,30,30,0,0,-0.039479930770735666,0.57354493471672019,-0.61302486548745583,1455.5
14:30:20220302,2022-03-02,2022,14:30,2021_2026,3125,30,30,0,0,-0.074093545514303569,0.59004576153889909,-0.66413930705320268,1583.5
14:45:20220302,2022-03-02,2022,14:45,2021_2026,3124,30,30,0,0,-0.080082221271805226,0.57721848967423761,-0.65730071094604281,1709.5
14:30:20220309,2022-03-09,2022,14:30,2021_2026,3148,30,30,0,0,0.04493044941429359,0.77319056632803196,-0.72826011691373838,1021.5
14:45:20220309,2022-03-09,2022,14:45,2021_2026,3143,30,30,0,0,0.026127774159882679,0.74920165017547669,-0.72307387601559403,1109
14:30:20220316,2022-03-16,2022,14:30,2021_2026,3136,30,30,0,0,-0.017584298107470996,0.63607929588057277,-0.65366359398804375,1646
14:45:20220316,2022-03-16,2022,14:45,2021_2026,3135,30,30,0,0,-0.030116432919727393,0.65374685440520208,-0.68386328732492951,1709.5
14:30:20220323,2022-03-23,2022,14:30,2021_2026,3153,30,30,0,0,-0.10737281221590991,0.41990662247875871,-0.52727943469466865,1757
14:45:20220323,2022-03-23,2022,14:45,2021_2026,3152,30,30,0,0,-0.087259301629760699,0.41712800406894229,-0.50438730569870294,1514.5
14:30:20220330,2022-03-30,2022,14:30,2021_2026,3145,30,30,1,0.033333333333333333,-0.12267276034497709,0.42210051909117241,-0.5447732794361495,1415
14:45:20220330,2022-03-30,2022,14:45,2021_2026,3144,30,30,1,0.033333333333333333,-0.10814605768826321,0.41060504296071054,-0.51875110064897378,1211.5
14:30:20220408,2022-04-08,2022,14:30,2021_2026,3165,30,30,1,0.033333333333333333,-0.081217283325387288,0.64000688293963781,-0.72122416626502506,1463
14:45:20220408,2022-04-08,2022,14:45,2021_2026,3166,30,30,0,0,-0.077257851603131422,0.64586217789161771,-0.72312002949474907,1401
14:30:20220415,2022-04-15,2022,14:30,2021_2026,3189,30,30,0,0,-0.019944306107438855,0.55718176323159085,-0.57712606933902966,1308.5
14:45:20220415,2022-04-15,2022,14:45,2021_2026,3189,30,30,0,0,-0.010365521437459956,0.54087577610687498,-0.55124129754433493,1248.5
14:30:20220422,2022-04-22,2022,14:30,2021_2026,3183,30,30,0,0,0.077861746958408737,0.61758613554886699,-0.53972438859045824,914
14:45:20220422,2022-04-22,2022,14:45,2021_2026,3182,30,30,0,0,0.069181893241237566,0.62046927803440577,-0.55128738479316819,912.5
14:30:20220429,2022-04-29,2022,14:30,2021_2026,3114,30,30,0,0,0.12677184744973088,0.86194473747903977,-0.73517289002930886,1180
14:45:20220429,2022-04-29,2022,14:45,2021_2026,3108,30,30,0,0,0.13917215139026781,0.84932663170013301,-0.71015448030986517,1254
14:30:20220511,2022-05-11,2022,14:30,2021_2026,3189,30,30,1,0.033333333333333333,0.095722173640391497,0.69009040863827231,-0.59436823499788083,1348
14:45:20220511,2022-05-11,2022,14:45,2021_2026,3188,30,30,1,0.033333333333333333,0.10735390226326126,0.68963637854780002,-0.58228247628453877,1250
14:30:20220518,2022-05-18,2022,14:30,2021_2026,3191,30,30,0,0,0.12663526140116685,0.62102052323668888,-0.49438526183552201,796.5
14:45:20220518,2022-05-18,2022,14:45,2021_2026,3192,30,30,0,0,0.13786129288744514,0.62236372582137811,-0.48450243293393297,809
14:30:20220525,2022-05-25,2022,14:30,2021_2026,3191,30,30,0,0,0.17397438833543685,0.72785291498999671,-0.55387852665455983,595.5
14:45:20220525,2022-05-25,2022,14:45,2021_2026,3188,30,30,0,0,0.17578211029749252,0.72029393834467137,-0.54451182804717879,607.5
14:30:20220601,2022-06-01,2022,14:30,2021_2026,3198,30,30,1,0.033333333333333333,0.15228547139276175,0.72388053874316183,-0.57159506735040011,819.5
14:45:20220601,2022-06-01,2022,14:45,2021_2026,3200,30,30,2,0.066666666666666666,0.14399599923013262,0.71770750684654017,-0.57371150761640755,855.5
14:30:20220609,2022-06-09,2022,14:30,2021_2026,3227,30,30,0,0,0.12145592892631382,0.8522472402606327,-0.73079131133431885,986
14:45:20220609,2022-06-09,2022,14:45,2021_2026,3226,30,30,0,0,0.10450646135047149,0.8434556707235894,-0.73894920937311792,1223.5
14:30:20220616,2022-06-16,2022,14:30,2021_2026,3234,30,30,2,0.066666666666666666,0.091350806967299067,0.79305129906161864,-0.70170049209431962,940.5
14:45:20220616,2022-06-16,2022,14:45,2021_2026,3232,30,30,2,0.066666666666666666,0.077191737246640635,0.80054793370101152,-0.72335619645437088,1077.5
14:30:20220623,2022-06-23,2022,14:30,2021_2026,3221,30,30,0,0,0.063716961153274979,0.79398538031227295,-0.73026841915899798,1246
14:45:20220623,2022-06-23,2022,14:45,2021_2026,3219,30,30,0,0,0.052727411935648359,0.79115995720369192,-0.73843254526804358,1532
14:30:20220630,2022-06-30,2022,14:30,2021_2026,3227,30,30,0,0,0.096481950303762817,0.78440918912096913,-0.6879272388172063,954.5
14:45:20220630,2022-06-30,2022,14:45,2021_2026,3232,30,30,0,0,0.058312174160995281,0.78353186971019606,-0.72521969554920074,1335
14:30:20220707,2022-07-07,2022,14:30,2021_2026,3267,30,30,0,0,0.01082200672088162,0.60698608331292947,-0.59616407659204784,1518
14:45:20220707,2022-07-07,2022,14:45,2021_2026,3265,30,30,0,0,-0.00030895358869780599,0.61095715450855592,-0.61126610809725368,1534
14:30:20220714,2022-07-14,2022,14:30,2021_2026,3279,30,30,0,0,0.10470135765850734,0.72552157171463028,-0.62082021405612298,1242.5
14:45:20220714,2022-07-14,2022,14:45,2021_2026,3281,30,30,0,0,0.097612264176267019,0.72160530690114855,-0.62399304272488154,1136.5
14:30:20220721,2022-07-21,2022,14:30,2021_2026,3281,30,30,1,0.033333333333333333,0.042583662615329677,0.67853354706644275,-0.63594988445111311,2263.5
14:45:20220721,2022-07-21,2022,14:45,2021_2026,3282,30,30,0,0,0.047965342484381397,0.68684337130138995,-0.6388780288170085,1922
14:30:20220728,2022-07-28,2022,14:30,2021_2026,3266,30,30,0,0,-0.031760718186581015,0.52904697620707608,-0.56080769439365707,1827
14:45:20220728,2022-07-28,2022,14:45,2021_2026,3261,30,30,0,0,-0.044505273917499574,0.53505329796631884,-0.57955857188381843,2171
14:30:20220804,2022-08-04,2022,14:30,2021_2026,3313,30,30,3,0.10000000000000001,0.024019909835641735,0.47431288660962861,-0.45029297677398689,1831.5
14:45:20220804,2022-08-04,2022,14:45,2021_2026,3310,30,30,2,0.066666666666666666,0.026033149562776019,0.47923273704862102,-0.45319958748584499,1675
14:30:20220811,2022-08-11,2022,14:30,2021_2026,3319,30,30,1,0.033333333333333333,-0.027830539930734886,0.55797017029195328,-0.5858007102226882,1750
14:45:20220811,2022-08-11,2022,14:45,2021_2026,3317,30,30,1,0.033333333333333333,0.011013315877826042,0.5586855245135407,-0.54767220863571464,1112.5
14:30:20220818,2022-08-18,2022,14:30,2021_2026,3317,30,30,0,0,-0.14375986523097811,0.34978493006603867,-0.49354479529701678,2265
14:45:20220818,2022-08-18,2022,14:45,2021_2026,3315,30,30,0,0,-0.14344273257705947,0.33860599770034155,-0.48204873027740103,2068
14:30:20220825,2022-08-25,2022,14:30,2021_2026,3318,30,30,1,0.033333333333333333,-0.081312715725944576,0.34196638911996102,-0.42327910484590558,2124
14:45:20220825,2022-08-25,2022,14:45,2021_2026,3316,30,30,1,0.033333333333333333,-0.080860149975299667,0.33241042175350555,-0.41327057172880521,2023.5
14:30:20220901,2022-09-01,2022,14:30,2021_2026,3345,30,30,1,0.033333333333333333,-0.09635818953407739,0.34015658529543497,-0.43651477482951234,1964.5
14:45:20220901,2022-09-01,2022,14:45,2021_2026,3345,30,30,0,0,-0.10169673209390898,0.34156591643927731,-0.44326264853318631,2005.5
14:30:20220908,2022-09-08,2022,14:30,2021_2026,3360,30,30,1,0.033333333333333333,-0.036413401438380774,0.45452518652361362,-0.49093858796199441,1715
14:45:20220908,2022-09-08,2022,14:45,2021_2026,3359,30,30,1,0.033333333333333333,-0.035331696063219571,0.44605698827839396,-0.48138868434161353,1607
14:30:20220916,2022-09-16,2022,14:30,2021_2026,3376,30,30,0,0,0.0013081582950004501,0.65463741994442703,-0.65332926164942662,1694
14:45:20220916,2022-09-16,2022,14:45,2021_2026,3376,30,30,0,0,-0.00047046246523141746,0.6585931053644607,-0.65906356782969211,1757.5
14:30:20220923,2022-09-23,2022,14:30,2021_2026,3371,30,30,0,0,-0.004096954694612783,0.57859035661863245,-0.58268731131324525,962.5
14:45:20220923,2022-09-23,2022,14:45,2021_2026,3370,30,30,0,0,-0.019220898301745774,0.57143810446563392,-0.5906590027673797,1246.5
14:30:20220930,2022-09-30,2022,14:30,2021_2026,3379,30,30,0,0,0.10669993461883726,0.69676324739769024,-0.59006331277885304,1880
14:45:20220930,2022-09-30,2022,14:45,2021_2026,3379,30,30,0,0,0.094528073795863227,0.69642160106035977,-0.60189352726449652,1911.5
14:30:20221014,2022-10-14,2022,14:30,2021_2026,3380,30,30,0,0,0.080739867406388097,0.66628927282034778,-0.58554940541395972,1162.5
14:45:20221014,2022-10-14,2022,14:45,2021_2026,3380,30,30,0,0,0.080951610383757922,0.67700805947807652,-0.59605644909431854,1135.5
14:30:20221021,2022-10-21,2022,14:30,2021_2026,3394,30,30,0,0,0.10456885565352395,0.71484732895902348,-0.61027847330549956,795.5
14:45:20221021,2022-10-21,2022,14:45,2021_2026,3393,30,30,0,0,0.11024763944877519,0.71150825122302874,-0.60126061177425361,682.5
14:30:20221028,2022-10-28,2022,14:30,2021_2026,3416,30,30,0,0,0.090113073540223534,0.63447743911804511,-0.54436436557782153,1453
14:45:20221028,2022-10-28,2022,14:45,2021_2026,3416,30,30,1,0.033333333333333333,0.10508282303600944,0.64884893512991104,-0.54376611209390158,1467
14:30:20221104,2022-11-04,2022,14:30,2021_2026,3417,30,30,1,0.033333333333333333,0.045235047888914935,0.65776698368339337,-0.6125319357944784,2167.5
14:45:20221104,2022-11-04,2022,14:45,2021_2026,3416,30,30,0,0,0.033965751932643722,0.64980928347760314,-0.61584353154495941,1657.5
14:30:20221111,2022-11-11,2022,14:30,2021_2026,3428,30,30,0,0,0.031333310731537396,0.57744701738116189,-0.54611370664962444,1467.5
14:45:20221111,2022-11-11,2022,14:45,2021_2026,3427,30,30,0,0,0.046826400076247603,0.57766304439790706,-0.53083664432165945,1413.5
14:30:20221118,2022-11-18,2022,14:30,2021_2026,3434,30,30,0,0,-0.0025423329637154399,0.49372442789535181,-0.49626676085906724,1678.5
14:45:20221118,2022-11-18,2022,14:45,2021_2026,3435,30,30,0,0,0.032304486200778006,0.49735633126179357,-0.46505184506101555,1513.5
14:30:20221125,2022-11-25,2022,14:30,2021_2026,3430,30,30,0,0,-0.034519703440077563,0.51929709751386943,-0.55381680095394703,2030
14:45:20221125,2022-11-25,2022,14:45,2021_2026,3429,30,30,0,0,-0.02198244746797948,0.52849102984514595,-0.55047347731312546,1894
14:30:20221202,2022-12-02,2022,14:30,2021_2026,3452,30,30,0,0,-0.063540395287720763,0.47361354441191339,-0.5371539396996341,2287
14:45:20221202,2022-12-02,2022,14:45,2021_2026,3454,30,30,0,0,-0.051057538340174548,0.47140918630617773,-0.52246672464635224,2075
14:30:20221209,2022-12-09,2022,14:30,2021_2026,3467,30,30,0,0,-0.021132955490777032,0.44879076450822486,-0.4699237199990019,1831
14:45:20221209,2022-12-09,2022,14:45,2021_2026,3465,30,30,0,0,-0.024126566551115194,0.44427436918601815,-0.46840093573713332,1804.5
14:30:20221216,2022-12-16,2022,14:30,2021_2026,3475,30,30,0,0,0.0082866766733727098,0.48338428658373911,-0.47509760991036643,1362
14:45:20221216,2022-12-16,2022,14:45,2021_2026,3475,30,30,0,0,0.019845417850863432,0.47683410072575505,-0.45698868287489164,1222.5
14:30:20221223,2022-12-23,2022,14:30,2021_2026,3468,30,30,0,0,0.12007774631764444,0.56039429223447934,-0.44031654591683489,1369
14:45:20221223,2022-12-23,2022,14:45,2021_2026,3468,30,30,0,0,0.10107351458811167,0.55957387068326969,-0.45850035609515805,1485.5
14:30:20221230,2022-12-30,2022,14:30,2021_2026,3466,30,30,0,0,0.10679396011560381,0.65282625494148638,-0.54603229482588256,1471
14:45:20221230,2022-12-30,2022,14:45,2021_2026,3467,30,30,0,0,0.11338315465178014,0.64547890062614377,-0.5320957459743636,1910
14:30:20230109,2023-01-09,2023,14:30,2021_2026,3500,30,30,0,0,0.071581617488000224,0.65823655130581449,-0.58665493381781431,2461
14:45:20230109,2023-01-09,2023,14:45,2021_2026,3499,30,30,0,0,0.063333634030492247,0.65682756069123782,-0.59349392666074552,2369
14:30:20230116,2023-01-16,2023,14:30,2021_2026,3512,30,30,0,0,0.057218737780107221,0.69021832076570744,-0.63299958298560022,2136.5
14:45:20230116,2023-01-16,2023,14:45,2021_2026,3514,30,30,0,0,0.050054208626754332,0.68972127401781447,-0.63966706539106011,2116
14:30:20230130,2023-01-30,2023,14:30,2021_2026,3490,30,30,0,0,0.0017227933166909625,0.50154238489970393,-0.49981959158301298,2003
14:45:20230130,2023-01-30,2023,14:45,2021_2026,3490,30,30,0,0,-0.010204608768830607,0.50258431142532112,-0.51278892019415168,2568
14:30:20230206,2023-02-06,2023,14:30,2021_2026,3525,30,30,0,0,-0.025949479748809633,0.41204872683643401,-0.43799820658524363,2733.5
14:45:20230206,2023-02-06,2023,14:45,2021_2026,3525,30,30,0,0,-0.022269034954394931,0.41426044977153897,-0.43652948472593389,2641
14:30:20230213,2023-02-13,2023,14:30,2021_2026,3534,30,30,0,0,-0.075806324250144469,0.42401741966315715,-0.49982374391330164,3002.5
14:45:20230213,2023-02-13,2023,14:45,2021_2026,3533,30,30,0,0,-0.067150609424504168,0.42319139171653691,-0.4903420011410411,2837.5
14:30:20230220,2023-02-20,2023,14:30,2021_2026,3540,30,30,0,0,-0.088213103466022,0.51830275562210215,-0.60651585908812411,2905
14:45:20230220,2023-02-20,2023,14:45,2021_2026,3539,30,30,0,0,-0.091102897967876614,0.51525728550143812,-0.60636018346931475,2964
14:30:20230227,2023-02-27,2023,14:30,2021_2026,3548,30,30,0,0,-0.049780190494339911,0.71204037100019202,-0.76182056149453192,2757
14:45:20230227,2023-02-27,2023,14:45,2021_2026,3548,30,30,0,0,-0.072704612778851957,0.7027194020554538,-0.77542401483430579,2871
14:30:20230306,2023-03-06,2023,14:30,2021_2026,3569,30,30,0,0,-0.06939710054413803,0.7155796791834147,-0.78497677972755275,2789.5
14:45:20230306,2023-03-06,2023,14:45,2021_2026,3569,30,30,0,0,-0.05494604420969515,0.71711027872358457,-0.77205632293327975,2780.5
14:30:20230313,2023-03-13,2023,14:30,2021_2026,3569,30,30,0,0,-0.054776654754137656,0.69378434026282321,-0.74856099501696083,2498.5
14:45:20230313,2023-03-13,2023,14:45,2021_2026,3569,30,30,0,0,-0.050252423107907979,0.68031394004291279,-0.7305663631508208,2273
14:30:20230320,2023-03-20,2023,14:30,2021_2026,3583,30,30,0,0,-0.024658792438384692,0.62463834855826061,-0.64929714099664526,2803.5
14:45:20230320,2023-03-20,2023,14:45,2021_2026,3583,30,30,0,0,-0.010158519545919323,0.62634311498835671,-0.636501634534276,2768.5
14:30:20230327,2023-03-27,2023,14:30,2021_2026,3583,30,30,0,0,-0.077674237387891212,0.59667313910853437,-0.67434737649642562,2283.5
14:45:20230327,2023-03-27,2023,14:45,2021_2026,3583,30,30,0,0,-0.087332505703593633,0.60105529255559142,-0.68838779825918506,2439
14:30:20230403,2023-04-03,2023,14:30,2021_2026,3578,30,30,0,0,-0.087688396788927453,0.72142846647410852,-0.809116863263036,2563
14:45:20230403,2023-04-03,2023,14:45,2021_2026,3579,30,30,0,0,-0.077883701610606246,0.70925043788101205,-0.78713413949161826,2441.5
14:30:20230411,2023-04-11,2023,14:30,2021_2026,3603,30,30,1,0.033333333333333333,-0.053902107711821877,0.62504999288683716,-0.67895210059865907,2526
14:45:20230411,2023-04-11,2023,14:45,2021_2026,3603,30,30,1,0.033333333333333333,-0.051180984874970928,0.62766542336037623,-0.67884640823534714,2504
14:30:20230418,2023-04-18,2023,14:30,2021_2026,3615,30,30,0,0,-0.047134516643547418,0.48274136565527198,-0.52987588229881943,2156
14:45:20230418,2023-04-18,2023,14:45,2021_2026,3615,30,30,0,0,-0.036547162678857784,0.48487489487977181,-0.52142205755862958,2016.5
14:30:20230425,2023-04-25,2023,14:30,2021_2026,3611,30,30,0,0,0.044646517974598073,0.57772576260249031,-0.53307924462789225,1517.5
14:45:20230425,2023-04-25,2023,14:45,2021_2026,3608,30,30,0,0,0.040228021346973772,0.57627261744906455,-0.53604459610209076,1707.5
14:30:20230505,2023-05-05,2023,14:30,2021_2026,3615,30,30,2,0.066666666666666666,0.050067014596628941,0.53001833472419591,-0.47995132012756697,1059
14:45:20230505,2023-05-05,2023,14:45,2021_2026,3614,30,30,2,0.066666666666666666,0.040154172919192196,0.5250433989005453,-0.48488922598135309,1172.5
14:30:20230512,2023-05-12,2023,14:30,2021_2026,3623,30,30,1,0.033333333333333333,0.029599035144288331,0.59343820634802347,-0.56383917120373517,1780
14:45:20230512,2023-05-12,2023,14:45,2021_2026,3622,30,30,1,0.033333333333333333,0.026719894303319305,0.59302317983484298,-0.56630328553152365,1945.5
14:30:20230519,2023-05-19,2023,14:30,2021_2026,3635,30,30,0,0,0.017062571823602334,0.69197694136470922,-0.67491436954110684,1972
14:45:20230519,2023-05-19,2023,14:45,2021_2026,3635,30,30,0,0,0.023514411860016647,0.69464248089403513,-0.67112806903401845,1754.5
14:30:20230526,2023-05-26,2023,14:30,2021_2026,3617,30,30,1,0.033333333333333333,0.032247482757419843,0.58327683329090219,-0.55102935053348234,1584.5
14:45:20230526,2023-05-26,2023,14:45,2021_2026,3617,30,30,1,0.033333333333333333,0.025504942484580385,0.58212891055199356,-0.55662396806741321,1520.5
14:30:20230602,2023-06-02,2023,14:30,2021_2026,3619,30,30,0,0,0.038881803260817159,0.60972744407117763,-0.57084564081036049,1137.5
14:45:20230602,2023-06-02,2023,14:45,2021_2026,3619,30,30,0,0,0.044069314861819857,0.61413684090816612,-0.57006752604634625,999
14:30:20230609,2023-06-09,2023,14:30,2021_2026,3630,30,30,1,0.033333333333333333,0.10890319806819475,0.55689444333964566,-0.4479912452714509,784.5
14:45:20230609,2023-06-09,2023,14:45,2021_2026,3627,30,30,1,0.033333333333333333,0.10791624421552302,0.55551719906008223,-0.4476009548445592,770.5
14:30:20230616,2023-06-16,2023,14:30,2021_2026,3647,30,30,1,0.033333333333333333,0.025098780909148157,0.44568492013016608,-0.42058613922101795,1965.5
14:45:20230616,2023-06-16,2023,14:45,2021_2026,3646,30,30,1,0.033333333333333333,0.019856306822196326,0.44752281926014997,-0.42766651243795367,2034
14:30:20230627,2023-06-27,2023,14:30,2021_2026,3634,30,30,1,0.033333333333333333,0.031203767768285942,0.42533378248925879,-0.39413001472097287,2106
14:45:20230627,2023-06-27,2023,14:45,2021_2026,3632,30,30,1,0.033333333333333333,0.043576414856450044,0.42579026503069911,-0.38221385017424908,1956.5
14:30:20230704,2023-07-04,2023,14:30,2021_2026,3656,30,30,0,0,-0.034689856774560782,0.46916031066493363,-0.5038501674394944,2060
14:45:20230704,2023-07-04,2023,14:45,2021_2026,3655,30,30,0,0,-0.036326444058798389,0.46565173638704305,-0.50197818044584142,1958.5
14:30:20230711,2023-07-11,2023,14:30,2021_2026,3675,30,30,1,0.033333333333333333,-0.028719166011309773,0.47095453225932959,-0.49967369827063934,2474.5
14:45:20230711,2023-07-11,2023,14:45,2021_2026,3674,30,30,0,0,-0.050750708257298452,0.4675662763139169,-0.51831698457121533,2384.5
14:30:20230718,2023-07-18,2023,14:30,2021_2026,3692,30,30,0,0,-0.06107055782706694,0.47721615657676281,-0.53828671440382969,2533.5
14:45:20230718,2023-07-18,2023,14:45,2021_2026,3692,30,30,0,0,-0.058627605648799201,0.47531009734546431,-0.53393770299426346,2451.5
14:30:20230725,2023-07-25,2023,14:30,2021_2026,3676,30,30,0,0,-0.066152968063282261,0.39469522530408813,-0.46084819336737037,2296
14:45:20230725,2023-07-25,2023,14:45,2021_2026,3676,30,30,0,0,-0.066617776379110663,0.38712136385558299,-0.45373914023469364,2279
14:30:20230801,2023-08-01,2023,14:30,2021_2026,3686,30,30,0,0,-0.046974576480764425,0.45044730892775608,-0.4974218854085205,2371
14:45:20230801,2023-08-01,2023,14:45,2021_2026,3685,30,30,0,0,-0.056111834807330764,0.44876815537338677,-0.5048799901807175,2471
14:30:20230808,2023-08-08,2023,14:30,2021_2026,3696,30,30,0,0,-0.02547623253334607,0.3855363293924447,-0.41101256192579078,1797
14:45:20230808,2023-08-08,2023,14:45,2021_2026,3696,30,30,0,0,-0.01861935929758219,0.38837831294835096,-0.40699767224593314,1611.5
14:30:20230815,2023-08-15,2023,14:30,2021_2026,3708,30,30,0,0,0.028095959600303758,0.5139866162665655,-0.48589065666626174,1764.5
14:45:20230815,2023-08-15,2023,14:45,2021_2026,3707,30,30,0,0,0.01768137321191204,0.51384416030630353,-0.49616278709439149,1776.5
14:30:20230822,2023-08-22,2023,14:30,2021_2026,3713,30,30,0,0,0.036833190651971111,0.56728001238327141,-0.53044682173130031,1393
14:45:20230822,2023-08-22,2023,14:45,2021_2026,3712,30,30,0,0,0.026962415486253902,0.56870838722621919,-0.5417459717399653,1403.5
14:30:20230829,2023-08-29,2023,14:30,2021_2026,3696,30,30,1,0.033333333333333333,0.02513231560870997,0.64582774193010761,-0.62069542632139763,1601.5
14:45:20230829,2023-08-29,2023,14:45,2021_2026,3694,30,30,1,0.033333333333333333,0.037979635187777298,0.63955703259755625,-0.601577397409779,1397
14:30:20230905,2023-09-05,2023,14:30,2021_2026,3721,30,30,0,0,-0.010935297292302745,0.58915883587560314,-0.60009413316790583,1713.5
14:45:20230905,2023-09-05,2023,14:45,2021_2026,3721,30,30,0,0,0.0098459256593122421,0.59378958989064157,-0.58394366423132937,1156
14:30:20230912,2023-09-12,2023,14:30,2021_2026,3726,30,30,0,0,-0.035395571811418121,0.5812774405957396,-0.61667301240715777,1924
14:45:20230912,2023-09-12,2023,14:45,2021_2026,3726,30,30,0,0,-0.03956734769945533,0.58366494419559178,-0.62323229189504714,1633.5
14:30:20230919,2023-09-19,2023,14:30,2021_2026,3734,30,30,0,0,-0.074164707873858676,0.65124508467139164,-0.72540979254525029,2752
14:45:20230919,2023-09-19,2023,14:45,2021_2026,3734,30,30,0,0,-0.069844272130121635,0.6504649575148832,-0.72030922964500488,2596.5
14:30:20230926,2023-09-26,2023,14:30,2021_2026,3741,30,30,0,0,-0.066162410089247489,0.64208308257432201,-0.70824549266356951,3143.5
14:45:20230926,2023-09-26,2023,14:45,2021_2026,3742,30,30,0,0,-0.056546434001817227,0.64365116516880505,-0.7001975991706223,3123.5
14:30:20231011,2023-10-11,2023,14:30,2021_2026,3738,30,30,0,0,0.0049485710300186522,0.65646663776705994,-0.65151806673704127,2350
14:45:20231011,2023-10-11,2023,14:45,2021_2026,3738,30,30,0,0,0.0080321793423163701,0.66339348069203674,-0.65536130134972037,2303.5
14:30:20231018,2023-10-18,2023,14:30,2021_2026,3756,30,30,0,0,0.058822526874639076,0.65846942126940544,-0.59964689439476637,1949
14:45:20231018,2023-10-18,2023,14:45,2021_2026,3754,30,30,0,0,0.043624822130553513,0.65588919387124134,-0.61226437174068782,2201
14:30:20231025,2023-10-25,2023,14:30,2021_2026,3745,30,30,0,0,0.094027630851052466,0.78394653519839275,-0.68991890434734027,953
14:45:20231025,2023-10-25,2023,14:45,2021_2026,3746,30,30,0,0,0.098367812806925414,0.77238160461550598,-0.67401379180858056,989
14:30:20231101,2023-11-01,2023,14:30,2021_2026,3769,30,30,0,0,0.06250684277574288,0.57366562537852983,-0.51115878260278691,880.5
14:45:20231101,2023-11-01,2023,14:45,2021_2026,3768,30,30,0,0,0.063757026189669705,0.58293847271956833,-0.51918144652989862,997.5
14:30:20231108,2023-11-08,2023,14:30,2021_2026,3765,30,30,0,0,0.0065672305781555957,0.55207396359218774,-0.54550673301403219,2048
14:45:20231108,2023-11-08,2023,14:45,2021_2026,3764,30,30,0,0,0.0016225514861589075,0.54106245558973487,-0.53943990410357601,2084
14:30:20231115,2023-11-15,2023,14:30,2021_2026,3783,30,30,0,0,-0.003019643731770516,0.57575906374944408,-0.57877870748121463,1667
14:45:20231115,2023-11-15,2023,14:45,2021_2026,3783,30,30,0,0,-0.01006405308677356,0.572649352067369,-0.58271340515414261,1938.5
14:30:20231122,2023-11-22,2023,14:30,2021_2026,3794,30,30,0,0,-0.041531063077654133,0.4783013582416647,-0.51983242131931884,1855
14:45:20231122,2023-11-22,2023,14:45,2021_2026,3794,30,30,0,0,-0.0497059744287279,0.47342336295014908,-0.52312933737887701,2071
14:30:20231129,2023-11-29,2023,14:30,2021_2026,3811,30,30,0,0,-0.075137884076144065,0.4655641040598405,-0.54070198813598458,2376
14:45:20231129,2023-11-29,2023,14:45,2021_2026,3811,30,30,0,0,-0.078952261795701612,0.46620028687211029,-0.54515254866781193,2336
14:30:20231206,2023-12-06,2023,14:30,2021_2026,3811,30,30,0,0,-0.069623429430654221,0.37053611876015807,-0.44015954819081227,2844
14:45:20231206,2023-12-06,2023,14:45,2021_2026,3812,30,30,0,0,-0.069793308435499704,0.37194465493894263,-0.44173796337444232,2934
14:30:20231213,2023-12-13,2023,14:30,2021_2026,3825,30,30,0,0,-0.11336998949048442,0.37543926064310379,-0.48880925013358822,3345.5
14:45:20231213,2023-12-13,2023,14:45,2021_2026,3825,30,30,0,0,-0.10635083139249032,0.37698993373710171,-0.48334076512959201,3286.5
14:30:20231220,2023-12-20,2023,14:30,2021_2026,3845,30,30,0,0,-0.11272961600124214,0.36790911633040257,-0.48063873233164472,2889.5
14:45:20231220,2023-12-20,2023,14:45,2021_2026,3844,30,30,0,0,-0.13282258930965229,0.3714495090263536,-0.50427209833600584,3150
14:30:20231227,2023-12-27,2023,14:30,2021_2026,3856,30,30,0,0,-0.077047524645756427,0.41419055819553197,-0.49123808284128839,2995
14:45:20231227,2023-12-27,2023,14:45,2021_2026,3855,30,30,0,0,-0.073910249548708451,0.41173069809270474,-0.48564094764141319,2141.5
14:30:20240104,2024-01-04,2024,14:30,2021_2026,3853,30,30,1,0.033333333333333333,-0.17403394170724873,0.23271987492539678,-0.40675381663264554,1635.5
14:45:20240104,2024-01-04,2024,14:45,2021_2026,3853,30,30,1,0.033333333333333333,-0.21181552996618661,0.23499307953756771,-0.44680860950375434,2148.5
14:30:20240111,2024-01-11,2024,14:30,2021_2026,3853,30,30,0,0,-0.12275810154576371,0.20078719270667217,-0.32354529425243589,867.5
14:45:20240111,2024-01-11,2024,14:45,2021_2026,3853,30,30,0,0,-0.13151897721046282,0.2037402619454857,-0.33525923915594852,839.5
14:30:20240118,2024-01-18,2024,14:30,2021_2026,3872,30,30,0,0,0.021094235571070246,0.36073906430618502,-0.33964482873511476,801
14:45:20240118,2024-01-18,2024,14:45,2021_2026,3872,30,30,0,0,0.0041403833863713864,0.34908582626951834,-0.34494544288314694,781.5
14:30:20240125,2024-01-25,2024,14:30,2021_2026,3850,30,30,0,0,0.03850739278302244,0.39146724813181127,-0.35295985534878882,1200
14:45:20240125,2024-01-25,2024,14:45,2021_2026,3848,30,30,1,0.033333333333333333,0.030344521772411068,0.37899738010124318,-0.34865285832883208,1253.5
14:30:20240201,2024-02-01,2024,14:30,2021_2026,3877,30,30,1,0.033333333333333333,0.23577271811070905,0.74210881006570306,-0.50633609195499396,472
14:45:20240201,2024-02-01,2024,14:45,2021_2026,3877,30,30,1,0.033333333333333333,0.23256826722268686,0.74369722140235472,-0.51112895417966786,475.5
14:30:20240208,2024-02-08,2024,14:30,2021_2026,3763,30,30,2,0.066666666666666666,0.39478139408381296,1.0485447443398441,-0.65376335025603116,913
14:45:20240208,2024-02-08,2024,14:45,2021_2026,3710,30,30,2,0.066666666666666666,0.38695220610254488,1.0276120288861352,-0.64065982278359035,888.5
14:30:20240223,2024-02-23,2024,14:30,2021_2026,3851,30,30,1,0.033333333333333333,0.17770498015614331,0.7923258004716931,-0.61462082031554977,1062
14:45:20240223,2024-02-23,2024,14:45,2021_2026,3847,30,30,1,0.033333333333333333,0.16991643216527633,0.77454178816359109,-0.6046253559983148,1157
14:30:20240301,2024-03-01,2024,14:30,2021_2026,3885,30,30,0,0,0.0029898902255376613,0.72839459633280335,-0.72540470610726571,2359.5
14:45:20240301,2024-03-01,2024,14:45,2021_2026,3885,30,30,0,0,0.010693120217166733,0.73064450636366718,-0.71995138614650045,2314
14:30:20240308,2024-03-08,2024,14:30,2021_2026,3888,30,30,0,0,0.031555089614063767,0.66056387624476898,-0.62900878663070525,2352
14:45:20240308,2024-03-08,2024,14:45,2021_2026,3887,30,30,0,0,0.018215670608972123,0.65890949028897861,-0.64069381968000649,2223
14:30:20240315,2024-03-15,2024,14:30,2021_2026,3889,30,30,0,0,-0.19148152683671457,0.43630984416017615,-0.62779137099689075,3081.5
14:45:20240315,2024-03-15,2024,14:45,2021_2026,3886,30,30,0,0,-0.16598593377051885,0.42896348292708847,-0.59494941669760726,2492.5
14:30:20240322,2024-03-22,2024,14:30,2021_2026,3897,30,30,0,0,-0.18984567939771857,0.50496661860446945,-0.69481229800218802,2949.5
14:45:20240322,2024-03-22,2024,14:45,2021_2026,3895,30,30,0,0,-0.18418366432047331,0.49683397917570654,-0.68101764349617988,3057.5
14:30:20240329,2024-03-29,2024,14:30,2021_2026,3894,30,30,0,0,-0.049336894786427381,0.5272608298573298,-0.57659772464375714,2720
14:45:20240329,2024-03-29,2024,14:45,2021_2026,3894,30,30,0,0,-0.047737753698253844,0.52532472851886569,-0.57306248221711953,2566.5
14:30:20240409,2024-04-09,2024,14:30,2021_2026,3903,30,30,0,0,-0.031807695290179051,0.5439535179102738,-0.57576121320045281,2327
14:45:20240409,2024-04-09,2024,14:45,2021_2026,3903,30,30,0,0,-0.042664989504857406,0.54420641593446828,-0.5868714054393257,2468.5
14:30:20240416,2024-04-16,2024,14:30,2021_2026,3925,30,30,0,0,0.13667995012723466,0.97039619409407629,-0.83371624396684163,1507.5
14:45:20240416,2024-04-16,2024,14:45,2021_2026,3925,30,30,0,0,0.16556653145782552,0.97733168074282739,-0.81176514928500187,1467.5
14:30:20240423,2024-04-23,2024,14:30,2021_2026,3893,30,30,0,0,0.091890839826166512,0.79852533148985783,-0.7066344916636913,2018.5
14:45:20240423,2024-04-23,2024,14:45,2021_2026,3896,30,30,0,0,0.075392796190568698,0.78962147720987863,-0.71422868101930992,1962.5
14:30:20240430,2024-04-30,2024,14:30,2021_2026,3891,30,30,0,0,-0.065861121379983595,0.53463072763533481,-0.60049184901531838,3098.5
14:45:20240430,2024-04-30,2024,14:45,2021_2026,3892,30,30,1,0.033333333333333333,-0.042851600594348206,0.5336297343313845,-0.57648133492573272,3202
14:30:20240510,2024-05-10,2024,14:30,2021_2026,3923,30,30,0,0,-0.20981330276046398,0.36962927463036926,-0.57944257739083327,3539.5
14:45:20240510,2024-05-10,2024,14:45,2021_2026,3925,30,30,0,0,-0.18978965687509572,0.35865344912966252,-0.54844310600475821,3395.5
14:30:20240517,2024-05-17,2024,14:30,2021_2026,3916,30,30,0,0,-0.13523666704016302,0.52880522784956996,-0.66404189488973298,2406.5
14:45:20240517,2024-05-17,2024,14:45,2021_2026,3906,30,30,0,0,-0.12911572612291383,0.53121586716864522,-0.66033159329155899,2370.5
14:30:20240524,2024-05-24,2024,14:30,2021_2026,3933,30,30,0,0,-0.15762198118727191,0.48304848278906404,-0.64067046397633598,3235
14:45:20240524,2024-05-24,2024,14:45,2021_2026,3933,30,30,0,0,-0.14929541160734222,0.47802554369810618,-0.6273209553054484,3217.5
14:30:20240531,2024-05-31,2024,14:30,2021_2026,3923,30,30,0,0,-0.11247087218129967,0.43831525706523755,-0.55078612924653725,2379.5
14:45:20240531,2024-05-31,2024,14:45,2021_2026,3922,30,30,0,0,-0.098688720023780124,0.44095369647481181,-0.5396424164985919,2028.5
14:30:20240607,2024-06-07,2024,14:30,2021_2026,3917,30,30,3,0.10000000000000001,0.011725886336452655,0.38329631066202757,-0.37157042432557491,1041.5
14:45:20240607,2024-06-07,2024,14:45,2021_2026,3914,30,30,2,0.066666666666666666,-0.0023125326079677841,0.38236691351685859,-0.38467944612482635,1069
14:30:20240617,2024-06-17,2024,14:30,2021_2026,3953,30,30,1,0.033333333333333333,-0.075521864753813797,0.41532084048792978,-0.49084270524174356,2844.5
14:45:20240617,2024-06-17,2024,14:45,2021_2026,3953,30,30,1,0.033333333333333333,-0.061261767591672643,0.41780689180666847,-0.47906865939834109,2616
14:30:20240624,2024-06-24,2024,14:30,2021_2026,3958,30,30,3,0.10000000000000001,0.065740271580035828,0.5052883760728224,-0.43954810449278658,746
14:45:20240624,2024-06-24,2024,14:45,2021_2026,3956,30,30,3,0.10000000000000001,0.12018508310893923,0.51517449801753079,-0.39498941490859157,344
14:30:20240701,2024-07-01,2024,14:30,2021_2026,3928,30,30,2,0.066666666666666666,0.031621342683717649,0.63825805694788451,-0.60663671426416688,1728
14:45:20240701,2024-07-01,2024,14:45,2021_2026,3928,30,30,2,0.066666666666666666,0.059541195484303096,0.64040240786778824,-0.58086121238348509,1431.5
14:30:20240708,2024-07-08,2024,14:30,2021_2026,3965,30,30,1,0.033333333333333333,0.082095750317265584,0.82107233678644376,-0.73897658646917819,1097
14:45:20240708,2024-07-08,2024,14:45,2021_2026,3965,30,30,1,0.033333333333333333,0.084213755398641787,0.81141442614379722,-0.72720067074515549,1099.5
14:30:20240715,2024-07-15,2024,14:30,2021_2026,3971,30,30,1,0.033333333333333333,0.067129859353551175,0.54555056071276342,-0.47842070135921222,1766.5
14:45:20240715,2024-07-15,2024,14:45,2021_2026,3971,30,30,1,0.033333333333333333,0.055479419684833678,0.53807896128604293,-0.48259954160120927,1789
14:30:20240722,2024-07-22,2024,14:30,2021_2026,3964,30,30,0,0,-0.025653084465570124,0.57553972508232332,-0.60119280954789345,2599
14:45:20240722,2024-07-22,2024,14:45,2021_2026,3961,30,30,0,0,-0.030059537171792248,0.56299463922972026,-0.59305417640151248,2649.5
14:30:20240729,2024-07-29,2024,14:30,2021_2026,3937,30,30,0,0,-0.027443629737835751,0.49445077546362864,-0.52189440520146435,2125
14:45:20240729,2024-07-29,2024,14:45,2021_2026,3935,30,30,0,0,-0.0064914408132004629,0.487790370405839,-0.49428181121903947,1781
14:30:20240805,2024-08-05,2024,14:30,2021_2026,3962,30,30,1,0.033333333333333333,-0.0080953639295609139,0.60589160496603489,-0.61398696889559579,2204
14:45:20240805,2024-08-05,2024,14:45,2021_2026,3962,30,30,0,0,-0.0084895416874625658,0.59384031003743631,-0.60232985172489883,2038.5
14:30:20240812,2024-08-12,2024,14:30,2021_2026,3989,30,30,0,0,0.0033286737679643222,0.52975665392573767,-0.52642798015777337,960.5
14:45:20240812,2024-08-12,2024,14:45,2021_2026,3987,30,30,0,0,0.011020697805815527,0.53655749523905272,-0.52553679743323722,955.5
14:30:20240819,2024-08-19,2024,14:30,2021_2026,3985,30,30,0,0,-0.043985444872911117,0.3951866805568065,-0.43917212542971762,1555.5
14:45:20240819,2024-08-19,2024,14:45,2021_2026,3985,30,30,0,0,-0.050643969766379394,0.39405746263649133,-0.44470143240287074,1919.5
14:30:20240826,2024-08-26,2024,14:30,2021_2026,3975,30,30,0,0,0.058336958072181935,0.67307651083575071,-0.61473955276356873,2104.5
14:45:20240826,2024-08-26,2024,14:45,2021_2026,3976,30,30,0,0,0.044529536628447122,0.67220588882206977,-0.62767635219362261,2265.5
14:30:20240902,2024-09-02,2024,14:30,2021_2026,3989,30,30,1,0.033333333333333333,0.32378509847553233,1.6200808222331624,-1.29629572375763,1846
14:45:20240902,2024-09-02,2024,14:45,2021_2026,3989,30,30,1,0.033333333333333333,0.31520341262244339,1.5551905582352705,-1.2399871456128271,1448.5
14:30:20240909,2024-09-09,2024,14:30,2021_2026,4006,30,30,0,0,0.27573736769846052,1.4603475175610481,-1.1846101498625876,1571
14:45:20240909,2024-09-09,2024,14:45,2021_2026,4005,30,30,0,0,0.27073256684982622,1.4636412527344469,-1.1929086858846207,1369
14:30:20240918,2024-09-18,2024,14:30,2021_2026,4027,30,30,0,0,0.39588075097678754,1.8276896293845062,-1.4318088784077188,1437.5
14:45:20240918,2024-09-18,2024,14:45,2021_2026,4027,30,30,0,0,0.39841427286128994,1.7959124894921661,-1.397498216630876,1501.5
14:30:20240925,2024-09-25,2024,14:30,2021_2026,3999,30,30,0,0,0.26739593875992979,1.8757565988515132,-1.6083606600915834,2395
14:45:20240925,2024-09-25,2024,14:45,2021_2026,3999,30,30,0,0,0.25798144299827119,1.91737395978991,-1.6593925167916388,2463.5
14:30:20241009,2024-10-09,2024,14:30,2021_2026,3999,30,30,1,0.033333333333333333,0.19319731813171981,1.2550853431196716,-1.0618880249879519,1088.5
14:45:20241009,2024-10-09,2024,14:45,2021_2026,4006,30,30,1,0.033333333333333333,0.1869668434849461,1.2656816513565348,-1.0787148078715887,1236
14:30:20241016,2024-10-16,2024,14:30,2021_2026,4026,30,30,0,0,0.26039895253264977,1.082297747357962,-0.82189879482531225,945
14:45:20241016,2024-10-16,2024,14:45,2021_2026,4020,30,30,0,0,0.25394183290457123,1.0746349422652928,-0.82069310936072148,924.5
14:30:20241023,2024-10-23,2024,14:30,2021_2026,4017,30,30,0,0,0.10217018686676278,1.0254909255199589,-0.92332073865319608,1252
14:45:20241023,2024-10-23,2024,14:45,2021_2026,4017,30,30,0,0,0.084533907943224851,1.036447658394112,-0.95191375045088722,1311.5
14:30:20241030,2024-10-30,2024,14:30,2021_2026,3988,30,30,0,0,0.092235496777339471,0.93035220885743908,-0.83811671208009964,1336
14:45:20241030,2024-10-30,2024,14:45,2021_2026,3987,30,30,0,0,0.073443165131668972,0.91850249667810191,-0.84505933154643298,1446.5
14:30:20241106,2024-11-06,2024,14:30,2021_2026,3987,30,30,0,0,0.062288702029427601,0.8535530158475908,-0.7912643138181632,1190.5
14:45:20241106,2024-11-06,2024,14:45,2021_2026,3994,30,30,0,0,0.046530083486247861,0.87483931526876424,-0.82830923178251636,1347
14:30:20241113,2024-11-13,2024,14:30,2021_2026,4051,30,30,1,0.033333333333333333,0.056833511923370494,0.92103884635405353,-0.86420533443068304,2581.5
14:45:20241113,2024-11-13,2024,14:45,2021_2026,4049,30,30,0,0,0.030861153224268391,0.89998414946859773,-0.86912299624432932,2572
14:30:20241120,2024-11-20,2024,14:30,2021_2026,4013,30,30,0,0,0.015806635210583325,0.78585580897687524,-0.77004917376629189,2109.5
14:45:20241120,2024-11-20,2024,14:45,2021_2026,4011,30,30,0,0,0.00079463197904961662,0.77976917989105388,-0.77897454791200427,2334
14:30:20241127,2024-11-27,2024,14:30,2021_2026,4023,30,30,1,0.033333333333333333,0.007866725536425553,0.66218262081799628,-0.65431589528157075,3021
14:45:20241127,2024-11-27,2024,14:45,2021_2026,4023,30,30,1,0.033333333333333333,-0.0089939323271484607,0.64198408707554588,-0.6509780194026944,3095
14:30:20241204,2024-12-04,2024,14:30,2021_2026,4035,30,30,0,0,-0.10307629904997251,0.65997194673767334,-0.76304824578764585,2471.5
14:45:20241204,2024-12-04,2024,14:45,2021_2026,4035,30,30,0,0,-0.10732337334749245,0.61124278305645297,-0.71856615640394539,2510.5
14:30:20241211,2024-12-11,2024,14:30,2021_2026,4026,30,30,0,0,-0.17520247119262752,0.5531256222013633,-0.72832809339399085,2873.5
14:45:20241211,2024-12-11,2024,14:45,2021_2026,4023,30,30,0,0,-0.17307219235934315,0.56310206415934005,-0.73617425651868318,2959.5
14:30:20241218,2024-12-18,2024,14:30,2021_2026,4045,30,30,0,0,-0.12470362117690117,0.52881583063993409,-0.65351945181683524,3235.5
14:45:20241218,2024-12-18,2024,14:45,2021_2026,4045,30,30,0,0,-0.11163210496308,0.5201942510324008,-0.63182635599548076,3166
14:30:20241225,2024-12-25,2024,14:30,2021_2026,4051,30,30,0,0,-0.034879804579533311,0.51490485610972359,-0.54978466068925691,2200
14:45:20241225,2024-12-25,2024,14:45,2021_2026,4052,30,30,0,0,-0.047159532489560653,0.52218188485708261,-0.56934141734664323,2323.5
14:30:20250102,2025-01-02,2025,14:30,2021_2026,4049,30,30,0,0,0.021245424124348544,0.65377293722058638,-0.63252751309623778,1953
14:45:20250102,2025-01-02,2025,14:45,2021_2026,4048,30,30,0,0,0.036708605872395661,0.69183164702277622,-0.65512304115038056,1871.5
14:30:20250109,2025-01-09,2025,14:30,2021_2026,4068,30,30,0,0,0.12462261222130942,1.0498262035927075,-0.92520359137139807,1559.5
14:45:20250109,2025-01-09,2025,14:45,2021_2026,4066,30,30,0,0,0.14315936716664854,1.0468965174447677,-0.90373715027811918,1251.5
14:30:20250116,2025-01-16,2025,14:30,2021_2026,4066,30,30,0,0,0.11100732659188071,1.2335439773318995,-1.1225366507400187,1396.5
14:45:20250116,2025-01-16,2025,14:45,2021_2026,4065,30,30,0,0,0.040935493493204154,1.227519069389019,-1.1865835758958148,2074
14:30:20250123,2025-01-23,2025,14:30,2021_2026,4052,30,30,0,0,0.10062360997511331,1.077233456622696,-0.97660984664758266,1361
14:45:20250123,2025-01-23,2025,14:45,2021_2026,4053,30,30,0,0,0.10682116499045584,1.0742919953048102,-0.96747083031435444,1390
14:30:20250207,2025-02-07,2025,14:30,2021_2026,4036,30,30,1,0.033333333333333333,0.077745840426346705,0.8336915872284395,-0.75594574680209281,1934
14:45:20250207,2025-02-07,2025,14:45,2021_2026,4032,30,30,1,0.033333333333333333,0.053070475877767351,0.82660014505527823,-0.77352966917751087,2229.5
14:30:20250214,2025-02-14,2025,14:30,2021_2026,4066,30,30,0,0,0.049127260662315361,0.80740217006245341,-0.75827490940013809,2429
14:45:20250214,2025-02-14,2025,14:45,2021_2026,4063,30,30,0,0,0.049147348510951885,0.78585148190216325,-0.73670413339121132,2215
14:30:20250221,2025-02-21,2025,14:30,2021_2026,4046,30,30,0,0,0.015140126757677171,0.7614198229388357,-0.74627969618115853,2478.5
14:45:20250221,2025-02-21,2025,14:45,2021_2026,4045,30,30,0,0,0.018356186260714842,0.75815045384675595,-0.73979426758604105,2509
14:30:20250228,2025-02-28,2025,14:30,2021_2026,4050,30,30,0,0,-0.025347620902826599,0.66705865137705578,-0.69240627227988238,2996
14:45:20250228,2025-02-28,2025,14:45,2021_2026,4050,30,30,0,0,-0.020341394963686699,0.67579054045046605,-0.69613193541415275,2777.5
14:30:20250307,2025-03-07,2025,14:30,2021_2026,4037,30,30,0,0,-0.14297284802076746,0.51229709020366121,-0.65526993822442869,2098
14:45:20250307,2025-03-07,2025,14:45,2021_2026,4038,30,30,0,0,-0.14115904537930538,0.51588319527043502,-0.65704224064974037,2142.5
14:30:20250314,2025-03-14,2025,14:30,2021_2026,4062,30,30,0,0,-0.13806464684094844,0.57255533636389977,-0.7106199832048482,2783
14:45:20250314,2025-03-14,2025,14:45,2021_2026,4058,30,30,0,0,-0.13645768388359614,0.5744314361939965,-0.71088912007759264,2823.5
14:30:20250321,2025-03-21,2025,14:30,2021_2026,4078,30,30,1,0.033333333333333333,-0.078401077854821685,0.52800806947759482,-0.60640914733241646,2916
14:45:20250321,2025-03-21,2025,14:45,2021_2026,4075,30,30,1,0.033333333333333333,-0.074297790247880607,0.5281370323086183,-0.60243482255649894,2879
14:30:20250328,2025-03-28,2025,14:30,2021_2026,4079,30,30,0,0,-0.066045916099211649,0.54551479250071933,-0.61156070859993095,2759
14:45:20250328,2025-03-28,2025,14:45,2021_2026,4078,30,30,0,0,-0.07272935960741185,0.55172983676061915,-0.62445919636803104,2845
14:30:20250407,2025-04-07,2025,14:30,2021_2026,4063,30,30,1,0.033333333333333333,0.28912922454584639,0.92213486189229121,-0.63300563734644477,1149
14:45:20250407,2025-04-07,2025,14:45,2021_2026,4061,30,30,1,0.033333333333333333,0.29356867839141271,0.91613136320389366,-0.622562684812481,1095.5
14:30:20250414,2025-04-14,2025,14:30,2021_2026,4040,30,30,0,0,0.091882166732108889,0.86901682915073786,-0.77713466241862894,1669
14:45:20250414,2025-04-14,2025,14:45,2021_2026,4035,30,30,0,0,0.080751243553648905,0.84427169104763888,-0.76352044749398995,1673
14:30:20250421,2025-04-21,2025,14:30,2021_2026,4052,30,30,0,0,0.066940319231659925,0.90862746662859217,-0.84168714739693229,1635
14:45:20250421,2025-04-21,2025,14:45,2021_2026,4049,30,30,0,0,0.050086940691192322,0.90251826737383722,-0.85243132668264487,1945.5
14:30:20250428,2025-04-28,2025,14:30,2021_2026,4062,30,30,0,0,0.15247784467895903,0.9226706820733247,-0.77019283739436561,670.5
14:45:20250428,2025-04-28,2025,14:45,2021_2026,4065,30,30,0,0,0.19241904284044237,0.91024439038758964,-0.71782534754714722,504
14:30:20250508,2025-05-08,2025,14:30,2021_2026,4040,30,30,1,0.033333333333333333,0.082366934777630657,0.71326500573224438,-0.6308980709546137,962
14:45:20250508,2025-05-08,2025,14:45,2021_2026,4036,30,30,1,0.033333333333333333,0.098070778842240802,0.7145291022164586,-0.6164583233742178,824
14:30:20250515,2025-05-15,2025,14:30,2021_2026,4070,30,30,0,0,0.049761409167830971,0.87749805052572394,-0.82773664135789293,1464
14:45:20250515,2025-05-15,2025,14:45,2021_2026,4072,30,30,0,0,0.040910572476225662,0.87002145313903789,-0.82911088066281224,1558.5
14:30:20250522,2025-05-22,2025,14:30,2021_2026,4079,30,30,0,0,-0.00075155015381033201,0.7896943806864587,-0.79044593084026904,1663.5
14:45:20250522,2025-05-22,2025,14:45,2021_2026,4079,30,30,0,0,0.0015423489165347229,0.78106699276352276,-0.77952464384698805,1647
14:30:20250529,2025-05-29,2025,14:30,2021_2026,4031,30,30,0,0,0.07554434212839814,0.67183435885177833,-0.59629001672338022,1074.5
14:45:20250529,2025-05-29,2025,14:45,2021_2026,4030,30,30,0,0,0.070668827466451631,0.66939266483685389,-0.59872383737040225,1212
14:30:20250606,2025-06-06,2025,14:30,2021_2026,4060,30,30,1,0.033333333333333333,0.077376070224982413,0.65209117568414887,-0.57471510545916649,1068
14:45:20250606,2025-06-06,2025,14:45,2021_2026,4057,30,30,1,0.033333333333333333,0.073348645091518935,0.64884939521191909,-0.57550075012040014,1370.5
14:30:20250613,2025-06-13,2025,14:30,2021_2026,4070,30,30,1,0.033333333333333333,0.10854557845007268,0.73598465735834417,-0.62743907890827155,1206.5
14:45:20250613,2025-06-13,2025,14:45,2021_2026,4070,30,30,1,0.033333333333333333,0.11014215353082193,0.72902102312074213,-0.61887886958992022,1061.5
14:30:20250620,2025-06-20,2025,14:30,2021_2026,4093,30,30,1,0.033333333333333333,0.14084652642841872,0.78644528815984416,-0.64559876173142539,1429
14:45:20250620,2025-06-20,2025,14:45,2021_2026,4092,30,30,1,0.033333333333333333,0.12292940581417443,0.7949042715020298,-0.67197486568785536,2145
14:30:20250627,2025-06-27,2025,14:30,2021_2026,4071,30,30,0,0,0.079666478968370549,0.96876035341741296,-0.88909387444904242,2485.5
14:45:20250627,2025-06-27,2025,14:45,2021_2026,4069,30,30,0,0,0.071824466089113623,0.97067871646073955,-0.89885425037162592,2364
14:30:20250704,2025-07-04,2025,14:30,2021_2026,4069,30,30,0,0,0.006625139937576241,0.83528188689140359,-0.82865674695382729,3122.5
14:45:20250704,2025-07-04,2025,14:45,2021_2026,4069,30,30,0,0,0.002717162311551165,0.84389894287080847,-0.8411817805592573,3328.5
14:30:20250711,2025-07-11,2025,14:30,2021_2026,4080,30,30,0,0,0.027296634652759683,1.0740361102506599,-1.0467394755979003,2691.5
14:45:20250711,2025-07-11,2025,14:45,2021_2026,4077,30,30,0,0,0.045129829781431235,1.0775919308759445,-1.0324621010945132,2435.5
14:30:20250718,2025-07-18,2025,14:30,2021_2026,4088,30,30,0,0,0.03503630838979211,1.0143006960609586,-0.97926438767116653,2594.5
14:45:20250718,2025-07-18,2025,14:45,2021_2026,4089,30,30,0,0,0.041289174789735664,1.0260957231988601,-0.9848065484091244,2574
14:30:20250725,2025-07-25,2025,14:30,2021_2026,4077,30,30,1,0.033333333333333333,0.16807013707717558,0.88806187090697142,-0.71999173382979587,1148.5
14:45:20250725,2025-07-25,2025,14:45,2021_2026,4076,30,30,1,0.033333333333333333,0.15799591370812929,0.87977663204129786,-0.72178071833316859,1434
14:30:20250801,2025-08-01,2025,14:30,2021_2026,4071,30,30,0,0,0.10414795051178333,0.88635800328985337,-0.78221005277806999,1563.5
14:45:20250801,2025-08-01,2025,14:45,2021_2026,4071,30,30,0,0,0.12750821868085963,0.90404753761527989,-0.7765393189344203,1470
14:30:20250808,2025-08-08,2025,14:30,2021_2026,4079,30,30,0,0,0.10799047669191117,0.75451533045612418,-0.64652485376421298,1015
14:45:20250808,2025-08-08,2025,14:45,2021_2026,4079,30,30,0,0,0.092491313835209851,0.75915201612890926,-0.66666070229369945,1135
14:30:20250815,2025-08-15,2025,14:30,2021_2026,4077,30,30,1,0.033333333333333333,0.10931338731723146,0.76061083300026999,-0.65129744568303849,1484.5
14:45:20250815,2025-08-15,2025,14:45,2021_2026,4072,30,30,1,0.033333333333333333,0.094014605532045173,0.75389200713161375,-0.65987740159956854,1930
14:30:20250822,2025-08-22,2025,14:30,2021_2026,4069,30,30,0,0,-0.0095762487010334178,0.74361540420943817,-0.75319165291047163,1981
14:45:20250822,2025-08-22,2025,14:45,2021_2026,4068,30,30,0,0,-0.016258065107278018,0.72706740976540907,-0.74332547487268708,2079.5
14:30:20250829,2025-08-29,2025,14:30,2021_2026,4073,30,30,0,0,-0.010450056769030854,0.6998917400420448,-0.71034179681107568,1874
14:45:20250829,2025-08-29,2025,14:45,2021_2026,4070,30,30,0,0,-0.0035538463047170305,0.7003336112734575,-0.7038874575781745,1793
14:30:20250905,2025-09-05,2025,14:30,2021_2026,4071,30,30,0,0,0.015815890472107453,0.85268786216870984,-0.83687197169660243,2258.5
14:45:20250905,2025-09-05,2025,14:45,2021_2026,4068,30,30,0,0,0.0090719015391411331,0.86071280839871023,-0.85164090685956906,2399
14:30:20250912,2025-09-12,2025,14:30,2021_2026,4093,30,30,0,0,-0.034743834907895142,0.65210883769203598,-0.6868526725999311,2775.5
14:45:20250912,2025-09-12,2025,14:45,2021_2026,4092,30,30,0,0,-0.045914165626330265,0.65807180718604152,-0.70398597281237174,2740.5
14:30:20250919,2025-09-19,2025,14:30,2021_2026,4086,30,30,0,0,-0.008552255352207461,0.68963791838485933,-0.69819017373706682,2719
14:45:20250919,2025-09-19,2025,14:45,2021_2026,4085,30,30,0,0,-0.0071004774015656262,0.6875345500584179,-0.69463502745998351,2748.5
14:30:20250926,2025-09-26,2025,14:30,2021_2026,4084,30,30,0,0,0.049305981270777448,0.71680305879466222,-0.66749707752388476,1581.5
14:45:20250926,2025-09-26,2025,14:45,2021_2026,4083,30,30,0,0,0.047623527681588521,0.71491564754625969,-0.66729211986467118,1674
14:30:20251013,2025-10-13,2025,14:30,2021_2026,4084,30,30,0,0,0.019402629695965408,0.82012097790440441,-0.80071834820843901,2725
14:45:20251013,2025-10-13,2025,14:45,2021_2026,4082,30,30,0,0,0.009946321840257788,0.81330384814133561,-0.80335752630107782,2805
14:30:20251020,2025-10-20,2025,14:30,2021_2026,4092,30,30,0,0,0.066617252512475342,1.061717826335123,-0.99510057382264772,2152.5
14:45:20251020,2025-10-20,2025,14:45,2021_2026,4090,30,30,0,0,0.048741047820990868,1.0564262622891796,-1.0076852144681887,2147
14:30:20251027,2025-10-27,2025,14:30,2021_2026,4084,30,30,1,0.033333333333333333,-0.017899775654590368,0.70410015755632438,-0.72199993321091471,1844.5
14:45:20251027,2025-10-27,2025,14:45,2021_2026,4084,30,30,1,0.033333333333333333,-0.033390996847713898,0.69418085897575532,-0.72757185582346917,2433
14:30:20251103,2025-11-03,2025,14:30,2021_2026,4062,30,30,0,0,-0.012598973117281524,0.67452476977287612,-0.68712374289015765,2343
14:45:20251103,2025-11-03,2025,14:45,2021_2026,4061,30,30,0,0,-0.00068210967205010553,0.67996953577247055,-0.68065164544452061,2092
14:30:20251110,2025-11-10,2025,14:30,2021_2026,4079,30,30,0,0,0.026703130086848402,0.73560036762920911,-0.70889723754236067,1656.5
14:45:20251110,2025-11-10,2025,14:45,2021_2026,4074,30,30,0,0,0.044486977705624112,0.74240247267931092,-0.69791549497368677,1105.5
14:30:20251117,2025-11-17,2025,14:30,2021_2026,4084,30,30,0,0,-0.012231093153467366,0.74788300291114906,-0.76011409606461644,1677
14:45:20251117,2025-11-17,2025,14:45,2021_2026,4078,30,30,0,0,-0.015626524244091004,0.73608731448918252,-0.75171383873327358,1693
14:30:20251124,2025-11-24,2025,14:30,2021_2026,4076,30,30,0,0,0.064231990425163435,0.82524183122893235,-0.76100984080376888,1321.5
14:45:20251124,2025-11-24,2025,14:45,2021_2026,4073,30,30,0,0,0.062113411040467983,0.82980926138794087,-0.7676958503474729,1341
14:30:20251201,2025-12-01,2025,14:30,2021_2026,4077,30,30,0,0,0.015271496374946529,1.0081611833343904,-0.99288968695944391,2439.5
14:45:20251201,2025-12-01,2025,14:45,2021_2026,4077,30,30,0,0,0.0074030913406771181,1.0109802940124661,-1.0035772026717891,2437
14:30:20251208,2025-12-08,2025,14:30,2021_2026,4090,30,30,0,0,0.061720876404213344,0.9379963726260907,-0.87627549622187739,1533.5
14:45:20251208,2025-12-08,2025,14:45,2021_2026,4090,30,30,0,0,0.072369190307562045,0.93640599057923901,-0.86403680027167695,1625.5
14:30:20251215,2025-12-15,2025,14:30,2021_2026,4093,30,30,0,0,0.15254568629036136,1.1550527952871759,-1.0025071089968145,1280.5
14:45:20251215,2025-12-15,2025,14:45,2021_2026,4097,30,30,0,0,0.14900707644915062,1.146316410050183,-0.99730933360103236,1357
14:30:20251222,2025-12-22,2025,14:30,2021_2026,4081,30,30,0,0,0.10080242810007452,0.92151650239961092,-0.82071407429953636,1735.5
14:45:20251222,2025-12-22,2025,14:45,2021_2026,4082,30,30,0,0,0.10687360876976813,0.92844145171159542,-0.82156784294182728,1651.5
14:30:20251229,2025-12-29,2025,14:30,2021_2026,4083,30,30,0,0,0.081811606583143001,0.99433583528273395,-0.91252422869959093,2057.5
14:45:20251229,2025-12-29,2025,14:45,2021_2026,4081,30,30,0,0,0.056590050790839834,0.99825398659181164,-0.94166393580097185,2417
14:30:20260107,2026-01-07,2026,14:30,2021_2026,4100,30,30,0,0,0.018953021241449434,0.82211968667576418,-0.8031666654343147,2276.5
14:45:20260107,2026-01-07,2026,14:45,2021_2026,4099,30,30,0,0,0.023918695529755247,0.83666269656487713,-0.8127440010351219,2688.5
14:30:20260114,2026-01-14,2026,14:30,2021_2026,4081,30,30,1,0.033333333333333333,0.012043706255704938,0.75709844403986204,-0.7450547377841571,2571
14:45:20260114,2026-01-14,2026,14:45,2021_2026,4082,30,30,1,0.033333333333333333,0.0011390989711006494,0.76092194353456055,-0.7597828445634599,2728
14:30:20260121,2026-01-21,2026,14:30,2021_2026,4096,30,30,0,0,0.019971020788602072,0.82548213442499219,-0.80551111363639016,2136
14:45:20260121,2026-01-21,2026,14:45,2021_2026,4096,30,30,0,0,0.0049800069141239505,0.82453453269109978,-0.81955452577697585,2397.5
14:30:20260128,2026-01-28,2026,14:30,2021_2026,4094,30,30,0,0,0.017315301898952903,0.68973591126431055,-0.67242060936535764,1582
14:45:20260128,2026-01-28,2026,14:45,2021_2026,4095,30,30,0,0,0.025552696564008572,0.68617749558520424,-0.66062479902119564,1420.5
14:30:20260204,2026-02-04,2026,14:30,2021_2026,4112,30,30,0,0,-0.0049798911800845135,0.78119369536479133,-0.78617358654487579,2174.5
14:45:20260204,2026-02-04,2026,14:45,2021_2026,4107,30,30,0,0,0.0039075572158643549,0.76926392834324486,-0.76535637112738053,2218
14:30:20260211,2026-02-11,2026,14:30,2021_2026,4110,30,30,0,0,-0.061051766611427562,0.68464059483322559,-0.74569236144465312,3050
14:45:20260211,2026-02-11,2026,14:45,2021_2026,4109,30,30,0,0,-0.054130029230833786,0.67968367448558853,-0.73381370371642229,2640
14:30:20260226,2026-02-26,2026,14:30,2021_2026,4102,30,30,0,0,-0.13887784939886702,0.60989143249063693,-0.74876928188950398,2786.5
14:45:20260226,2026-02-26,2026,14:45,2021_2026,4100,30,30,0,0,-0.13587258165939092,0.60233283041983643,-0.73820541207922741,2841.5
14:30:20260305,2026-03-05,2026,14:30,2021_2026,4101,30,30,1,0.033333333333333333,-0.039044352816318122,0.60804552874473194,-0.64708988156105007,2363.5
14:45:20260305,2026-03-05,2026,14:45,2021_2026,4099,30,30,1,0.033333333333333333,-0.040186614235243986,0.60375532366883811,-0.64394193790408205,2322.5
14:30:20260312,2026-03-12,2026,14:30,2021_2026,4127,30,30,0,0,-0.033569416278924624,0.53427878382037852,-0.56784820009930315,1932
14:45:20260312,2026-03-12,2026,14:45,2021_2026,4128,30,30,0,0,-0.028891374460679974,0.52537903104979755,-0.55427040551047757,1822
14:30:20260319,2026-03-19,2026,14:30,2021_2026,4131,30,30,0,0,0.032916990094200398,0.77039194630434771,-0.73747495621014736,1599.5
14:45:20260319,2026-03-19,2026,14:45,2021_2026,4131,30,30,0,0,0.037549644770928821,0.77753252704524489,-0.73998288227431608,1567.5
14:30:20260326,2026-03-26,2026,14:30,2021_2026,4124,30,30,0,0,0.031614800237455991,0.8771356675328833,-0.8455208672954273,2455.5
14:45:20260326,2026-03-26,2026,14:45,2021_2026,4122,30,30,0,0,0.046041027565694524,0.8773036515149385,-0.831262623949244,2008.5
14:30:20260402,2026-04-02,2026,14:30,2021_2026,4129,30,30,0,0,0.072011913743302625,1.0029702823848365,-0.93095836864153392,2371
14:45:20260402,2026-04-02,2026,14:45,2021_2026,4127,30,30,0,0,0.08124913375868352,1.0008233762713112,-0.91957424251262776,2177.5
14:30:20260410,2026-04-10,2026,14:30,2021_2026,4121,30,30,1,0.033333333333333333,0.13330064111997061,1.043783807903115,-0.91048316678314434,1509
14:45:20260410,2026-04-10,2026,14:45,2021_2026,4122,30,30,1,0.033333333333333333,0.12278253760771458,1.0507753730900276,-0.92799283548231293,2206.5
14:30:20260417,2026-04-17,2026,14:30,2021_2026,4123,30,30,1,0.033333333333333333,0.044870050959802933,0.99465835844063855,-0.94978830748083565,2617.5
14:45:20260417,2026-04-17,2026,14:45,2021_2026,4122,30,30,0,0,0.019835897410123527,1.0050330422970417,-0.98519714488691823,2541.5
14:30:20260424,2026-04-24,2026,14:30,2021_2026,4127,30,30,0,0,-0.047284305218218997,0.99595104978414828,-1.0432353550023672,2906.5
14:45:20260424,2026-04-24,2026,14:45,2021_2026,4125,30,30,0,0,-0.061285207504045883,0.99558943414933032,-1.0568746416533763,3151
14:30:20260506,2026-05-06,2026,14:30,2021_2026,4117,30,30,1,0.033333333333333333,-0.096080238553854155,0.98962071931092399,-1.085700957864778,3009
14:45:20260506,2026-05-06,2026,14:45,2021_2026,4115,30,30,1,0.033333333333333333,-0.099104256954019462,0.9954435940873787,-1.0945478510413982,3137.5
14:30:20260513,2026-05-13,2026,14:30,2021_2026,4117,30,30,1,0.033333333333333333,-0.13925916699146673,0.83558034064164444,-0.97483950763311111,2922
14:45:20260513,2026-05-13,2026,14:45,2021_2026,4116,30,30,1,0.033333333333333333,-0.14262551528026807,0.82888068846515639,-0.97150620374542451,3022.5
14:30:20260520,2026-05-20,2026,14:30,2021_2026,4141,30,30,0,0,-0.11867682105995771,0.94689149804097461,-1.0655683191009324,2901.5
14:45:20260520,2026-05-20,2026,14:45,2021_2026,4140,30,30,0,0,-0.12830903872255964,0.94515526039433406,-1.0734642991168937,2867.5
14:30:20260527,2026-05-27,2026,14:30,2021_2026,4140,30,30,0,0,-0.11307929720308901,0.99325659521130694,-1.106335892414396,2923
14:45:20260527,2026-05-27,2026,14:45,2021_2026,4142,30,30,0,0,-0.12866154832189225,0.99061674694170987,-1.119278295263602,2931
14:30:20260603,2026-06-03,2026,14:30,2021_2026,4137,30,30,0,0,-0.082113286367405322,1.062179225328248,-1.1442925116956533,2559.5
14:45:20260603,2026-06-03,2026,14:45,2021_2026,4144,30,30,0,0,-0.084368100398700879,1.0479170153437489,-1.1322851157424498,2518.5
14:30:20260610,2026-06-10,2026,14:30,2021_2026,4144,30,30,0,0,-0.025370091006784445,0.82462325500698308,-0.84999334601376753,1901.5
14:45:20260610,2026-06-10,2026,14:45,2021_2026,4144,30,30,0,0,-0.024261914438606112,0.84251011163030476,-0.86677202606891091,1877.5
14:30:20260617,2026-06-17,2026,14:30,2021_2026,4144,30,30,0,0,-0.051591502792411106,0.57489146022326476,-0.62648296301567585,2137.5
14:45:20260617,2026-06-17,2026,14:45,2021_2026,4141,30,30,0,0,-0.048999000245588661,0.57160108157235023,-0.62060008181793891,2114
14:30:20260625,2026-06-25,2026,14:30,2021_2026,4152,30,30,1,0.033333333333333333,-0.04124295800325619,0.51775158972764435,-0.55899454773090052,1982
14:45:20260625,2026-06-25,2026,14:45,2021_2026,4151,30,30,1,0.033333333333333333,-0.024028758049705848,0.51764652559051028,-0.54167528364021611,1730
14:30:20260702,2026-07-02,2026,14:30,2021_2026,4114,30,30,0,0,-0.13655403983685405,0.48251849775226108,-0.61907253758911507,2618.5
14:45:20260702,2026-07-02,2026,14:45,2021_2026,4112,30,30,0,0,-0.1319957791347687,0.47605195384443205,-0.60804773297920078,2554
14:30:20260709,2026-07-09,2026,14:30,2021_2026,4164,30,30,0,0,0.017516404486568823,0.58005696735485279,-0.56254056286828402,2206.5
14:45:20260709,2026-07-09,2026,14:45,2021_2026,4163,30,30,0,0,0.032904470993842319,0.57283528287699026,-0.53993081188314795,2035.5
14:30:20260716,2026-07-16,2026,14:30,2021_2026,4174,30,30,0,0,0.04623894657991523,0.67823795805672071,-0.63199901147680548,2102
14:45:20260716,2026-07-16,2026,14:45,2021_2026,4173,30,30,0,0,0.058011064501207757,0.66827418156627139,-0.61026311706506364,1868
14:30:20260723,2026-07-23,2026,14:30,2021_2026,4151,30,30,2,0.066666666666666666,0.10899708054792062,0.76039196929614417,-0.65139488874822349,2106
14:45:20260723,2026-07-23,2026,14:45,2021_2026,4149,30,30,2,0.066666666666666666,0.11080188313887236,0.75426157483621514,-0.64345969169734274,2079.5
