day_position,year,phase,n,rankic_F,rankic_STATE_VALUE_PLUS_E,rankic_E,rankic_BETA_RELIABILITY,rankic_BETA_ONLY,rankic_H,decile_F,decile_STATE_VALUE_PLUS_E,decile_E,decile_BETA_RELIABILITY,decile_BETA_ONLY,decile_H,top30_F,top30_STATE_VALUE_PLUS_E,top30_E,top30_BETA_RELIABILITY,top30_BETA_ONLY,top30_H,STATE_VALUE_PLUS_E_minus_E,decile_STATE_VALUE_PLUS_E_minus_E,top30_STATE_VALUE_PLUS_E_minus_E,F_minus_STATE_VALUE_PLUS_E,decile_F_minus_STATE_VALUE_PLUS_E,top30_F_minus_STATE_VALUE_PLUS_E,BETA_ONLY_minus_H,decile_BETA_ONLY_minus_H,top30_BETA_ONLY_minus_H,BETA_RELIABILITY_minus_BETA_ONLY,decile_BETA_RELIABILITY_minus_BETA_ONLY,top30_BETA_RELIABILITY_minus_BETA_ONLY,E_minus_BETA_RELIABILITY,decile_E_minus_BETA_RELIABILITY,top30_E_minus_BETA_RELIABILITY,F_minus_E,decile_F_minus_E,top30_F_minus_E,E_minus_H,decile_E_minus_H,top30_E_minus_H,F_minus_H,decile_F_minus_H,top30_F_minus_H
2680,2018,3,1850,0.1407321657645935,0.14491804926187984,0.141289517519608,0.13460966042629027,0.11185325937592432,0.12559321401712456,0.054972284663440285,0.05700246958640983,0.04748462819348001,0.051769777852333956,0.050163063381458754,0.04901660377957317,0.007775319458642525,0.004661686469914563,-0.0028135536512153368,-0.00011294595916862445,-0.011500855940978801,-0.0015530950566391925,0.0036285317422718455,0.00951784139292982,0.0074752401211299,-0.004185883497286352,-0.0020301849229695454,0.003113632988727962,-0.013739954641200244,0.0011464596018855855,-0.009947760884339608,0.022756401050365957,0.001606714470875202,0.011387909981810176,0.006679857093317726,-0.004285149658853946,-0.0027006076920467123,-0.0005573517550145068,0.007487656469960274,0.010588873109857861,0.01569630350248344,-0.001531975586093158,-0.0012604585945761443,0.015138951747468932,0.005955680883867116,0.009328414515281717
2685,2018,0,1853,0.25877612040251297,0.25857233775391825,0.27979570728939757,0.29658747190845103,0.3197901425344537,0.2303600743486357,0.13023265956797184,0.12952017899094515,0.12734712863795622,0.1261370988975663,0.15557629443088394,0.12102122558092043,0.07051622211088512,0.07403012278266026,0.045853672813870254,0.013735565838960549,0.041379186931001885,0.052852838145815074,-0.02122336953547932,0.0021730503529889256,0.028176449968790006,0.00020378264859471917,0.0007124805770266918,-0.003513900671775136,0.089430068185818,0.03455506884996351,-0.01147365121481319,-0.023202670626002675,-0.02943919553331764,-0.027643621092041337,-0.016791764619053462,0.0012100297403899174,0.0321181069749097,-0.0210195868868846,0.0028855309300156173,0.02466254929701487,0.049435632940761864,0.006325903057035787,-0.0069991653319448205,0.028416046053877264,0.009211433987051404,0.01766338396507005
2690,2018,1,1890,0.18981219801151863,0.19775191384384114,0.20092278036757588,0.2110903716490347,0.21294758292668067,0.15950472822867673,0.07825009291837604,0.0815223680477141,0.08132042518937616,0.07877572332126971,0.08824795793382224,0.06950271999766489,0.043932009995634354,0.0448109679185152,0.03150572512620004,0.0371008893289746,0.05143481328162861,0.05936019258700807,-0.0031708665237347444,0.000201942858337939,0.01330524279231516,-0.007939715832322503,-0.003272275129338059,-0.0008789579228808478,0.053442854698003944,0.018745237936157358,-0.007925379305379461,-0.0018572112776459593,-0.009472234612552533,-0.01433392395265401,-0.010167591281458832,0.0025447018681064443,-0.005595164202774561,-0.011110582356057247,-0.00307033227100012,0.012426284869434312,0.04141805213889915,0.01181770519171127,-0.02785446746080803,0.030307469782841906,0.00874737292071115,-0.01542818259137372
2695,2018,2,1896,0.2772929830001111,0.17446639706775982,0.27183273123841856,0.28299783201526185,0.28502777686316005,0.25489855398712474,0.09069583818650581,0.05452434866303217,0.09075212742747377,0.08545333003705005,0.09914133194979634,0.09399730139157256,0.052758471790457666,0.0403046784725805,0.05485175546731045,0.05083243918146183,0.04839839199409376,0.06655804331576318,-0.09736633417065874,-0.036227778764441596,-0.01454707699472995,0.1028265859323513,0.03617148952347364,0.012453793317877167,0.03012922287603531,0.0051440305582237805,-0.01815965132166942,-0.002029944847898202,-0.013688001912746287,0.002434047187368074,-0.011165100776843295,0.005298797390423715,0.0040193162858486176,0.005460251761692569,-5.6289240967954957e-05,-0.0020932836768527835,0.016934177251293814,-0.003245173964098791,-0.011706287848452727,0.022394429012986383,-0.003301463205066746,-0.013799571525305511
2700,2018,3,1890,0.28365195209273186,0.28722894464912807,0.2762843713502242,0.2574990157235431,0.2742194774725539,0.27881250796636803,0.09141002978109225,0.09950504081901815,0.09011615488740428,0.08298804921431593,0.09185118942172574,0.09627459188281107,0.05334210314064621,0.03383029096036553,0.06911605832219768,0.08817107732305327,0.04825229029068748,0.07251936736414233,0.010944573298903859,0.009388885931613869,-0.03528576736183215,-0.003576992556396208,-0.008095011037925898,0.019511812180280683,-0.004593030493814154,-0.0044234024610853295,-0.02426707707345485,-0.016720461749010762,-0.008863140207409803,0.03991878703236579,0.0187853556266811,0.007128105673088345,-0.019055019000855586,0.007367580742507651,0.0012938748936879713,-0.015773955181551468,-0.002528136616143817,-0.006158436995406788,-0.0034033090419446493,0.004839444126363834,-0.004864562101718817,-0.019177264223496117
2705,2018,0,1902,0.22198748719596534,0.220050403327631,0.20200986407999438,0.18390370265138312,0.212003780220972,0.24762184059869777,0.056846401974479176,0.05524410274121788,0.06095363746234828,0.05055115919400889,0.06631105976228259,0.06404129736015181,0.02131552962584463,0.02183959871528712,0.009644551988052,0.04411220809132523,0.0034828895485467413,0.05055553411131766,0.018040539247636628,-0.005709534721130401,0.012195046727235119,0.0019370838683343272,0.0016022992332612937,-0.0005240690894424901,-0.035618060377725774,0.0022697624021307816,-0.047072644562770924,-0.028100077569588877,-0.0157599005682737,0.04062931854277849,0.018106161428611267,0.010402478268339392,-0.03446765610327323,0.019977623115970955,-0.004107235487869107,0.011670977637792629,-0.045611976518703384,-0.0030876598978035255,-0.04091098212326566,-0.02563435340273243,-0.0071948953856726325,-0.029240004485473033
2710,2018,1,1931,0.22966095959227198,0.1623720523229366,0.1920441838989247,0.1944601149864411,0.22932246334991402,0.1322674882100925,0.09769458949675668,0.06808502459747795,0.05747716773242251,0.050723212152548186,0.07646176127995571,0.024417855345566848,0.08033801385582923,0.01614704959281908,0.03137286806860506,0.035050956051885476,0.05091706176048953,-0.005823260803074872,-0.02967213157598808,0.010607856865055443,-0.015225818475785979,0.06728890726933537,0.029609564899278726,0.06419096426301014,0.09705497513982153,0.052043905934388866,0.056740322563564406,-0.034862348363472906,-0.02573854912740753,-0.015866105708604056,-0.002415931087516421,0.006753955579874321,-0.003678087983280419,0.03761677569334729,0.04021742176433417,0.04896514578722417,0.059776695688832204,0.03305931238685566,0.03719612887167993,0.09739347138217949,0.07327673415118982,0.0861612746589041
2715,2018,2,1952,0.23769927324322787,0.19688822042119786,0.171388875665847,0.16943889588904099,0.2005933084445175,0.11687205306933056,0.10273519992225398,0.08657515678108514,0.07253333056041111,0.060141471237577016,0.06859466054578288,0.03284289250807025,0.08326543760488389,0.05403124692386595,0.029896183700014727,0.03364827261929668,0.03218611933603841,0.02014662426277953,0.025499344755350845,0.014041826220674028,0.02413506322385122,0.040811052822030014,0.01616004314116884,0.029234190681017944,0.08372125537518695,0.03575176803771263,0.012039495073258882,-0.03115441255547652,-0.008453189308205863,0.0014621532832582718,0.0019499797768060267,0.012391859322834098,-0.0037520889192819568,0.06631039757738086,0.030201869361842867,0.053369253904869164,0.054516822596516454,0.03969043805234086,0.009749559437235197,0.12082722017389731,0.06989230741418373,0.06311881334210437
2720,2018,3,1945,0.020481865486301563,-0.07357863601614562,-0.07079783721163585,-0.04940001609533974,-0.04000687633745432,-0.1618787075637465,-0.008909714872079913,-0.03309157234286534,-0.04709688634353632,-0.04576821982189677,-0.0392227784563072,-0.08523669033989396,0.003843864927425055,-0.013966271517131163,-0.04569390560030036,-0.018729735797535313,-0.006060999534046582,-0.12376474335629835,-0.0027807988045097654,0.014005314000670982,0.0317276340831692,0.09406050150244719,0.024181857470785426,0.01781013644455622,0.1218718312262922,0.046013911883586764,0.11770374382225177,-0.009393139757885423,-0.006545441365589572,-0.01266873626348873,-0.02139782111629611,-0.0013286665216395502,-0.026964169802765045,0.09127970269793742,0.03818717147145641,0.049537770527725414,0.09108087035211065,0.03813980399635764,0.07807083775599799,0.18236057305004807,0.07632697546781406,0.1276086082837234
2725,2018,0,1945,0.0705216754919954,0.0349450121140565,0.04884334687606346,0.054663591742192964,0.08309208305000665,-0.05259125502064609,0.02363626554592743,0.006617522829382671,0.0006311939589405575,0.010742724221739823,0.027747967394162448,-0.04043860815509856,0.02489855149490488,-0.011661958076279837,-0.028400221035104475,-0.005401398213179389,-0.008846130876711485,-0.02845107509714512,-0.013898334762006963,0.005986328870442113,0.016738262958824638,0.0355766633779389,0.017018742716544757,0.036560509571184716,0.13568333807065275,0.06818657554926101,0.019604944220433636,-0.028428491307813684,-0.017005243172422625,0.0034447326635320963,-0.005820244866129504,-0.010111530262799266,-0.022998822821925086,0.021678328615931934,0.02300507158698687,0.05329877253000935,0.10143460189670955,0.041069802114039114,5.085406204064641e-05,0.1231129305126415,0.06407487370102599,0.05334962659205
2730,2018,1,1985,0.032040104393352566,0.003729463134233009,0.07933778196754578,0.08280427412949,0.07667717637452055,0.0204811513658241,0.04305137844016596,0.026860762833478866,0.05417352214848359,0.06276356023142463,0.05953250739445929,0.03659802729684584,-0.03361117881921722,-0.04479425650599394,-0.006261874535558558,-0.030731225093332863,-0.01959145781783058,-0.024256517569351134,-0.07560831883331276,-0.027312759315004723,-0.03853238197043538,0.028310641259119557,0.016190615606687095,0.011183077686776718,0.05619602500869646,0.022934480097613452,0.004665059751520553,0.006127097754969446,0.0032310528369653355,-0.011139767275502283,-0.0034664921619442235,-0.008590038082941037,0.024469350557774307,-0.04729767757419321,-0.011122143708317628,-0.027349304283658664,0.05885663060172168,0.01757549485163775,0.017994643033792578,0.011558953027528466,0.006453351143320123,-0.009354661249866086
2735,2018,2,2008,0.08228712461038637,0.07654704715083185,0.08776725106938313,0.09387228969516462,0.08950051398682074,0.05877674293493838,0.032752861232584106,0.03205628419978893,0.039715451320807914,0.04224469887238229,0.04031848685859586,0.022237742116412842,-0.019691923255619165,-0.004905870831158515,-0.02609832703870709,0.00718123501984104,-0.014027743051967774,-0.024824894059346868,-0.011220203918551275,-0.007659167121018981,0.021192456207548574,0.005740077459554516,0.0006965770327951731,-0.01478605242446065,0.030723771051882363,0.01808074474218302,0.010797151007379093,0.004371775708343878,0.001926212013786427,0.021208978071808812,-0.006105038625781489,-0.002529247551574375,-0.03327956205854813,-0.005480126458996759,-0.006962590088223808,0.006406403783087926,0.028990508134444752,0.01747770920439507,-0.0012734329793602228,0.023510381675447993,0.010515119116171263,0.005132970803727703
2740,2018,3,1993,0.0628472023412805,0.05752542595641063,0.05702985220730481,0.06817947275660044,0.05764294448137866,0.04463214893200505,0.03289275566726132,0.02975203763432075,0.034433866007751945,0.04180014167222588,0.026252329959235758,0.02592148388421219,0.027678408462182093,0.025381059001759097,0.005861669495640105,0.01750365066894681,0.005499103250230755,0.017531208403036402,0.0004955737491058182,-0.004681828373431195,0.019519389506118992,0.005321776384869865,0.0031407180329405676,0.0022973494604229955,0.013010795549373608,0.00033084607502356644,-0.012032105152805648,0.01053652827522178,0.01554781171299012,0.012004547418716056,-0.011149620549295629,-0.007366275664473933,-0.011641981173306705,0.005817350133975684,-0.001541110340490627,0.021816738966541988,0.012397703275299758,0.008512382123539754,-0.011669538907396297,0.018215053409275442,0.006971271783049127,0.01014720005914569
2745,2018,0,2000,0.14717073605409986,0.14082283337976392,0.1302274773866604,0.13796253032948563,0.1315770929335778,0.152627050013611,0.06675565509386615,0.06727503296190662,0.05353162365179742,0.06584847527949023,0.06668588450265815,0.05587007397640263,0.04723402002908764,0.05416583107245939,0.022484297231664035,0.01641216820188341,0.027565611390600375,0.03479395874703156,0.010595355993103517,0.0137434093101092,0.031681533840795355,0.006347902674335937,-0.0005193778680404743,-0.006931811043371754,-0.021049957080033183,0.01081581052625552,-0.007228347356431186,0.006385437395907828,-0.0008374092231679259,-0.011153443188716965,-0.007735052942825227,-0.012316851627692804,0.006072129029780625,0.016943258667439454,0.013224031442068726,0.0247497227974236,-0.02239957262695058,-0.0023384503246052096,-0.012309661515367526,-0.005456313959511128,0.010885581117463516,0.012440061282056075
2750,2018,1,2034,0.11645929519438705,0.08471648075267862,0.10885928826613864,0.11350742352106327,0.11142595594969905,0.1144510813257513,0.04635470536638686,0.04269253091256965,0.04500590785856134,0.06352794886620605,0.06137143205960277,0.05435629743248857,0.022891034184567303,0.0017913839145721686,0.017894668254923987,0.008128165483397414,0.040183030191731625,0.029320808622908763,-0.024142807513460013,-0.0023133769459916867,-0.01610328434035182,0.03174281444170843,0.00366217445381721,0.021099650269995135,-0.0030251253760522484,0.0070151346271142,0.010862221568822862,0.0020814675713642233,0.0021565168066032814,-0.03205486470833421,-0.004648135254924635,-0.018522041007644714,0.009766502771526573,0.007600006928248415,0.0013487975078255235,0.004996365929643316,-0.00559179305961266,-0.009350389573927233,-0.011426140367984776,0.0020082138686357554,-0.00800159206610171,-0.0064297744383414596
2755,2018,2,2059,0.07590452802565646,0.06997783101194222,0.06280214853095797,0.06486302448698067,0.05705797949425666,0.07311501569887796,0.028136584653785997,0.023756636013111836,0.028239736114997735,0.026385559307598713,0.02614928517340137,0.03347092009072828,0.027649338795745385,0.015416828345138842,0.02241021936846675,0.02268449664513669,0.007451142778251581,0.027433341085852696,0.007175682480984241,-0.004483100101885899,-0.006993391023327907,0.005926697013714247,0.004379948640674161,0.012232510450606544,-0.016057036204621303,-0.007321634917326909,-0.019982198307601114,0.007805044992724011,0.00023627413419734233,0.015233353866885107,-0.0020608759560226952,0.0018541768073990217,-0.0002742772766699403,0.013102379494698488,-0.00010315146121173818,0.0052391194272786365,-0.010312867167919987,-0.005231183975730545,-0.005023121717385948,0.002789512326778501,-0.0053343354369422835,0.0002159977098926888
2760,2018,3,2041,0.04156275213943087,0.03971492510177456,0.022073390423327923,0.031935149947695245,0.026655434997420416,0.01837271128687444,0.02477575583008515,0.022718834993629214,0.01042812827882681,0.007983836735565644,0.018982168834447616,0.027929701885024735,0.03896660055476243,0.03042751465745583,0.03672980168345386,0.04343051161128098,0.03439535433965892,0.035652974236834195,0.017641534678446636,0.012290706714802403,-0.006302287025998034,0.001847827037656312,0.002056920836455936,0.008539085897306599,0.008282723710545975,-0.00894753305057712,-0.001257619897175273,0.005279714950274829,-0.010998332098881972,0.00903515727162206,-0.009861759524367322,0.0024442915432611664,-0.00670070992782712,0.019489361716102948,0.01434762755125834,0.002236798871308565,0.0037006791364534823,-0.017501573606197925,0.0010768274466196673,0.02319004085255643,-0.0031539460549395854,0.0033136263179282324
2765,2018,0,2033,0.0521025836557097,0.08369906459922201,0.03106650970153986,0.044833479991356694,0.03301619701572131,0.038502292596289615,0.028356702314878142,0.02695196841659484,0.006965511146907893,0.012304727836998623,0.010034959132932505,0.016741759178930896,0.02244755711513069,0.02445773411338336,0.022411677043709225,0.021127479884597726,0.01940479836222834,0.01913431906558381,0.05263255489768215,0.01998645726968695,0.002046057069674135,-0.031596480943512306,0.0014047338982833002,-0.0020101769982526704,-0.005486095580568305,-0.0067068000459983915,0.00027047929664452894,0.011817282975635383,0.002269768704066118,0.0017226815223693875,-0.013766970289816834,-0.00533921669009073,0.001284197159111499,0.021036073954169843,0.02139119116797025,3.5880071421464516e-05,-0.007435782894749755,-0.009776248032023004,0.0032773579781254156,0.013600291059420087,0.011614943135947246,0.00331323804954688
2770,2018,1,2068,0.0070544671700248345,0.04839859925141559,-0.020896015124789624,-0.0024387207369286645,-0.01031974042928416,-0.02019082072613886,0.004141510997444518,0.022310507352389305,-0.019087464584250147,-0.005093139050445334,-0.013721859022676584,-0.018313278246318326,0.03476306841654715,0.013955846818710491,0.015052772643047819,0.0037586266056977204,0.0050343268122556295,0.005949748996105168,0.06929461437620521,0.04139797193663945,-0.001096925824337328,-0.041344132081390754,-0.01816899635494479,0.020807221597836663,0.0098710802968547,0.004591419223641742,-0.0009154221838495388,0.007881019692355495,0.00862871997223125,-0.001275700206557909,-0.018457294387860958,-0.013994325533804813,0.011294146037350098,0.027950482294814456,0.023228975581694664,0.019710295773499333,-0.0007051943986507644,-0.000774186337931821,0.00910302364694265,0.027245287896163692,0.022454789243762843,0.028813319420441984
2775,2018,2,2095,0.09637722735516834,0.11524019320615768,0.0789652343090777,0.09344838160662211,0.0928472555046743,0.0635614042844791,0.025492254381166084,0.041743650623601664,0.02607869290419226,0.030347687467981718,0.03312579595370209,0.01686412775632814,0.024371947323391152,0.029690094795186632,0.0407695087046517,0.0281711971760882,0.005701591794798086,0.0237942285898917,0.036274958897079976,0.015664957719409404,-0.011079413909465069,-0.018862965850989344,-0.01625139624243558,-0.00531814747179548,0.02928585122019521,0.01626166819737395,-0.01809263679509361,0.0006011261019478048,-0.0027781084857203715,0.022469605381290114,-0.014483147297544408,-0.004268994563789458,0.0125983115285635,0.017411993046090632,-0.0005864385230261761,-0.01639756138126055,0.015403830024598608,0.009214565147864121,0.016975280114760002,0.03281582307068924,0.008628126624837945,0.0005777187334994535
2780,2018,3,2083,0.0818185042119576,0.10096000350762825,0.07683400488995261,0.08740538288814592,0.07847886204031024,0.06704512983454756,0.029398037348493326,0.046117384593554356,0.042804788476832285,0.037792304554806415,0.03621683432015306,0.03693072019646374,0.07226272074715351,0.04380691108813937,0.037567352355070964,0.05620607222950513,0.06968484373351985,0.047296009592014604,0.024125998617675642,0.0033125961167220705,0.006239558733068404,-0.019141499295670647,-0.01671934724506103,0.02845580965901414,0.011433732205762673,-0.0007138858763106812,0.02238883414150525,0.008926520847835684,0.0015754702346533547,-0.01347877150401472,-0.010571377998193313,0.0050124839220258705,-0.01863871987443417,0.0049844993220049955,-0.013406751128338959,0.034695368392082544,0.009788875055405044,0.005874068280368544,-0.00972865723694364,0.01477337437741004,-0.007532682847970415,0.024966711155138904
2785,2018,0,2090,0.10733983462522496,0.10131088333464323,0.11233347519592769,0.13379167073143863,0.12233487747675599,0.10508264316279152,0.04606562042672914,0.0362535132735502,0.041862572804422,0.04795514947985985,0.04247852455995616,0.04175456129635559,0.10992242075213796,0.08146546572157747,0.11042084224233037,0.09735484206139053,0.10136561824340627,0.09357470428282028,-0.011022591861284459,-0.005609059530871804,-0.028955376520752904,0.00602895129058173,0.009812107153178942,0.02845695503056049,0.01725223431396447,0.000723963263600573,0.007790913960585996,0.011456793254682643,0.005476624919903687,-0.004010776182015743,-0.02145819553551094,-0.006092576675437847,0.01306600018093984,-0.004993640570702729,0.004203047622307138,-0.0004984214901924133,0.007250832033136173,0.00010801150806641346,0.016846137959510094,0.0022571914624334444,0.004311059130373551,0.01634771646931768
2790,2018,1,2132,0.19157624146214383,0.1802697667035682,0.1843779060210139,0.18995091343688095,0.17820738786571688,0.20623940986843248,0.05902224614808528,0.04975280467638207,0.05283264312898618,0.05753279401414629,0.05367116746301391,0.056155059278664994,0.06324707386747098,0.03296319487546977,0.0411776559028039,0.04996995316550232,0.05734993663969235,0.06593729970708585,-0.0041081393174456915,-0.0030798384526041084,-0.008214461027334134,0.01130647475857563,0.009269441471703208,0.030283878992001217,-0.028032022002715595,-0.0024838918156510834,-0.008587363067393501,0.011743525571164065,0.0038616265511323827,-0.007379983474190034,-0.005573007415867054,-0.004700150885160112,-0.008792297262698416,0.007198335441129938,0.006189603019099099,0.022069417964667083,-0.021861503847418584,-0.0033224161496788127,-0.02475964380428195,-0.014663168406288646,0.0028671868694202865,-0.002690225839614868
2795,2018,2,2166,0.10092003041664036,0.10343014308275852,0.14155484888658168,0.14687463033453022,0.11261442788820016,0.18803228006408562,0.051384890470284585,0.05411232275508626,0.06063315487578318,0.0642662760353603,0.05685378646275138,0.08337118696464232,0.05782482954257369,0.05747089983168879,0.047581769785718514,0.06527657485150933,0.05763555219912171,0.0803765751535062,-0.038124705803823156,-0.006520832120696915,0.009889130045970279,-0.0025101126661181694,-0.002727432284801677,0.00035392971088489544,-0.07541785217588547,-0.026517400501890942,-0.022741022954384488,0.03426020244633006,0.007412489572608913,0.0076410226523876135,-0.005319781447948535,-0.0036331211595771185,-0.01769480506579081,-0.040634818469941325,-0.009248264405498592,0.010243059756855175,-0.04647743117750394,-0.022738032088859148,-0.032794805367787686,-0.08711224964744527,-0.03198629649435774,-0.02255174561093251
2800,2018,3,2157,0.1609958082000053,0.15385095927687228,0.17913964504981045,0.1952467461301774,0.15403920444918928,0.20550924335016624,0.08639934313512979,0.07786868948637993,0.07732320707634857,0.07977771478030643,0.0711530028779275,0.09282677735540093,0.028390826812252766,0.004809659796695281,0.02989165758831091,0.0320963597852641,-0.005337746907407672,0.03304357641959227,-0.025288685772938163,0.000545482410031356,-0.02508199779161563,0.007144848923133024,0.008530653648749859,0.023581167015557486,-0.051470038900976955,-0.02167377447747343,-0.03838132332699994,0.04120754168098811,0.008624711902378929,0.037434106692671776,-0.016107101080366948,-0.002454507703957859,-0.0022047021969531927,-0.01814383684980514,0.009076136058781215,-0.001500830776058143,-0.02636959830035579,-0.015503570279052359,-0.00315191883128136,-0.04451343515016093,-0.006427434220271144,-0.004652749607339503
2805,2018,0,2168,0.15132454620687688,0.12397365430445252,0.13426728615141728,0.13767437056889067,0.10375015974870634,0.18428064755936077,0.0880836370782129,0.07875697021410344,0.08002984648515445,0.07776537315765852,0.06327885957418605,0.0964355243219567,0.009702547941801115,-8.510899596250558e-06,0.01694016368855751,0.002426851346291267,0.00401997961210426,0.027525318716165585,-0.01029363184696476,-0.0012728762710510072,-0.016948674588153762,0.02735089190242436,0.009326666864109462,0.009711058841397367,-0.08053048781065443,-0.03315666474777065,-0.023505339104061326,0.03392421082018433,0.014486513583472471,-0.0015931282658129932,-0.003407084417473394,0.0022644733274959222,0.014513312342266244,0.0170572600554596,0.008053790593058455,-0.007237615746756396,-0.05001336140794349,-0.01640567783680226,-0.010585155027608074,-0.03295610135248389,-0.008351887243743805,-0.01782277077436447
2810,2018,1,2202,0.05705179842922264,0.01948712464928319,0.05080522244075001,0.06694994279823223,0.03290647758796478,0.0788144570443622,0.03706767012706471,0.019453802224994765,0.03188021682713456,0.042482663250385404,0.026299241090600844,0.046758790649288465,0.0026926499759976977,0.009191916224038841,0.020011602055704833,-0.013399402586940685,-0.030626171733450152,0.01721457083938146,-0.03131809779146682,-0.012426414602139793,-0.010819685831665992,0.037564673779939446,0.017613867902069945,-0.006499266248041143,-0.04590797945639742,-0.02045954955868762,-0.04784074257283161,0.03404346521026745,0.01618342215978456,0.017226769146509467,-0.01614472035748222,-0.010602446423250846,0.033411004642645514,0.006246575988472627,0.005187453299930152,-0.017318952079707135,-0.02800923460361219,-0.014878573822153907,0.0027970312163233743,-0.02176265861513956,-0.009691120522223755,-0.014521920863383761
2815,2018,2,2234,0.027673056699934473,-0.03876972744951868,0.003669421885059086,0.019575981204548953,-0.026878441853554397,0.05028938581544819,0.027957283202348634,0.006297406641005029,0.022942064243029216,0.024278211312058158,0.013200427546193813,0.0431287867344541,0.048501161655484085,0.007514449502724854,0.01882052368095922,0.0466038390458515,-0.004484946838739939,0.057024671244818415,-0.04243914933457777,-0.016644657602024188,-0.011306074178234364,0.06644278414945315,0.021659876561343605,0.04098671215275923,-0.07716782766900258,-0.029928359188260284,-0.06150961808355836,0.04645442305810335,0.011077783765864345,0.05108878588459144,-0.015906559319489866,-0.0013361470690289416,-0.02778331536489228,0.024003634814875385,0.005015218959319417,0.029680637974524866,-0.0466199639303891,-0.02018672249142488,-0.038204147563859196,-0.022616329115513714,-0.015171503532105463,-0.00852350958933433
2820,2018,3,2229,0.22147548676348802,0.21140910390042783,0.1726760754835386,0.17963747613008887,0.14664978856332392,0.21992130840628407,0.10043504473218785,0.09859166006300166,0.07249160076376562,0.0771045863972455,0.060772884195184895,0.09918835014350652,0.13299387633899862,0.12939574210383012,0.11991599887514813,0.13816466717459275,0.1067056257516613,0.1281780387067548,0.03873302841688922,0.026100059299236034,0.009479743228681989,0.010066382863060191,0.001843384669186196,0.0035981342351684986,-0.07327151984296015,-0.038415465948321625,-0.021472412955093487,0.032987687566764956,0.016331702202060608,0.03145904142293145,-0.006961400646550264,-0.00461298563347988,-0.018248668299444618,0.04879941127994941,0.02794344396842223,0.013077877463850487,-0.04724523292274546,-0.026696749379740897,-0.008262039831606657,0.0015541783572039503,0.0012466945886813324,0.00481583763224383
2825,2018,0,2223,0.17757055881560538,0.14923905520776642,0.1479908931825418,0.15316831834318656,0.11559131694487713,0.1604511747093332,0.07884303214008026,0.06714802249510424,0.05845644848814773,0.06728056477292846,0.05351599848202297,0.07464420514457612,0.06401575118005859,0.08233108679156093,0.07576063002860757,0.07750262369259533,0.07785587970801282,0.06084911649361215,0.001248162025224625,0.008691574006956505,0.006570456762953356,0.028331503607838954,0.011695009644976023,-0.018315335611502337,-0.04485985776445607,-0.021128206662553148,0.017006763214400665,0.037577001398309426,0.013764566290905486,-0.00035325601541748297,-0.005177425160644761,-0.008824116284780727,-0.0017419936639877648,0.02957966563306358,0.02038658365193253,-0.011744878848548981,-0.012460281526791406,-0.01618775665642839,0.014911513534995417,0.017119384106272173,0.00419882699550414,0.003166634686446436
2830,2018,1,2258,0.16469672781478273,0.1573681523799429,0.13425360068786577,0.1385179565640765,0.11568236260086052,0.1560442764862963,0.07374726001509568,0.07455133908868042,0.06632210603734065,0.06708192869581076,0.0665589231850269,0.0789738722362866,0.0784200602906317,0.09352670390281782,0.07161726620171174,0.09814014664508358,0.08279922838135267,0.07551389135543213,0.02311455169207713,0.008229233051339768,0.02190943770110608,0.007328575434839835,-0.0008040790735847347,-0.015106643612186124,-0.040361913885435766,-0.0124149490512597,0.007285337025920546,0.02283559396321598,0.0005230055107838527,0.015340918263730907,-0.00426435587621074,-0.0007598226584701051,-0.026522880443371838,0.030443127126916963,0.0074251539777550335,0.006802794088919956,-0.021790675798430525,-0.012651766198945952,-0.0038966251537203844,0.008652451328486438,-0.005226612221190918,0.002906168935199571
2835,2018,2,2284,0.12328928777341654,0.12691708443929953,0.10710734221000427,0.10804527752733016,0.07784569354993669,0.13761483135717334,0.04752593092266659,0.04786442341633358,0.0393744280763553,0.042275099837193894,0.038811318655765106,0.059205048730865725,0.06724184794675399,0.09368564593308755,0.05518246561302333,0.07658151780579078,0.05997258646427183,0.1053668970367669,0.019809742229295255,0.008489995339978282,0.03850318032006422,-0.00362779666588299,-0.00033849249366699197,-0.02644379798633356,-0.05976913780723665,-0.02039373007510062,-0.045394310572495065,0.030199583977393474,0.0034637811814287878,0.016608931341518952,-0.0009379353173258886,-0.002900671760838594,-0.021399052192767457,0.016181945563412264,0.00815150284631129,0.012059382333730662,-0.030507489147169067,-0.019830620654510425,-0.05018443142374357,-0.014325543583756803,-0.011679117808199135,-0.03812504909001291
2840,2018,3,2290,0.11261150452795664,0.10273877620104387,0.10809973144827174,0.12002919090143009,0.09007402596595017,0.13982650316346532,0.03716572393582143,0.03422035992761421,0.0323541515013564,0.038132750119555914,0.03515104879491696,0.04542178594003743,0.0863451843245784,0.07944902340908444,0.06866760282804167,0.06372045996625816,0.043439582900102885,0.10797375159054592,-0.005360955247227878,0.001866208426257815,0.01078142058104277,0.009872728326912772,0.0029453640082072186,0.006896160915493957,-0.049752477197515146,-0.010270737145120466,-0.06453416869044304,0.029955164935479922,0.002981701324638951,0.02028087706615528,-0.011929459453158348,-0.005778598618199515,0.004947142861783507,0.004511773079684894,0.0048115724344650335,0.017677581496536726,-0.03172677171519357,-0.01306763443868103,-0.03930614876250425,-0.027214998635508678,-0.008256062004215997,-0.021628567265967527
2845,2018,0,2289,0.08469495026726628,0.0711296112034571,0.08036335254778398,0.10382878909480409,0.0868499126249902,0.09344171193957103,0.04832182725211871,0.03336695356336892,0.04007027605959528,0.05537674410011836,0.047228956062131226,0.05072569489065995,0.14357091347929246,0.1195321093741199,0.0714596853708864,0.11811480420883899,0.09466501888440457,0.11900690410218046,-0.00923374134432689,-0.006703322496226363,0.0480724240032335,0.01356533906380919,0.014954873688749794,0.024038804105172562,-0.006591799314580829,-0.003496738828528724,-0.024341885217775888,0.016978876469813886,0.00814778803798713,0.023449785324434425,-0.023465436547020102,-0.015306468040523075,-0.04665511883795259,0.0043315977194823,0.00825155119252343,0.07211122810840606,-0.013078359391787045,-0.010655418831064668,-0.047547218731294055,-0.008746761672304745,-0.0024038676385412378,0.024564009377112006
2850,2018,1,2326,0.17787059509074482,0.192278721655177,0.17341984213473183,0.17844572583238638,0.17710530355579251,0.20611217463613338,0.053610842046227535,0.055509329734346025,0.03731609922723347,0.04976047713114832,0.04814575579727935,0.07185534445482611,0.08891973991999981,0.06127183607901093,0.07623206275947349,0.07441183443302866,0.07990082357821322,0.061200430614848506,0.018858879520445182,0.018193230507112558,-0.014960226680462554,-0.014408126564432189,-0.00189848768811849,0.027647903840988877,-0.029006871080340862,-0.023709588657546757,0.018700392963364718,0.0013404222765938667,0.0016147213338689667,-0.0054889891451845585,-0.005025883697654554,-0.012444377903914852,0.0018202283264448227,0.004450752956012993,0.016294742818994068,0.012687677160526323,-0.03269233250140155,-0.03453924522759264,0.015031632144624982,-0.028241579545388557,-0.018244502408598574,0.027719309305151305
2855,2018,2,2338,0.16785777542300434,0.1594112410786125,0.1521428850523173,0.1600446796430077,0.1579464321762241,0.1316924105880555,0.08663588609981607,0.09425296466554642,0.08463898323295946,0.08902182660798558,0.08599074421410025,0.07372054342585696,0.09657841501694785,0.059592558148000296,0.08539892169584201,0.08215635041643546,0.06626256414005524,0.06399041300887233,0.007268356026295192,0.00961398143258696,-0.025806363547841715,0.008446534344391854,-0.007617078565730351,0.03698585686894755,0.026254021588168586,0.012270200788243285,0.002272151131182912,0.0020982474667836093,0.0030310823938853315,0.015893786276380217,-0.007901794590690403,-0.004382843375026119,0.003242571279406553,0.015714890370687046,0.001996902866856609,0.011179493321105835,0.020450474464261792,0.010918439807102498,0.021408508686969682,0.03616536483494884,0.012915342673959107,0.03258800200807552
2860,2018,3,2338,0.14511940168070991,0.11668492765064357,0.12973730137912393,0.14177264227555972,0.13536316590459524,0.13924825074128935,0.054451416935576216,0.04085179481240599,0.035996525857408104,0.03880620213004582,0.03628263837964084,0.04526420946287872,0.0609170990084928,0.03885146090962705,0.041373864066632765,0.04008623738198944,0.04404151319572794,0.047957932795864515,-0.013052373728480351,0.004855268954997882,-0.0025224031570057134,0.02843447403006634,0.01359962212317023,0.022065638098865747,-0.0038850848366941138,-0.008981571083237883,-0.003916419600136577,0.006409476370964479,0.0025235637504049807,-0.003955275813738501,-0.012035340896435792,-0.002809676272637715,0.0012876266846433282,0.015382100301585988,0.018454891078168112,0.019543234941860034,-0.009510949362165427,-0.009267683605470617,-0.00658406872923175,0.005871150939420561,0.009187207472697495,0.012959166212628284
2865,2018,0,2347,0.38549884307004983,0.33784056540385254,0.40085138290918976,0.4018226534554376,0.41571508726103235,0.3975618376997465,0.24140200732647976,0.20284835798377332,0.2477869939516223,0.2413117058590576,0.24420245943499458,0.2509686550574226,0.10400715697535838,0.09243457327265506,0.11119703868383135,0.1056247256135341,0.11355843376968269,0.117026519967655,-0.06301081750533721,-0.04493863596784897,-0.018762465411176293,0.04765827766619729,0.03855364934270644,0.011572583702703323,0.018153249561285834,-0.006766195622428028,-0.0034680861979723004,-0.01389243380559474,-0.0028907535759369885,-0.007933708156148592,-0.0009712705462478488,0.006475288092564702,0.0055723130702972495,-0.015352539839139923,-0.00638498662514253,-0.00718988170847297,0.0032895452094432454,-0.0031816611058003152,-0.005829481283823643,-0.012062994629696677,-0.009566647730942845,-0.013019362992296613
2870,2018,1,2385,0.3701770831101794,0.3994912697276936,0.33810123456908403,0.33825029468175644,0.34374802721899805,0.31851388194383967,0.20842466421401862,0.23254005424287014,0.19832079265703947,0.18744994047466673,0.19434138502878678,0.18053233475050645,0.11677832095021654,0.15573978499268143,0.13051583575153994,0.12132675940240073,0.09877899612679729,0.12559360837633063,0.06139003515860958,0.03421926158583066,0.02522394924114149,-0.029314186617514226,-0.02411539002885152,-0.038961464042464894,0.02523414527515838,0.013809050278280333,-0.02681461224953334,-0.0054977325372416175,-0.006891444554120052,0.02254776327560344,-0.0001490601126724056,0.010870852182372742,0.009189076349139208,0.03207584854109535,0.010103871556979144,-0.013737514801323403,0.01958735262524436,0.017788457906533023,0.004922227375209309,0.05166320116633971,0.027892329463512167,-0.008815287426114093
2875,2018,2,2402,0.13467818682877766,0.07486813846690678,0.15271007677115894,0.1637268464275522,0.15876565302789106,0.09955003773799649,0.07385842166610625,0.037074388512337464,0.07896027612502318,0.08261565937124639,0.07948940274230457,0.05774162635486088,0.03976575598592047,-0.011512469657018933,0.053002394485965214,0.054016060815249727,0.046196130413308584,0.022297450774406244,-0.07784193830425216,-0.04188588761268572,-0.06451486414298414,0.059810048361870885,0.03678403315376878,0.05127822564293941,0.059215615289894566,0.021747776387443685,0.02389867963890234,0.00496119339966114,0.003126256628941823,0.007819930401941143,-0.011016769656393255,-0.0036553832462232067,-0.0010136663292845127,-0.01803188994238128,-0.005101854458916935,-0.013236638500044744,0.05316003903316245,0.0212186497701623,0.03070494371155897,0.03512814909078117,0.016116795311245366,0.017468305211514226
2880,2018,3,2404,0.03742259700858516,0.04096949790801019,-0.004626436680071301,0.0033266605130286625,-0.019494767312651165,-0.05188569112487076,0.026261885479834747,0.029788917263188823,0.014596924867449464,0.007012697492730998,-0.0012146986201817828,-0.01564132352541492,0.02408550958344124,-0.01046792660644867,-0.00010314376519340168,-0.01052293089023449,-0.008101783141406554,-0.029582793800693927,0.04559593458808149,0.01519199239573936,-0.010364782841255268,-0.003546900899425026,-0.003527031783354076,0.03455343618988991,0.03239092381221959,0.014426624905233136,0.021481010659287373,0.02282142782567983,0.008227396112912781,-0.0024211477488279357,-0.007953097193099962,0.007584227374718465,0.010419787125041088,0.042049033688656465,0.011664960612385283,0.024188653348634643,0.047259254444799455,0.030238248392864382,0.029479650035500526,0.08930828813345593,0.041903209005249666,0.05366830338413517
2885,2018,0,2425,0.020813644809427902,-0.00562960073722812,0.0037884473469185793,0.021724620854780562,-0.020961013941630094,-0.005103927115329902,0.016526309447170595,0.011650988172349127,0.014922063355141681,0.017328996772200546,0.011524860948720593,0.013172903565992024,-0.010319398739253659,-0.0040630180775524955,-0.024680491686133843,0.003933172694451309,-0.025550136769379356,-0.0005486798549097561,-0.009418048084146698,-0.0032710751827925537,0.02061747360858135,0.026443245546656023,0.004875321274821468,-0.006256380661701163,-0.01585708682630019,-0.0016480426172714308,-0.0250014569144696,0.04268563479641066,0.005804135823479953,0.029483309463830668,-0.01793617350786198,-0.002406933417058865,-0.02861366438058515,0.01702519746250932,0.0016042460920289141,0.014361092946880184,0.00889237446224848,0.0017491597891496572,-0.024131811831224086,0.025917571924757805,0.0033534058811785714,-0.009770718884343903
2890,2018,1,2448,0.14024992758104413,0.13249945964304466,0.13088537150667096,0.1391524595592929,0.10899290089773642,0.12958299313863522,0.06046227231556378,0.05796860211343241,0.05405398483678448,0.05504817177422753,0.04723858793319077,0.05303374732752449,0.050306033861685445,0.06520264113649593,0.04690537326443185,0.0498047477978765,0.04536527763758962,0.04815811942348744,0.0016140881363737036,0.003914617276647929,0.01829726787206408,0.007750467937999467,0.0024936702021313706,-0.014896607274810486,-0.020590092240898805,-0.00579515939433372,-0.0027928417858978163,0.03015955866155648,0.007809583841036756,0.004439470160286875,-0.00826708805262194,-0.0009941869374430479,-0.002899374533444646,0.00936455607437317,0.0064082874787792996,0.0034006605972535936,0.0013023783680357337,0.0010202375092599886,-0.0012527461590555872,0.010666934442408904,0.007428524988039288,0.0021479144381980064
2895,2018,2,2458,0.12132200620329216,0.10762805029804888,0.1062373281148811,0.11905761558779947,0.0951073429640158,0.11854178087225427,0.04235377970403441,0.03703714826676462,0.04346199850670575,0.044385725559847315,0.03239796125966751,0.043266191651179856,0.0652744922192744,0.03545922293439274,0.04820761891969556,0.04568412465620553,0.03294507394190644,0.049044423801387495,0.0013907221831677835,-0.006424850239941125,-0.012748395985302821,0.013693955905243277,0.005316631437269785,0.02981526928488165,-0.023434437908238473,-0.010868230391512343,-0.016099349859481055,0.023950272623783672,0.011987764300179803,0.012739050714299087,-0.01282028747291837,-0.0009237270531415667,0.0025234942634900365,0.01508467808841106,-0.0011082188026713402,0.01706687329957883,-0.012304452757373172,0.00019580685552589294,-0.0008368048816919313,0.002780225331037889,-0.0009124119471454473,0.0162300684178869
2900,2018,3,2466,0.12275877874949682,0.09514636222061795,0.1330465320592242,0.16265725502604653,0.17581369590093954,0.08072609906425657,0.040628553100537916,0.022456816939695746,0.03753726126326104,0.046996778003328174,0.05221038478842134,0.03003942292932292,0.017399794283899966,0.023510303602044338,-0.0041617772633571245,0.007077032577512965,0.0007501347781651269,0.027522981897883915,-0.03790016983860625,-0.015080444323565294,0.02767208086540146,0.027612416528878872,0.01817173616084217,-0.006110509318144372,0.09508759683668297,0.02217096185909842,-0.02677284711971879,-0.01315644087489301,-0.005213606785093167,0.006326897799347838,-0.029610722966822323,-0.009459516740067134,-0.01123880984087009,-0.01028775330972738,0.003091291837276876,0.02156157154725709,0.052320432994967636,0.00749783833393812,-0.03168475916124104,0.04203267968524026,0.010589130171214996,-0.01012318761398395
2905,2018,0,2488,0.1642040396660911,0.1472418046437779,0.14821475824250127,0.15002545123506292,0.16413216296987262,0.11705777330913404,0.03728917819599672,0.04224952511087336,0.036955481984184566,0.03351440785997012,0.0399170150446568,0.024137168676691457,0.029784480766047738,0.02392438399105241,0.029938192679346786,0.027936295951991978,0.034742883628199196,0.04167400372335285,-0.0009729535987233751,0.005294043126688797,-0.006013808688294375,0.0169622350223132,-0.004960346914876644,0.005860096774995327,0.04707438966073858,0.015779846367965342,-0.006931120095153655,-0.014106711734809707,-0.00640260718468668,-0.006806587676207218,-0.0018106929925616466,0.0034410741242144466,0.002001896727354808,0.015989281423589824,0.00033369621181215253,-0.00015371191329904832,0.03115698493336723,0.012818313307493109,-0.011735811044006065,0.04714626635695705,0.013152009519305261,-0.011889522957305113
2910,2018,1,2525,0.17520439295817017,0.13545472730152056,0.1541592488410034,0.14312581410784964,0.13973677704979967,0.15146050034649933,0.02645989053333266,0.022470455062960224,0.019722306808612228,0.016374619280054865,0.019355183894962436,0.016853339272688214,0.028118441141746563,0.0192935422459584,0.014018916094590847,0.019631522991299253,0.017649656080556037,-0.0038072863551083967,-0.01870452153948285,0.0027481482543479964,0.005274626151367553,0.03974966565664961,0.003989435470372435,0.008824898895788164,-0.011723723296699656,0.0025018446222742213,0.021456942435664435,0.003389037058049965,-0.002980564614907571,0.0019818669107432157,0.011033434733153769,0.003347687528557363,-0.005612606896708406,0.021045144117166764,0.006737583724720431,0.014099525047155717,0.0026987484945040774,0.0028689675359240135,0.017826202449699242,0.02374389261167084,0.009606551260644445,0.03192572749685496
2915,2018,2,2538,0.20555976965063413,0.18234871787896367,0.19229983014660754,0.18009560174505762,0.16255488422473227,0.21285952036198635,0.06630438563080375,0.062397221448544704,0.06517971152778894,0.06578075468369998,0.06481777839897822,0.06752944145509074,0.0482200949331454,0.037044241624234274,0.033768833369918816,0.04803085942159906,0.034256243103775535,0.04877006966027931,-0.009951112267643863,-0.0027824900792442347,0.003275408254315458,0.02321105177167046,0.003907164182259046,0.011175853308911125,-0.05030463613725408,-0.0027116630561125205,-0.014513826556503774,0.01754071752032535,0.0009629762847217643,0.013774616317823528,0.012204228401549916,-0.0006010431559110435,-0.014262026051680247,0.013259939504026597,0.001124674103014811,0.014451261563226583,-0.020559690215378817,-0.0023497299273017996,-0.015001236290360494,-0.007299750711352221,-0.0012250558242869886,-0.0005499747271339103
2920,2019,3,2558,0.10531915515062297,0.06712829587931239,0.15343526290756107,0.12930037550181878,0.09065290744057337,0.22523223571129924,0.03688655218735649,0.030571205274956062,0.06533868426605277,0.05273337342924588,0.04407219229788632,0.08317463927580285,0.023442542282251264,0.015692155630645896,0.0486413564775216,0.0269462503735053,0.040287524454924215,0.0415566855042008,-0.08630696702824868,-0.03476747899109671,-0.032949200846875706,0.03819085927131058,0.0063153469124004255,0.007750386651605368,-0.13457932827072588,-0.039102446977916525,-0.0012691610492765876,0.0386474680612454,0.008661181131359559,-0.013341274081418913,0.024134887405742295,0.01260531083680689,0.0216951061040163,-0.0481161077569381,-0.028452132078696284,-0.025198814195270338,-0.07179697280373817,-0.017835955009750076,0.0070846709733208,-0.11991308056067627,-0.04628808708844636,-0.018114143221949538
2925,2019,0,2580,-0.05186220213832861,-0.05286269438573494,-0.004918841169784818,-0.01459594143625987,-0.06445580631806963,0.06296609521492103,-0.01802721588798824,-0.023177480324538778,0.006383490952486695,0.005348312236682706,-0.022665677233041866,0.03937050432951349,-0.021115462495108588,-0.00325827916534756,-0.006213567356983963,-0.014077872609814152,-0.012054598592937137,0.026953159383714058,-0.04794385321595012,-0.029560971277025474,0.002955288191636403,0.0010004922474063302,0.005150264436550537,-0.017857183329761026,-0.12742190153299066,-0.06203618156255535,-0.039007757976651194,0.04985986488180976,0.02801398946972457,-0.0020232740168770157,0.009677100266475051,0.0010351787158039893,0.00786430525283019,-0.04694336096854379,-0.024410706840474937,-0.014901895138124625,-0.06788493638470584,-0.032987013377026794,-0.033166726740698024,-0.11482829735324963,-0.057397720217501724,-0.048068621878822645
2930,2019,1,2597,-0.14935434250552176,-0.1478892869929795,-0.12070393312952918,-0.11734986596282919,-0.1745440431634149,-0.0719542470755002,-0.05353502883273806,-0.05612693319630245,-0.03240029474551354,-0.028851110946645955,-0.0498836926320787,-0.023812329597523052,-0.015149462911027037,-0.019637821806010966,-0.002199489659356438,0.0006364537663386639,-0.033869634356386825,0.02144688389074071,-0.027185353863450334,-0.023726638450788907,-0.01743833214665453,-0.0014650555125422515,0.002591904363564393,0.0044883588949839286,-0.1025897960879147,-0.02607136303455565,-0.055316518247127536,0.057194177200585714,0.021032581685432747,0.03450608812272549,-0.0033540671666999894,-0.0035491837988675876,-0.002835943425695102,-0.028650409375992586,-0.021134734087224515,-0.0129499732516706,-0.048749686054028976,-0.008587965147990491,-0.023646373550097147,-0.07740009543002156,-0.029722699235215005,-0.03659634680176775
2935,2019,2,2602,-0.08223125883118547,-0.09924690523352614,-0.12199885413835308,-0.12884755809773712,-0.17736219672722714,-0.06495997183734264,-0.028442233468320827,-0.021517439964652742,-0.0319062175252139,-0.026547468833898445,-0.05968330394182256,-0.019799465327546034,-0.022338805421759728,-0.00013330378216509244,0.06073821229282017,0.0261251784120301,0.0009628228102425314,-0.023614025810927194,0.022751948904826944,0.010388777560561158,-0.06087151607498526,0.01701564640234067,-0.006924793503668085,-0.022205501639594637,-0.1124022248898845,-0.03988383861427652,0.024576848621169725,0.048514638629490014,0.033135835107924116,0.02516235560178757,0.006848703959384042,-0.005358748691315456,0.03461303388079007,0.039767595307167614,0.0034639840568930734,-0.0830770177145799,-0.05703888230101044,-0.012106752197667867,0.08435223810374737,-0.017271286993842824,-0.008642768140774793,0.0012752203891674661
2940,2019,3,2622,0.18611171884263342,0.17219123912692688,0.19206903841906917,0.20323356724553965,0.20700830723371866,0.20576408055308495,0.16072446314890368,0.17205765071106838,0.1681900021601433,0.16474939737069502,0.18547471991852582,0.15487822541346746,0.07273193342430333,0.10464682336094916,0.09551674244356469,0.06283388428441995,0.08802676231109043,0.05856323272041792,-0.019877799292142284,0.0038676485509250846,0.009130080917384473,0.013920479715706535,-0.011333187562164698,-0.03191488993664583,0.0012442266806337032,0.030596494505058358,0.029463529590672506,-0.00377473998817901,-0.0207253225478308,-0.025192878026670473,-0.011164528826470482,0.0034406047894482705,0.032682858159144734,-0.005957319576435749,-0.007465539011239614,-0.02278480901926136,-0.013695042134015789,0.01331177674667583,0.03695350972314677,-0.019652361710451538,0.005846237735436216,0.014168700703885408
2945,2019,0,2645,0.1180551761069745,0.08379247795140295,0.11887811040423327,0.13982031917932355,0.1479040584854376,0.13533537471298715,0.05489781378039907,0.04200320265182668,0.06393784773403736,0.07807039219981313,0.0627532854026261,0.06340148246509311,0.03613242188350161,0.016005846248376372,0.05797625554607114,0.03685253813123505,0.03931613953665694,0.05933656200027267,-0.03508563245283032,-0.021934645082210685,-0.041970409297694765,0.03426269815557155,0.012894611128572389,0.020126575635125238,0.012568683772450462,-0.0006481970624670069,-0.020020422463615732,-0.008083739306114057,0.015317106797187022,-0.0024636014054218933,-0.020942208775090287,-0.014132544465775762,0.02112371741483609,-0.0008229342972587705,-0.009040033953638296,-0.021843833662569527,-0.016457264308753883,0.0005363652689442527,-0.0013603064542015361,-0.017280198606012653,-0.008503668684694043,-0.023204140116771063
2950,2019,1,2654,0.08986533260622809,0.12108385997220023,0.06894517031269336,0.08299008467948589,0.09563182147533866,0.07207347897099559,0.07291033313898501,0.08829321265412837,0.06499978266760734,0.07602180755045923,0.07274264941482919,0.05667871515072206,0.006955528167621661,0.03331577933230635,-0.028961728573852413,0.007863943528618782,0.029147427251176406,-0.022101442203932634,0.05213868965950687,0.023293429986521036,0.06227750790615877,-0.031218527365972137,-0.01538287951514336,-0.02636025116468469,0.023558342504343077,0.016063934264107134,0.051248869455109036,-0.012641736795852773,0.0032791581356300392,-0.021283483722557624,-0.014044914366792532,-0.011022024882851894,-0.036825672102471195,0.02092016229353473,0.007910550471377675,0.03591725674147407,-0.0031283086583022285,0.008321067516885279,-0.006860286369919779,0.017791853635232502,0.016231617988262954,0.029056970371554296
2955,2019,2,2649,0.1252578717920032,0.12205082944874038,0.11747189379893874,0.12816139611714114,0.13619293462227933,0.08773569848668188,0.06519286292599313,0.057667000673849216,0.06187914414078588,0.07049363347944868,0.06912572194341643,0.04949970794095035,0.044778648692014325,0.03926945532624176,0.05881641149162502,0.0542597548627779,0.05577167026340217,0.05002497216328235,0.004578935649801635,-0.0042121434669366645,-0.01954695616538326,0.003207042343262828,0.007525862252143918,0.0055091933657725675,0.04845723613559745,0.01962601400246608,0.005746698100119824,-0.008031538505138186,0.0013679115360322458,-0.0015119154006242724,-0.010689502318202398,-0.008614489338662795,0.004556656628847119,0.0077859779930644635,0.0033137187852072536,-0.014037762799610692,0.029736195312256866,0.01237943619983553,0.00879143932834267,0.03752217330532133,0.015693154985042784,-0.005246323471268022
2960,2019,3,2677,0.11625349205493483,0.11055860790209826,0.11226560847340158,0.11088789830360926,0.0991556722537714,0.09304291998047896,0.0935312397492446,0.07659574030560165,0.0817262439902223,0.08830977492217561,0.08009693925207906,0.07388677874912267,0.012006764720173233,0.0017407143963292775,0.020731795688759838,0.022272230918498392,0.010549837087881122,0.06616725920169705,-0.0017070005713033243,-0.005130503684620646,-0.01899108129243056,0.005694884152836574,0.01693549944364295,0.010266050323843956,0.006112752273292443,0.006210160502956391,-0.05561742211381593,0.011732226049837854,0.00821283567009655,0.01172239383061727,0.0013777101697923233,-0.00658353093195331,-0.0015404352297385543,0.00398788358153325,0.011804995759022302,-0.008725030968586605,0.01922268849292262,0.00783946524109963,-0.045435463512937216,0.02321057207445587,0.019644461000121932,-0.054160494481523824
2965,2019,0,2706,0.21564128666569368,0.2187512107747543,0.20133663971891297,0.1981766765258675,0.19462499416896983,0.19744707796581193,0.11134485763624846,0.0987943754826793,0.10362289795054865,0.10379513160420445,0.10011076507227565,0.09706468236690853,0.06403689217984657,0.060461251495852866,0.07546743734660229,0.06839303257485212,0.07190618696232617,0.07260873176077982,0.01741457105584132,-0.004828522467869342,-0.01500618585074942,-0.003109924109060608,0.012550482153569159,0.0035756406839937,-0.0028220837968420953,0.0030460827053671174,-0.0007025447984536498,0.0035516823568976785,0.003684366531928801,-0.0035131543874740573,0.0031599631930454564,-0.0001722336536558039,0.00707440477175017,0.014304646946780714,0.007721959685699817,-0.01143054516675572,0.0038895617531010396,0.006558215583640115,0.002858705585822463,0.018194208699881753,0.014280175269339931,-0.008571839580933258
2970,2019,1,2702,0.20778032806550595,0.19242423035158437,0.20655784534051985,0.1968246276438789,0.1933789217575659,0.19784002855839902,0.10249149568898483,0.09030336310140599,0.10083123595869875,0.09240338982975421,0.0885785415263079,0.08218796604013295,0.004750308973321293,0.007203165337670818,0.018214274344029127,0.023301313814313687,-0.006231471581157073,0.018865217956010476,-0.014133614988935478,-0.010527872857292758,-0.01101110900635831,0.015356097713921574,0.012188132587578837,-0.0024528563643495243,-0.0044611068008331145,0.006390575486174943,-0.02509668953716755,0.0034457058863129886,0.0038248483034463154,0.02953278539547076,0.009733217696640956,0.008427846128944538,-0.005087039470284559,0.001222482724986096,0.0016602597302860789,-0.013463965370707834,0.00871781678212083,0.018643269918565797,-0.0006509436119813486,0.009940299507106926,0.020303529648851876,-0.014114908982689182
2975,2019,2,2698,0.26806524898726986,0.2544887850149305,0.2587965746774034,0.250094652015326,0.24410380060669318,0.2535581463275298,0.08865748238990412,0.0939807208357975,0.08908838901847078,0.085955576573894,0.08002474691245788,0.07963712140831647,0.04424121614816632,0.013981614112460083,0.03729310958684456,0.04101245505152614,0.011915651252875442,0.020846959640033257,-0.004307789662472916,0.00489233181732672,-0.023311495474384474,0.013576463972339359,-0.005323238445893386,0.030259602035706237,-0.009454345720836643,0.0003876255041414117,-0.008931308387157815,0.0059908514086328135,0.005930829661436113,0.0290968037986507,0.008701922662077421,0.0031328124445767908,-0.0037193454646815838,0.009268674309866443,-0.00043090662856666573,0.006948106561321762,0.005238428349873592,0.009451267610154315,0.0164461499468113,0.014507102659740034,0.00902036098158765,0.023394256508133062
2980,2019,3,2725,0.26047649996950484,0.26379642430862316,0.25613739003269675,0.2496805247452246,0.2580771267737254,0.23690500156461516,0.08978694936826394,0.09282481247175704,0.08910971345775417,0.08180091455698643,0.08145117175081396,0.07534756691593965,0.026795540659489758,0.0042979883366450955,0.0651521377834678,0.051717351433932815,0.05883189753578358,-0.009123552122351997,0.007659034275926402,0.003715099014002868,-0.06085414944682271,-0.0033199243391183186,-0.0030378631034931047,0.02249755232284466,0.021172125209110243,0.006103604834874307,0.06795544965813557,-0.008396602028500816,0.0003497428061724761,-0.007114546101850763,0.006456865287472163,0.007308798900767743,0.013434786349534988,0.004339109936808083,0.0006772359105097631,-0.03835659712397804,0.01923238846808159,0.013762146541814527,0.0742756899058198,0.023571498404889674,0.01443938245232429,0.03591909278184176
2985,2019,0,2755,0.23250338225977327,0.24018898681878004,0.23289342258522822,0.23239254368665038,0.2334210096480047,0.2077259399638374,0.06265617656944827,0.07221997139274292,0.059847511671144854,0.05666036499240859,0.06340426368173212,0.052370164217321546,0.09377502542907118,0.021218722856781072,0.09091706640694656,0.09095807837619502,0.06174234901541589,0.07287580946757514,0.007295564233551821,0.012372459721598061,-0.06969834355016549,-0.00768560455900677,-0.009563794823294641,0.07255630257229011,0.025695069684167293,0.011034099464410571,-0.011133460452159252,-0.001028465961354308,-0.006743898689323527,0.029215729360779125,0.0005008788985778334,0.0031871466787362634,-4.101196924845285e-05,-0.00039004032545494893,0.00280866489830342,0.002857959022124615,0.02516748262139082,0.0074773474538233076,0.01804125693937142,0.02477744229593587,0.010286012352126728,0.020899215961496034
2990,2019,1,2760,0.21736543178294937,0.21146459880342397,0.22854226263304983,0.22173428218043278,0.21874806226288526,0.18960404357466723,0.09657025406166846,0.10032222511954783,0.10526213648568111,0.09680035035668971,0.10290606006959063,0.08609419284529513,0.05842196745203591,0.07480071323018925,0.07386300038572804,0.0649292029070522,0.07127504674123383,0.05763764584153053,-0.01707766382962586,-0.004939911366133282,0.0009377128444612026,0.0059008329795254,-0.0037519710578793747,-0.01637874577815334,0.029144018688218032,0.016811867224295507,0.013637400899703306,0.0029862199175475224,-0.00610570971290092,-0.00634584383418163,0.006807980452617046,0.0084617861289914,0.008933797478675842,-0.011176830850100461,-0.008691882424012656,-0.015441032933692138,0.0389382190583826,0.019167943640385987,0.016225354544197518,0.02776138820828214,0.01047606121637333,0.0007843216105053799
2995,2019,2,2754,0.17493967506566366,0.1466479195953103,0.18348872351308537,0.1769881084914664,0.1690661604684491,0.1485255941147245,0.06273574674867136,0.047022236690443774,0.07016295504867395,0.0705120375759328,0.06423543102007402,0.05848925920997069,0.04295435092533962,0.008014532918709877,0.025432864757854105,0.02905967835769391,0.020819608629349232,0.00386554525355832,-0.03684080391777508,-0.02314071835823018,-0.01741833183914423,0.02829175547035337,0.015713510058227582,0.03493981800662974,0.020540566353724615,0.005746171810103333,0.01695406337579091,0.007921948023017295,0.00627660655585878,0.008240069728344679,0.006500615021618972,-0.00034908252725884825,-0.003626813599839806,-0.008549048447421714,-0.007427208300002597,0.017521486167485514,0.03496312939836088,0.011673695838703264,0.021567319504295787,0.026414080950939167,0.004246487538700668,0.0390888056717813
3000,2019,3,2775,0.06902882654548602,0.05208579797506617,0.05983296200211239,0.05888147105860372,0.04707423190640136,0.025565665208287094,0.048546617781211346,0.05290276673191651,0.04457954994757115,0.042821243150131985,0.029025751135260746,0.02012801978605571,-0.05933024094272499,-0.049796501164938646,-0.0671248482094699,-0.06597044876356858,-0.06479241692972619,-0.09297549023183622,-0.00774716402704622,0.00832321678434536,0.017328347044531255,0.01694302857041985,-0.0043561489507051646,-0.009533739777786342,0.021508566698114264,0.008897731349205035,0.028183073302110034,0.011807239152202359,0.01379549201487124,-0.001178031833842394,0.0009514909435086732,0.0017583067974391645,-0.0011543994459013163,0.009195864543373629,0.003967067833640196,0.007794607266744913,0.0342672967938253,0.02445153016151544,0.025850642022366324,0.04346316133719892,0.028418597995155635,0.03364524928911124
3005,2019,0,2806,0.23371992669525632,0.22700724408056938,0.245018105005822,0.24238042349281227,0.2418061209148771,0.21630565674130303,0.12817286737076106,0.10971742960630633,0.1299967937360634,0.12848263015475822,0.11835814125505359,0.11428121125177963,0.04141339898122605,0.02831525705767926,0.02872317209232108,0.030076197777075132,0.025486146931978627,0.014501672790827914,-0.018010860925252614,-0.020279364129757074,-0.00040791503464181894,0.006712682614686938,0.018455437764454727,0.013098141923546788,0.025500464173574072,0.004076930003273957,0.010984474141150714,0.0005743025779351707,0.010124488899704631,0.004590050845096505,0.002637681513009721,0.0015141635813051835,-0.0013530256847540528,-0.011298178310565676,-0.0018239263653023474,0.01269022688890497,0.028712448264518964,0.01571558248428377,0.014221499301493166,0.017414269953953287,0.013891656118981424,0.026911726190398135
3010,2019,1,2819,0.18408390473913963,0.1690104013939075,0.1823312002393043,0.17319900286410106,0.16673430074974038,0.17376847491616698,0.09537122404704937,0.08699775733728146,0.08714994436106727,0.09002110751526385,0.0869666219248148,0.08600565599231215,0.041643376791128776,0.030101152559021373,0.044970967266608534,0.03134361109996762,0.018968540006217123,0.037109758048218255,-0.013320798845396803,-0.00015218702378580473,-0.014869814707587161,0.015073503345232137,0.008373466709767907,0.011542224232107403,-0.007034174166426599,0.0009609659325026526,-0.018141218042001132,0.006464702114360676,0.0030544855904490464,0.012375071093750495,0.009132197375203238,-0.002871163154196582,0.013627356166640917,0.0017527044998353336,0.008221279685982102,-0.003327590475479758,0.008562725323137316,0.001144288368755117,0.007861209218390279,0.01031542982297265,0.00936556805473722,0.004533618742910521
3015,2019,2,2813,0.27879260317371535,0.26768296364329663,0.2782903770490776,0.2753986988472609,0.2767618140444231,0.2647039900006574,0.1385754601458537,0.13370556521797902,0.13615831585428628,0.14374422816600274,0.15177312843502397,0.1386976148450525,0.08818538020417949,0.06937659762231867,0.09429745313143591,0.07142225138275186,0.07841524029203613,0.02579523220090429,-0.010607413405780974,-0.0024527506363072604,-0.02492085550911724,0.011109639530418713,0.0048698949278746795,0.01880878258186082,0.012057824043765708,0.013075513589971471,0.052620008091131834,-0.0013631151971622013,-0.008028900269021227,-0.0069929889092842645,0.002891678201816683,-0.007585912311716458,0.022875201748684043,0.0005022261246377391,0.002417144291567419,-0.006112072927256421,0.01358638704842019,-0.0025392989907662145,0.06850222093053161,0.014088613173057929,-0.0001221546991987954,0.06239014800327519
3020,2019,3,2827,0.20294632855828504,0.2027638124221425,0.20881702127719243,0.2055202903357446,0.2156190105864808,0.19202742482124457,0.08813817204021213,0.08642368663916883,0.09278828924670832,0.09101035468251831,0.09362691793814121,0.08560273988188512,0.004421760319452203,-0.0060351392340851654,0.02323790629459492,0.014051655360838489,0.002335829154929237,-0.014096217424888695,-0.006053208855049924,-0.006364602607539488,-0.029273045528680087,0.00018251613614253537,0.0017144854010432975,0.010456899553537367,0.023591585765236234,0.00802417805625609,0.016432046579817932,-0.010098720250736215,-0.0026165632556229,0.011715826205909252,0.003296730941447834,0.001777934564190009,0.009186250933756432,-0.005870692718907389,-0.00465011720649619,-0.018816145975142716,0.016789596455947853,0.007185549364823199,0.037334123719483615,0.010918903737040464,0.0025354321583270084,0.0185179777443409
3025,2019,0,2860,0.2178278534568372,0.2087981885009796,0.22500325889048986,0.22798304476924874,0.22948052201335792,0.20294011489306024,0.12042671579247262,0.11731667470618826,0.12204678458449841,0.11636908430731496,0.12092786184253604,0.10358469078748347,0.07235055016650128,0.07109694566175583,0.09358554560366639,0.09960922167622414,0.07529976094670834,0.06039665797633671,-0.016205070389510273,-0.004730109878310157,-0.02248859994191056,0.009029664955857608,0.0031100410862843625,0.0012536045047454591,0.026540407120297677,0.017343171055052564,0.014903102970371632,-0.0014974772441091744,-0.004558777535221076,0.0243094607295158,-0.002979785878758884,0.005677700277183451,-0.006023676072557757,-0.007175405433652665,-0.0016200687920257945,-0.021234995437165102,0.02206314399742962,0.01846209379701494,0.033188887627329675,0.014887738563776953,0.016842025004989145,0.011953892190164572
3030,2019,1,2871,0.2546220590310917,0.24722893967653853,0.2618172360693419,0.2732816709939875,0.27683784615793955,0.22223925814741533,0.11813048838571803,0.10950057483359388,0.11639099855317224,0.12514100916272114,0.12416810545898098,0.11181297187067685,0.07789848022703165,0.10011186666085158,0.09402111387265309,0.09359122706709978,0.0881791762735703,0.07059306193062498,-0.014588296392803346,-0.006890423719578362,0.0060907527881984835,0.007393119354553168,0.008629913552124155,-0.022213386433819926,0.054598588010524224,0.012355133588304132,0.017586114342945325,-0.003556175163952069,0.0009729037037401606,0.00541205079352948,-0.011464434924645606,-0.0087500106095489,0.00042988680555330894,-0.007195177038250178,0.001739489832545793,-0.016122633645621443,0.03957797792192655,0.0045780266824953925,0.023428051942028114,0.03238280088367637,0.0063175165150411855,0.007305418296406671
3035,2019,2,2862,0.23480770645220805,0.23778683764403447,0.2468396932307209,0.2540142633772557,0.250244846064248,0.20973701297363365,0.10574891797851878,0.10242127065553781,0.10511060405855194,0.10512905896351954,0.1127145667843423,0.09378463438557841,0.08060060064480228,0.08152863450209819,0.08669543626579665,0.08190086521380169,0.08773035823811054,0.08430638600623133,-0.009052855586686448,-0.002689333403014124,-0.005166801763698464,-0.002979131191826412,0.0033276473229809644,-0.0009280338572959096,0.04050783309061437,0.018929932398763893,0.0034239722318792076,0.0037694173130076725,-0.007585507820822762,-0.005829493024308852,-0.0071745701465347755,-1.8454904967601937e-05,0.004794571051994961,-0.01203198677851286,0.0006383139199668403,-0.006094835620994374,0.03710268025708727,0.01132596967297353,0.0023890502595653174,0.025070693478574407,0.01196428359294037,-0.0037057853614290565
3040,2019,3,2882,0.1288541266931387,0.13463215218614155,0.1496689151602596,0.15781910793059784,0.14586102241197083,0.11409828742834378,0.059132989526220724,0.052025675064328425,0.06330030840239134,0.06866876917856896,0.06502301763047551,0.05539624718546242,0.011106527091009243,-0.03067732184805165,0.0027115700612198278,0.0028438370210161767,0.010861700323197342,-0.029869269774910986,-0.015036762974118045,-0.011274633338062917,-0.03338889190927148,-0.005778025493002853,0.007107314461892299,0.0417838489390609,0.03176273498362704,0.009626770445013089,0.04073097009810833,0.01195808551862701,0.0036457515480934483,-0.008017863302181166,-0.008150192770338238,-0.005368460776177614,-0.00013226695979634898,-0.020814788467120898,-0.004167318876170618,0.008394957029789415,0.03557062773191581,0.007904061216928923,0.03258083983613082,0.014755839264794915,0.0037367423407583047,0.04097579686592023
3045,2019,0,2907,0.10485541018129686,0.1146641378910683,0.1092828890971384,0.11745676145205025,0.09990127558526014,0.0923715252037079,0.04679559702008505,0.040414888610820494,0.03926216027421419,0.049963779363666805,0.04450297424050875,0.04412812776818414,0.0342105863501067,0.005197501171075808,0.023911536675262954,0.05459872407001109,0.02135663492388378,0.009350845671885715,0.005381248793929899,0.001152728336606304,-0.018714035504187147,-0.00980872770977144,0.006380708409264559,0.029013085179030895,0.00752975038155225,0.00037484647232461504,0.012005789251998066,0.017555485866790108,0.005460805123158052,0.03324208914612731,-0.008173872354911849,-0.010701619089452614,-0.030687187394748135,-0.00442747891584154,0.007533436745870863,0.010299049674843748,0.01691136389343051,-0.004865967493969947,0.014560691003377238,0.012483884977588969,0.0026674692519009155,0.024859740678220985
3050,2019,1,2920,0.06912594914203184,0.0706226370975284,0.06962639888198326,0.07883653799414947,0.059828125228867164,0.05227998040281827,0.018131477617287506,0.017985396330897487,0.022347895063876497,0.022166088772576052,0.013508200984459758,0.011255488744256335,0.054833746053306,0.0322175697771487,0.022489267529326416,0.026819473601905244,0.009279998612928131,0.021925127385832608,0.0009962382155451477,-0.00436249873297901,0.009728302247822285,-0.0014966879554965673,0.00014608128639001863,0.0226161762761573,0.007548144826048896,0.0022527122402034236,-0.012645128772904477,0.019008412765282305,0.008657887788116294,0.017539474988977115,-0.009210139112166213,0.0001818062913004452,-0.004330206072578828,-0.0005004497399514196,-0.0042164174465889916,0.032344478523979585,0.017346418479164988,0.011092406319620163,0.0005641401434938083,0.016845968739213568,0.006875988873031171,0.0329086186674734
3055,2019,2,2920,0.19597960019502814,0.18290839917071933,0.19144318814035588,0.19867154572736564,0.1887620209282574,0.1804744508263302,0.06571804858437383,0.057752569967137846,0.06444663734186652,0.06523794043410718,0.06639118498898126,0.06544619185212955,0.07136162773557476,0.05260792203409446,0.06764004754685335,0.07155437323116236,0.061164436329533375,0.05877442010219368,-0.008534788969636553,-0.006694067374728677,-0.015032125512758891,0.01307120102430881,0.007965478617235983,0.018753705701480307,0.008287570101927183,0.0009449931368517156,0.0023900162273396974,0.009909524799108255,-0.0011532445548740888,0.010389936901628982,-0.007228357587009765,-0.0007913030922406528,-0.0039143256843090085,0.004536412054672256,0.001271411242507306,0.0037215801887214156,0.010968737314025673,-0.000999554510263026,0.008865627444659671,0.01550514936869793,0.00027185673224428,0.012587207633381087
3060,2019,3,2941,0.15560229899813496,0.13242977448961163,0.13700547668878787,0.14751130978595547,0.14057050911343866,0.11839383050846408,0.04957269914475979,0.04218908323450798,0.047638512935590786,0.0509098596336537,0.04426613483113889,0.03574420258459844,0.0469283880944375,0.10082119935803849,0.07444530028219758,0.07973397229478496,0.07806634908843277,0.03943975915191807,-0.004575702199176246,-0.0054494297010828086,0.02637589907584091,0.023172524508523334,0.0073836159102518145,-0.05389281126360099,0.022176678604974576,0.00852193224654045,0.038626589936514695,0.006940800672516817,0.006643724802514808,0.0016676232063521923,-0.0105058330971676,-0.0032713466980629144,-0.005288672012587384,0.01859682230934709,0.001934186209169006,-0.027516912187760076,0.018611646180323793,0.011894310350992345,0.035005541130279504,0.03720846848967088,0.01382849656016135,0.007488628942519428
3065,2019,0,2970,0.3073538417884278,0.3026501895638666,0.26954756258056745,0.2679349438895639,0.2672883236170871,0.23494200889423306,0.10703913472239665,0.10886464193935651,0.0993824423788004,0.1012584274631387,0.09994825820671002,0.08509684467630582,0.10064231162494387,0.09518901074529654,0.07718718196800317,0.07620969050477908,0.08210239266580309,0.09653034851800368,0.03310262698329913,0.009482199560556112,0.018001828777293366,0.004703652224561206,-0.0018255072169598568,0.005453300879647335,0.03234631472285404,0.0148514135304042,-0.014427955852200594,0.0006466202724768055,0.0013101692564286838,-0.005892702161024013,0.0016126186910035423,-0.0018759850843383108,0.000977491463224095,0.03780627920786034,0.007656692343596255,0.0234551296569407,0.03460555368633439,0.014285597702494574,-0.019343166550000512,0.07241183289419473,0.02194229004609083,0.004111963106940189
3070,2019,1,2982,0.3890952130136554,0.4119413469447617,0.37949799195710765,0.3721479732451631,0.3787995858817341,0.34270398377340316,0.16690449522212053,0.1708761711832743,0.16466174598770755,0.1583532477067252,0.16514997211739657,0.1495242881299162,0.1426785932144242,0.11017020728793912,0.10492304984834963,0.12126863709695312,0.10473200853337519,0.13251090359297568,0.03244335498765405,0.006214425195566753,0.005247157439589492,-0.022846133931106294,-0.0039716759611537755,0.03250838592648507,0.03609560210833096,0.015625683987480377,-0.02777889505960049,-0.006651612636571047,-0.006796724410671362,0.016536628563577932,0.007350018711944573,0.006308498280982344,-0.016345587248603494,0.009597221056547756,0.0022427492344129774,0.03775554336607456,0.036794008183704485,0.015137457857791359,-0.02758785374462605,0.04639122924025224,0.017380207092204336,0.010167689621448511
3075,2019,2,2973,0.2858256372456454,0.29094673983210767,0.28743004503947006,0.28431299947086525,0.2725814024466859,0.2526266516939731,0.10785582620672676,0.10183806935311937,0.10537286346739272,0.10705161022351818,0.10212484177133195,0.09437403273634473,0.11539504870105773,0.10664356326638649,0.11628742237219204,0.10626397481142472,0.12235133015194526,0.11831465699353805,0.003516694792637609,-0.0035347941142733486,-0.00964385910580555,-0.005121102586462256,0.006017756853607392,0.008751485434671233,0.019954750752712802,0.007750809034987219,0.0040366731584072085,0.011731597024179363,0.004926768452186231,-0.01608735534052054,0.003117045568604815,-0.0016787467561254626,0.010023447560767326,-0.001604407793824647,0.0024829627393340437,-0.0008923736711343166,0.03480339334549698,0.010998830731047987,-0.002027234621346005,0.03319898555167233,0.01348179347038203,-0.002919608292480322
3080,2019,3,2996,0.20384223800475934,0.18700527168946826,0.17706890713956944,0.1808636576944098,0.15620870012541782,0.20366329806986358,0.07768911556406943,0.06021352804283048,0.06770089966942708,0.07283565372352824,0.06747155237573442,0.07579964792229746,0.09032856942874393,0.063275200374794,0.04943407379985334,0.05688982242992005,0.04155460968887291,0.05913683527112485,0.009936364549898824,-0.007487371626596601,0.013841126574940667,0.01683696631529108,0.017475587521238956,0.02705336905394992,-0.04745459794444576,-0.008328095546563039,-0.01758222558225194,0.02465495756899197,0.005364101347793818,0.015335212741047141,-0.0037947505548403537,-0.005134754054101159,-0.007455748630066712,0.026773330865189904,0.009988215894642355,0.04089449562889059,-0.026594390930294143,-0.00809874825287038,-0.009702761471271512,0.000178939934895761,0.0018894676417719747,0.031191734157619076
3085,2019,0,3029,0.22165586704785745,0.2075568400870324,0.20217762910984918,0.2084254588681577,0.18414982206221645,0.2015638841578031,0.07833356172223101,0.06914487715528365,0.07350651262789064,0.07549096791332724,0.07247435905090194,0.07054257434322529,0.06332442234509449,0.04811126532582699,0.036206612195106944,0.044980127692751684,0.028178963579766545,0.043659513647886714,0.005379210977183219,-0.004361635472606984,0.011904653130720047,0.014099026960825045,0.009188684566947353,0.015213157019267495,-0.017414062095586658,0.0019317847076766453,-0.015480550068120168,0.024275636805941248,0.003016608862425302,0.01680116411298514,-0.00624782975830851,-0.001984455285436601,-0.00877351549764474,0.019478237938008264,0.004827049094340369,0.027117810149987542,0.0006137449520460803,0.002963938284665346,-0.00745290145277977,0.020091982890054344,0.007790987379005715,0.019664908697207772
3090,2019,1,3036,0.12475608710439877,0.08021518162291327,0.11395872123392252,0.12336694718510641,0.09535714751574667,0.14983071296111547,0.05094964016917993,0.02746855711333704,0.04675693493549195,0.05324412899615036,0.04494766227017493,0.05863380417963601,0.0597940797789124,0.029796626995824502,0.021986932977609563,0.015011634276755384,0.050357207223969434,0.02858101879514528,-0.033743539611009246,-0.01928837782215491,0.007809694018214939,0.044540905481485496,0.023481083055842893,0.029997452783087897,-0.0544735654453688,-0.013686141909461082,0.021776188428824155,0.028009799669359736,0.008296466725975428,-0.03534557294721405,-0.009408225951183888,-0.0064871940606584105,0.00697529870085418,0.01079736587047625,0.004192705233687984,0.037807146801302836,-0.03587199172719295,-0.011876869244144064,-0.006594085817535716,-0.0250746258567167,-0.007684164010456081,0.03121306098376712
3095,2019,2,3032,0.18027718139908588,0.19701131427288668,0.13437959064675178,0.13575463492735848,0.09889112651728349,0.18008790202943267,0.05798204425353423,0.06810856158344214,0.04062102161401751,0.050493071479043763,0.04497657141558556,0.05756071494902949,0.07616995877630382,0.08008631236895292,0.05593197493802225,0.03951587474272367,0.035527866293248694,0.07081627638123303,0.0626317236261349,0.02748753996942463,0.024154337430930664,-0.016734132873800794,-0.010126517329907908,-0.003916353592649094,-0.08119677551214918,-0.012584143533443934,-0.035288410087984334,0.03686350841007499,0.0055165000634582045,0.003988008449474972,-0.0013750442806066965,-0.009872049865026253,0.016416100195298586,0.0458975907523341,0.01736102263951672,0.02023798383828157,-0.04570831138268089,-0.016939693335011982,-0.014884301443210776,0.00018927936965321135,0.00042132930450473893,0.005353682395070794
3100,2019,3,3057,0.1072411896891032,0.12904706952764317,0.066862839602961,0.07248438705007007,0.03655159093062238,0.10691561416654491,0.022623797457781918,0.036118870251211174,0.025702906835158502,0.025673686140429502,0.021444161836285783,0.030150802350361446,0.056465386572244126,0.05037892321523265,0.013488143733031907,0.009909358096880077,-0.0014523787073668264,0.04930830887762194,0.06218422992468217,0.010415963416052672,0.03689077948220074,-0.02180587983853996,-0.013495072793429257,0.006086463357011476,-0.07036402323592253,-0.008706640514075662,-0.05076068758498877,0.03593279611944769,0.004229524304143719,0.011361736804246902,-0.0056215474471090765,2.9220694728999963e-05,0.00357878563615183,0.04037835008614221,-0.003079109377376585,0.04297724283921222,-0.040052774563583915,-0.004447895515202943,-0.035820165144590035,0.0003255755225582968,-0.007527004892579528,0.007157077694622184
3105,2019,0,3084,0.09174352457968189,0.11232945030766688,0.03205322271248992,0.03727048091995226,-0.004693069979366853,0.086381402034792,0.038433587741836805,0.04848354951969054,0.012479871562934387,0.019236435085419203,0.009021614834188306,0.0365854193070798,0.03824276860294606,0.02749750036547944,-0.011260133440416405,-0.01013869135838881,-0.014898976887386391,0.0315382315291749,0.08027622759517695,0.03600367795675616,0.03875763380589584,-0.020585925727984983,-0.010049961777853736,0.010745268237466618,-0.09107447201415886,-0.027563804472891494,-0.04643720841656129,0.041963550899319114,0.010214820251230897,0.004760285528997581,-0.005217258207462341,-0.006756563522484816,-0.001121442082027595,0.05969030186719197,0.02595371617890242,0.04950290204336246,-0.05432817932230208,-0.024105547744145413,-0.0427983649695913,0.005362122544889894,0.0018481684347570054,0.006704537073771159
3110,2019,1,3085,0.062060407190007175,0.0707173368049297,0.024682742185103974,0.02346201312061222,0.013860064320323218,0.03420624614148735,0.02025983631964274,0.028212827925111827,-0.003113044216543249,0.005713981402302374,0.0050072867615872626,0.009595944316167228,0.032918269887799445,0.022406783469254198,-0.0019245721999710578,-0.005153611595199086,-0.008641806708415922,0.00821135781604491,0.046034594619825724,0.031325872141655074,0.024331355669225254,-0.008656929614922523,-0.007952991605469088,0.010511486418545248,-0.020346181821164135,-0.004588657554579966,-0.016853164524460833,0.009601948800289,0.0007066946407151111,0.0034881951132168356,0.001220729064491756,-0.008827025618845623,0.003229039395228028,0.0373776650049032,0.02337288053618599,0.034842842087770505,-0.009523503956383378,-0.012708988532710477,-0.010135930016015968,0.027854161048519822,0.010663892003475511,0.024706912071754537
3115,2019,2,3081,0.1388138621210238,0.14343067292109285,0.10812360287819067,0.1131306556412726,0.11443721829035922,0.11348950009239644,0.03979788974309533,0.04215460130186542,0.02102227979754956,0.025899100793269878,0.025369831704145848,0.030078453624007018,0.05083707366828301,0.06189211472627201,0.024659733325930223,0.0341481533358537,0.033352893264099244,0.04378101677392104,0.03530707004290218,0.021132321504315862,0.03723238140034179,-0.004616810800069038,-0.00235671155877009,-0.011055041057989004,0.0009477181979627713,-0.0047086219198611695,-0.010428123509821793,-0.001306562649086615,0.00052926908912403,0.0007952600717544556,-0.005007052763081929,-0.004876820995720319,-0.009488420009923476,0.03069025924283314,0.018775609945545772,0.026177340342352785,-0.005365897214205773,-0.009056173826457459,-0.019121283447990814,0.025324362028627367,0.009719436119088314,0.007056056894361971
3120,2019,3,3105,0.14101070852232842,0.12523331900688012,0.12560834086406591,0.12723764062149376,0.14466818171890491,0.10428870062157815,0.046622693905749565,0.04671923738900542,0.035984345506163196,0.03215827481058847,0.04640649203154739,0.03632007493560518,0.04514681758024064,0.039166399799817724,-0.03853465657240135,-0.015453893724143332,0.0011646436587002624,0.0020952224014974385,-0.0003750218571857977,0.010734891882842226,0.07770105637221908,0.015777389515448298,-9.654348325585649e-05,0.0059804177804229156,0.040379481097326766,0.010086417095942213,-0.000930578742797176,-0.017430541097411156,-0.014248217220958918,-0.016618537382843593,-0.0016292997574278434,0.0038260706955747237,-0.023080762848258017,0.0154023676582625,0.01063834839958637,0.08368147415264199,0.021319640242487767,-0.00033572942944198186,-0.04062987897389879,0.03672200790075027,0.010302618970144388,0.0430515951787432
3125,2019,0,3118,0.25444362517536157,0.21792414741541535,0.22894445251974893,0.22350270343060366,0.2765972281081273,0.14402137516691074,0.07418280025345006,0.06850224788986832,0.06942733695278194,0.0631257074439997,0.07965561770908894,0.04597055652900149,0.10301606728411755,0.07053869048781237,0.06136580646996242,0.03568754125102899,0.047959311511636196,0.04952247329393568,-0.011020305104333578,-0.0009250890629136227,0.009172884017849957,0.03651947775994621,0.0056805523635817395,0.03247737679630518,0.13257585294121657,0.03368506118008745,-0.0015631617822994825,-0.05309452467752365,-0.016529910265089237,-0.012271770260607204,0.00544174908914527,0.006301629508782242,0.025678265218933426,0.025499172655612634,0.004755463300668117,0.041650260814155134,0.08492307735283819,0.02345678042378045,0.01184333317602674,0.11042225000845082,0.02821224372444857,0.05349359399018187
3130,2019,1,3123,0.25456563867565146,0.24987026359241316,0.24284330978695262,0.23004612536872768,0.2548808667857989,0.20544989762469212,0.0800396206126554,0.0663856553142418,0.0690680831953031,0.06821984659787772,0.0723418155846211,0.06002317068660618,0.07010550715727333,0.0940089175811308,0.05332903817994122,0.060528360992510855,0.0716610386913292,0.04658146619563524,0.007026953805460534,-0.0026824278810612945,0.04067987940118958,0.004695375083238307,0.013653965298413603,-0.023903410423857463,0.049430969161106786,0.012318644898014923,0.02507957249569396,-0.024834741417071232,-0.004121968986743385,-0.011132677698818344,0.012797184418224944,0.0008482365974253753,-0.007199322812569638,0.01172232888869884,0.010971537417352309,0.016776468977332114,0.0373934121622605,0.009044912508696913,0.006747571984305978,0.04911574105095934,0.020016449926049222,0.02352404096163809
3135,2019,2,3121,0.21101842033750573,0.24201831894644965,0.1664639795828655,0.15975077656390274,0.15280974122563637,0.17641304193602564,0.07685169396311792,0.08404189247779961,0.06587315329275392,0.06412945135819498,0.061514276983556423,0.0673075646645068,0.0597801469427922,0.07328196374730814,0.050517558333156486,0.05454594323287704,0.03594173449433394,0.06441304951006223,0.07555433936358416,0.01816873918504569,0.022764405414151652,-0.03099989860894392,-0.007190198514681695,-0.01350181680451594,-0.02360330071038927,-0.005793287680950374,-0.02847131501572829,0.006941035338266371,0.002615174374638554,0.0186042087385431,0.006713203018962749,0.0017437019345589444,-0.004028384899720551,0.04455444075464024,0.010978540670363995,0.009262588609635712,-0.009949062353160149,-0.001434411371752875,-0.013895491176905743,0.03460537840148009,0.00954412929861112,-0.004632902567270031
3140,2019,3,3136,0.16993666058182902,0.19762914314899352,0.1073492051204268,0.10173777009190502,0.09759511916322006,0.10227224747051279,0.06681557769447152,0.06763920652177152,0.040400320927842334,0.042563205242053585,0.04031474546712716,0.032645107742258386,0.07917124038109687,0.07433239551507066,0.0063901918134416785,0.007233925762252326,-0.0035864239704720036,0.012536711770551963,0.09027993802856672,0.027238885593929188,0.06794220370162898,-0.0276924825671645,-0.0008236288272999992,0.004838844866026204,-0.0046771283072927355,0.007669637724868776,-0.016123135741023968,0.00414265092868496,0.002248459774926423,0.010820349732724329,0.00561143502852178,-0.002162884314211251,-0.0008437339488106474,0.06258745546140222,0.02641525676662919,0.07278104856765519,0.0050769576499140046,0.007755213185583948,-0.006146519957110285,0.06766441311131623,0.03417046995221314,0.0666345286105449
3145,2019,0,3147,0.18253634070248914,0.24787653497466228,0.13593247846799475,0.13055335194952097,0.10035623658586665,0.16699403194357107,0.08057539083325352,0.11210239277386988,0.07219050550417364,0.07261253143497595,0.05815592004814123,0.07619784159259946,0.06352095457346821,0.08522133866489887,0.06716541297588209,0.05791467397638619,0.02078766276914338,0.06449745571095207,0.11194405650666753,0.039911887269696245,0.018055925689016775,-0.06534019427217314,-0.03152700194061636,-0.021700384091430658,-0.06663779535770442,-0.01804192154445823,-0.04370979294180869,0.030197115363654325,0.014456611386834725,0.03712701120724281,0.005379126518473776,-0.00042202593080231665,0.009250738999495904,0.04660386223449439,0.008384885329079883,-0.003644458402413883,-0.03106155347557632,-0.0040073360884258225,0.002667957264930021,0.015542308758918072,0.004377549240654061,-0.0009765011374838622
3150,2019,1,3159,0.0271639826403028,0.02577525818681493,0.0006713039786194401,0.0005093337821417068,-0.02508851106936424,-0.004157151657624412,0.030062411152822377,0.027559367675308345,0.01916540986497975,0.01596924269859243,0.0010655127515155263,0.020402676330628484,0.025062646470003336,0.006137057892017572,0.01359183498189649,0.011261031886843848,-0.00929713930471936,0.015075711379729717,0.02510395420819549,0.008393957810328596,-0.007454777089878918,0.0013887244534878697,0.0025030434775140317,0.018925588577985764,-0.02093135941173983,-0.019337163579112956,-0.024372850684449075,0.025597844851505947,0.014903729947076902,0.02055817119156321,0.00016197019647773328,0.0031961671663873203,0.002330803095052642,0.02649267866168336,0.010897001287842628,0.011470811488106846,0.004828455636243852,-0.0012372664656487356,-0.0014838763978332267,0.03132113429792721,0.009659734822193893,0.009986935090273619
3155,2019,2,3160,-0.011610261387671905,-0.010810602429974697,-0.004812259098092576,-0.0027725082255741717,-0.04027129988884334,-0.03002002547613471,0.0014668467722256957,-0.0014172135337434198,0.004202874813098433,0.0019207687635318053,-0.0011726282853809986,-0.0018199448676557324,-0.060936125941360796,-0.07678954487893462,-0.04973890767349283,-0.05081427300381827,-0.10205512122594483,-0.07420511824422248,-0.005998343331882121,-0.005620088346841853,-0.02705063720544179,-0.000799658957697208,0.0028840603059691154,0.015853418937573825,-0.010251274412708632,0.0006473165822747338,-0.027850002981722355,0.03749879166326917,0.003093397048912804,0.05124084822212656,-0.002039750872518404,0.0022821060495666276,0.0010753653303254423,-0.006798002289579329,-0.002736028040872737,-0.011197218267867966,0.025207766378042135,0.006022819680754165,0.024466210570729646,0.018409764088462805,0.003286791639881428,0.01326899230286168
3160,2019,3,3182,0.06334558996384174,0.03417998099752324,0.0727105175532407,0.06296233128362977,0.10001409531086189,0.0063767896895028766,0.003778245671677517,-0.006700352505103865,0.005890334264216755,0.004020653493783316,0.030030826560385252,-0.01086390864016355,-0.011459893013398396,-0.030633975963155976,-0.14618808108107303,-0.22588511738961992,-0.14812334382049858,-0.044924304255952986,-0.03853053655571746,-0.01259068676932062,0.11555410511791706,0.029165608966318493,0.010478598176781382,0.01917408294975758,0.09363730562135901,0.0408947352005488,-0.1031990395645456,-0.03705176402723212,-0.026010173066601937,-0.07776177356912134,0.009748186269610937,0.0018696807704334387,0.07969703630854688,-0.00936492758939897,-0.002112088592539238,0.13472818806767464,0.06633372786373783,0.016754242904380302,-0.10126377682512006,0.05696880027433886,0.014642154311841066,0.03346441124255459
3165,2020,0,3191,0.04102215365671286,0.02850773023237355,0.06159854443369047,0.045033127788914384,0.06035022857263429,-0.014175126326846062,-0.004009036269994326,-0.018664312143397713,0.0008529187347973491,-0.014053802218340733,-0.0005391314100228872,-0.021080459564501643,0.011599917138245354,0.0023476926481988533,-0.029946373959132383,-0.08927423886991873,-0.050317669051759786,-0.0091340672973527,-0.03309081420131692,-0.019517230878195062,0.03229406660733124,0.012514423424339314,0.014655275873403387,0.0092522244900465,0.07452535489948035,0.020541328154478754,-0.041183601754407086,-0.015317100783719909,-0.013514670808317846,-0.03895656981815894,0.016565416644776086,0.014906720953138082,0.05932786491078634,-0.020576390776977607,-0.004861955004791675,0.04154629109737774,0.07577367076053654,0.021933378299298992,-0.020812306661779682,0.055197279983558924,0.017071423294507317,0.020733984435598055
3170,2020,1,3201,0.024122869944412272,0.030039300482088277,0.06894547890996701,0.051163999465540226,0.08312608498102256,-0.04075437160877076,-0.006150290275218139,-0.00530456980886811,0.00543447694672068,0.0030253044724304345,-0.00037842077490495354,-0.02693705190094988,0.022700565305230333,0.0171632229629927,0.004372811811047109,-0.06513491502962777,-0.07536757874302337,-0.025569157926363436,-0.03890617842787873,-0.01073904675558879,0.01279041115194559,-0.005916430537676005,-0.0008457204663500292,0.005537342342237635,0.12388045658979333,0.026558631126044927,-0.04979842081665993,-0.03196208551548233,0.003403725247335388,0.010232663713395596,0.017781479444426783,0.0024091724742902453,0.06950772684067488,-0.04482260896555473,-0.011584767221938819,0.018327753494183224,0.10969985051873776,0.03237152884767056,0.029941969737410545,0.06487724155318303,0.02078676162573174,0.04826972323159377
3175,2020,2,3201,0.0169747769230454,0.03934888142485923,0.025432665361303144,0.003172628615279679,0.03567358725246112,-0.07875393014738627,-0.009470220578509724,-0.009091377417530565,-0.001570187752236052,-0.023732506304327217,-0.008507228510347886,-0.0572642391693762,-0.0070481171226386245,0.028686319972983598,-0.010261228402791818,-0.07260415330687006,-0.008673308232514464,-0.03914884552517374,0.01391621606355609,-0.007521189665294513,0.038947548375775416,-0.022374104501813832,-0.00037884316097915906,-0.035734437095622226,0.11442751739984738,0.048757010659028314,0.030475537292659276,-0.03250095863718144,-0.01522527779397933,-0.06393084507435559,0.022260036746023466,0.022162318552091165,0.062342924904078244,-0.008457888438257743,-0.007900032826273672,0.0032131112801531934,0.10418659550868942,0.05569405141714015,0.02888761712238192,0.09572870707043167,0.047794018590866474,0.03210072840253511
3180,2020,3,3217,0.33267330335105877,0.367314309038261,0.3315052188776018,0.3313656721334257,0.343809374524504,0.3081453881946259,0.221090939032212,0.24155808352601257,0.23001107232740534,0.22462807362065054,0.22439957822074988,0.20377442697826498,0.08699031526971565,0.1602616538182269,0.13873703181308805,0.11309403876028756,0.15862959560813805,0.0526053368933867,0.035809090160659196,0.011547011198607238,0.021524622005138855,-0.03464100568720224,-0.020467144493800576,-0.07327133854851126,0.035663986329878106,0.0206251512424849,0.10602425871475135,-0.012443702391078282,0.00022849539990066337,-0.04553555684785049,0.00013954674417610002,0.0053829987067547935,0.02564299305280049,0.001168084473456954,-0.008920133295193339,-0.0517467165433724,0.023359830682975924,0.02623664534914036,0.08613169491970135,0.024527915156432878,0.01731651205394702,0.03438497837632895
3185,2020,0,3232,0.32607268819599844,0.34559772158765834,0.31177703523107697,0.3045196343889424,0.31377440246206595,0.280338841379871,0.17769068719892353,0.18983825757027895,0.1674647849751028,0.15950752546487135,0.16529949703072921,0.15401526475949878,0.06206883634324025,0.054866092901209626,0.08113794526317927,0.0517080891962768,0.06342606382948807,0.007951420802466207,0.033820686356581364,0.022373472595176136,-0.026271852361969647,-0.019525033391659896,-0.012147570371355415,0.007202743442030625,0.033435561082194976,0.011284232271230432,0.05547464302702186,-0.009254768073123532,-0.005791971565857867,-0.011717974633211267,0.007257400842134554,0.007957259510231462,0.029429856066902474,0.014295652964921468,0.010225902223820721,-0.019069108919939022,0.031438193851206,0.013449520215604027,0.07318652446071307,0.045733846816127466,0.023675422439424748,0.054117415540774046
3190,2020,1,3236,0.3042402482622514,0.2649051502346042,0.26933232774347465,0.2530939270593683,0.277539677473878,0.2046189631478353,0.15465178936824417,0.13521393846980678,0.12676312044218307,0.11169987612643,0.12774284028042085,0.1032405568881479,0.042139118501358735,0.01947385870050739,0.024816197408115873,-0.025658529621485862,-0.006032769542124362,-0.0237322431029121,-0.00442717750887045,0.008450818027623708,-0.005342338707608484,0.039335098027647175,0.019437850898437387,0.022665259800851347,0.07292071432604269,0.02450228339227295,0.017699473560787736,-0.024445750414509693,-0.016042964153990855,-0.0196257600793615,0.01623840068410637,0.01506324431575308,0.050474727029601735,0.034907920518776725,0.027888668926061094,0.017322921093242863,0.06471336459563937,0.023522563554035175,0.04854844051102797,0.09962128511441609,0.05141123248009627,0.06587136160427083
3195,2020,2,3253,0.3163259578663865,0.25417723285646243,0.26043567668835005,0.2466478775777169,0.26407873046713454,0.19791822819208738,0.18401210953159114,0.15942988754912782,0.1294863187792138,0.10473919205457116,0.12805855927039655,0.08903144386599215,0.04716807281467857,0.022261722608094836,-0.017655851795712687,-0.15613474162426053,-0.14192555152010378,-0.01768631611770846,-0.006258443831887617,0.029943568769914025,0.039917574403807526,0.06214872500992408,0.02458222198246332,0.024906350206583737,0.06616050227504716,0.0390271154044044,-0.12423923540239531,-0.017430852889417647,-0.023319367215825393,-0.01420919010415675,0.013787799110633159,0.024747126724642632,0.13847888982854784,0.05589028117803646,0.054525790752377346,0.06482392461039126,0.06251744849626267,0.04045487491322164,3.0464321995774674e-05,0.11840772967429913,0.09498066566559898,0.06485438893238704
3200,2020,3,3254,0.1501328451256879,0.1351993089601129,0.16938963959358302,0.16356500006551583,0.1769862903709391,0.11326956017611421,0.07761459278300978,0.07184950408275025,0.07191252044043862,0.07684286600059399,0.07793115740928513,0.05647153302310751,-0.007160537356452688,-0.07810438054173345,-0.06172485383795975,-0.07697317490845078,-0.08479468831041609,-0.08077644621202502,-0.03419033063347013,-6.301635768837799e-05,-0.016379526703773697,0.014933536165574995,0.0057650887002595325,0.07094384318528077,0.06371673019482489,0.02145962438617762,-0.004018242098391064,-0.013421290305423272,-0.0010882914086911416,0.00782151340196531,0.005824639528067194,-0.004930345560155369,0.015248321070491025,-0.019256794467895133,0.0057020723425711545,0.054564316481507065,0.05612007941746881,0.01544098741733111,0.01905159237406527,0.03686328494957368,0.021143059759902265,0.07361590885557234
3205,2020,0,3248,0.08961411727308655,0.05244795986680536,0.09555125989875211,0.08707078568329951,0.08970616235234075,0.028151014023746118,0.045374863623950615,0.03235137602541165,0.0372018846849608,0.0305563288534976,0.040592793543521424,0.019457243485804715,-0.06132492777420049,-0.05156294883999194,-0.020026001152524998,-0.07318646600929861,-0.037385348048934994,-0.10409668386442428,-0.043103300031946755,-0.004850508659549148,-0.03153694768746694,0.03716615740628119,0.013023487598538962,-0.009761978934208548,0.06155514832859463,0.02113555005771671,0.06671133581548928,-0.002635376669041234,-0.010036464690023825,-0.035801117960363615,0.008480474215452602,0.006645555831463201,0.053160464856773615,-0.005937142625665567,0.008172978938989814,-0.04129892662167549,0.067400245875006,0.017744641199156086,0.08407068271189928,0.06146310324934043,0.0259176201381459,0.04277175609022379
3210,2020,1,3250,0.2844564625211399,0.26981815297916967,0.27277938985986033,0.27592720577553886,0.2573750230755607,0.2695610314176328,0.13258344630760033,0.1407631738132869,0.13497712056953998,0.13525621449991237,0.13741723744785234,0.13813845378825834,0.07648934124611007,0.04625015433674987,0.0696642422454028,0.06727267095771618,0.05377537634797082,0.06326835392461157,-0.0029612368806906653,0.005786053243746925,-0.023414087908652924,0.014638309541970207,-0.008179727505686574,0.030239186909360193,-0.012186008342072119,-0.0007212163404060057,-0.009492977576640749,0.01855218269997816,-0.002161022947939961,0.013497294609745358,-0.0031478159156785313,-0.00027909393037239827,0.0023915712876866196,0.011677072661279542,-0.002393674261939649,0.006825099000707269,0.003218358442227509,-0.003161333218718365,0.006395888320791229,0.01489543110350705,-0.005555007480658014,0.013220987321498498
3215,2020,2,3272,0.2864574491624422,0.289504373704572,0.2817089374560451,0.2839451111847321,0.27281921565698586,0.29532118283452286,0.13319847023636827,0.1408595740463156,0.1334296159079727,0.1318425482092888,0.1267809490004835,0.141384461145141,0.09703338384544649,0.11865321300064076,0.09258740854055483,0.0718876291228786,0.06291629912713716,0.11337364854673096,0.00779543624852691,0.007429958138342907,0.026065804460085926,-0.003046924542129792,-0.007661103809947334,-0.021619829155194267,-0.022501967177536997,-0.014603512144657493,-0.0504573494195938,0.011125895527746232,0.005061599208805306,0.008971329995741448,-0.0022361737286870076,0.001587067698683886,0.02069977941767623,0.004748511706397118,-0.0002311456716044269,0.004445975304891658,-0.013612245378477772,-0.007954845237168301,-0.020786240006176127,-0.008863733672080654,-0.008185990908772728,-0.016340264701284468
3220,2020,3,3251,0.25755664820227003,0.2812499317089291,0.23849041754265354,0.22912024327019886,0.19692001323977926,0.28393928722383555,0.11857200319287725,0.14638046445835454,0.11316430184649875,0.10064549105259804,0.09577966761139509,0.13328547146413117,0.0042705871950575675,0.05649896098087122,-0.022147601764302555,0.015514856996982192,-0.0013049104086072278,-0.009927479657929245,0.04275951416627555,0.03321616261185578,0.07864656274517377,-0.023693283506659057,-0.027808461265477286,-0.05222837378581365,-0.08701927398405629,-0.03750580385273608,0.008622569249322018,0.03220023003041961,0.004865823441202954,0.01681976740558942,0.009370174272454679,0.012518810793900714,-0.037662458761284746,0.01906623065961649,0.005407701346378496,0.02641818895936012,-0.045448869681182,-0.020121169617632412,-0.01222012210637331,-0.026382639021565513,-0.014713468271253916,0.014198066852986812
3225,2020,0,3266,0.02429476186247627,0.029462573237666857,-0.028662164222132268,-0.026056288641904693,-0.08897630490180908,0.028666875093070737,0.034017640143676905,0.045913893005524016,0.011238590166043866,0.012591402091745568,-0.010296166089144762,0.03462429352386462,-0.04096383150338469,-0.036063516844504456,-0.046281941939585784,-0.032378915470533946,-0.09112365713635423,-0.04901064517734535,0.058124737459799125,0.03467530283948015,0.010218425095081328,-0.005167811375190588,-0.01189625286184711,-0.004900314658880231,-0.11764317999487982,-0.04492045961300938,-0.04211301195900888,0.06292001625990438,0.022887568180890328,0.058744741665820284,-0.002605875580227575,-0.0013528119257017017,-0.013903026469051838,0.05295692608460854,0.02277904997763304,0.005318110436201097,-0.057329039315203,-0.023385703357820753,0.002728703237759568,-0.0043721132305944675,-0.0006066533801877133,0.008046813673960665
3230,2020,1,3264,0.12562465080583918,0.13330577994991685,0.07754533030972986,0.07236653990665616,0.028313770894676887,0.12131105759839185,0.07083594876883056,0.08509009466676778,0.04851073004112795,0.047109359340538504,0.022633177465298554,0.06981068652938377,-0.04923023447750758,-0.04974356925160935,-0.07361355707716198,-0.06410005402797214,-0.09533290800684444,-0.051432673645975695,0.05576044964018699,0.036579364625639835,0.02386998782555263,-0.007681129144077675,-0.01425414589793722,0.000513334774101773,-0.09299728670371496,-0.047177509064085216,-0.04390023436086874,0.04405276901197927,0.02447618187523995,0.031232853978872294,0.005178790403073702,0.0014013707005894466,-0.00951350304918984,0.048079320496109315,0.022325218727702614,0.0243833225996544,-0.04376572728866199,-0.02129995648825582,-0.022180883431186287,0.004313593207447328,0.0010252622394467947,0.002202439168468115
3235,2020,2,3286,0.20835869344694663,0.22882598125139364,0.1698564641616859,0.16939635124651806,0.13460458718244503,0.19165606079567768,0.10847745622222868,0.11238393809617264,0.07766680127377451,0.07728602793798839,0.06870168735906368,0.10207203356566891,0.02865851586998291,0.02759291533073572,-0.01399444285466485,-0.010503223721526194,-0.0331431846102994,0.037819902043201396,0.05896951708970774,0.03471713682239813,0.04158735818540057,-0.02046728780444701,-0.003906481873943962,0.001065600539247192,-0.05705147361323265,-0.03337034620660523,-0.07096308665350079,0.03479176406407303,0.00858434057892471,0.02263996088877321,0.0004601129151678429,0.00038077333578612205,-0.0034912191331386566,0.03850222928526073,0.03081065494845417,0.04265295872464776,-0.02179959663399178,-0.024405232291894396,-0.051814344897866245,0.01670263265126895,0.006405422656559773,-0.009161386173218485
3240,2020,3,3259,0.23761962207333506,0.22507936284198896,0.2261530107174718,0.22012432728529338,0.21015652508208582,0.2317007156255341,0.09430532402634316,0.08908809374509682,0.09678968376811378,0.09275640481668794,0.0888442549462063,0.09114666254302183,0.03667462761764682,0.023127544192621665,0.05484101056216862,0.0457284332991162,0.03275816231431008,0.03761490265468713,-0.001073647875482836,-0.007701590023016958,-0.03171346636954696,0.012540259231346107,0.005217230281246335,0.013547083425025152,-0.021544190543448277,-0.00230240759681552,-0.004856740340377051,0.00996780220320756,0.003912149870481635,0.012970270984806125,0.006028683432178411,0.004033278951425842,0.009112577263052417,0.011466611355863271,-0.0024843597417706226,-0.018166382944521803,-0.005547704908062306,0.005643021225091957,0.01722610790748149,0.0059189064478009645,0.0031586614833213345,-0.0009402750370403126
3245,2020,0,3278,0.24926337285750025,0.24252023234707973,0.23828127415777425,0.2371548583433514,0.2226675697079523,0.24682256144040263,0.11383654027005988,0.10744589208806822,0.10124933506304823,0.0988808177893594,0.10164826031212143,0.11358931679965711,0.0076273716589097705,0.0033004891506368443,0.000259683365651421,0.0027257748171969774,0.005207863782871219,0.02230507280432031,0.004238958189305475,0.006196557025019991,0.003040805784985423,0.00674314051042052,0.006390648181991657,0.004326882508272926,-0.024154991732450337,-0.011941056487535684,-0.01709720902144909,0.01448728863539911,-0.002767442522762037,-0.002482088965674242,0.0011264158144228542,0.002368517273688836,-0.0024660914515455563,0.010982098699725995,0.012587205207011648,0.00736768829325835,-0.008541287282628374,-0.012339981736608885,-0.022045389438668888,0.0024408114170976214,0.00024722347040276316,-0.014677701145410539
3250,2020,1,3277,0.23115356736327333,0.2245303432020316,0.22100408335905355,0.22438230956025285,0.22521452786860444,0.22592463340350918,0.09421067164241784,0.08958778737254572,0.09638466452805906,0.0966773697433905,0.09621380661192011,0.0986081095601415,0.01722963047865025,-0.01968190264236935,-0.01722744612613825,0.005910329123640974,-0.008964356323401214,0.009383481685375093,0.0035262598429780523,-0.006796877155513345,-0.0024544565162311002,0.006623224161241725,0.004622884269872118,0.0369115331210196,-0.000710105534904748,-0.0023943029482213912,-0.018347838008776304,-0.0008322183083515899,0.0004635631314703903,0.014874685447042187,-0.0033782262011992914,-0.00029270521533143745,-0.023137775249779224,0.010149484004219778,-0.0021739928856412266,0.0344570766047885,-0.004920550044455629,-0.0022234450320824384,-0.026610927811513342,0.005228933959764148,-0.004397437917723665,0.007846148793275158
3255,2020,2,3292,0.22416966732807903,0.2271882017033257,0.21131561399192883,0.21092422536691444,0.2164916275205982,0.21866878546134927,0.09601557259904334,0.09158723509867285,0.08364453250124745,0.08557320230753349,0.0884016165909666,0.08960168544941874,0.013429448628523853,0.07438530262159695,0.013522115255742179,0.03138077476282806,0.02286375680227966,0.029109410475044357,0.01587258771139688,0.007942702597425397,0.060863187365854776,-0.0030185343752466842,0.004428337500370486,-0.0609558539930731,-0.0021771579407510733,-0.0012000688584521413,-0.006245653672764698,-0.005567402153683759,-0.0028284142834331116,0.0085170179605484,0.00039138862501439386,-0.001928669806286032,-0.01785865950708588,0.012854053336150195,0.012371040097795882,-9.266662721832582e-05,-0.007353171469420439,-0.005957152948171285,-0.015587295219302178,0.0055008818667297565,0.0064138871496245975,-0.015679961846520506
3260,2020,3,3266,0.2513073044056291,0.2542351546618186,0.25691821232491596,0.24434215089474723,0.2411325934350125,0.26535187210465444,0.09640365720933133,0.09420700221679756,0.10570550164431183,0.10788923756631363,0.10980736950389716,0.10353447946469319,0.024823266101612937,0.036945704202633274,0.08143941886249612,0.05173910977776775,0.07223527465900398,0.07392832832674799,-0.0026830576630973435,-0.01149849942751427,-0.04449371465986284,-0.0029278502561895237,0.0021966549925337697,-0.012122438101020337,-0.024219278669641936,0.006272890039203977,-0.0016930536677440128,0.0032095574597347243,-0.0019181319375835282,-0.020496164881236227,0.012576061430168733,-0.0021837359220018004,0.029700309084728364,-0.005610907919286867,-0.0093018444349805,-0.05661615276088318,-0.008433659779738478,0.002171022179618648,0.0075110905357481245,-0.014044567699025345,-0.007130822255361852,-0.049105062225135054
3265,2020,0,3285,0.1528327456490234,0.14220051096535166,0.14316034469627045,0.12772379569915052,0.12113159722073769,0.15209829436344524,0.06427344731367535,0.05092076807944445,0.059754786149225275,0.04293247979033522,0.047538818133655625,0.04835668616898346,0.08910154248810495,0.10356091174209302,0.08800877474160676,0.0925525592972754,0.09485397301836992,0.09623675815362916,-0.000959833730918791,-0.008834018069780826,0.015552137000486257,0.010632234683671749,0.013352679234230898,-0.014459369253988066,-0.030966697142707555,-0.0008178680353278373,-0.0013827851352592319,0.006592198478412831,-0.004606338343320401,-0.0023014137210945196,0.015436548997119937,0.016822306358890052,-0.004543784555668645,0.009672400952752958,0.004518661164450072,0.001092767746498191,-0.008937949667174788,0.011398099980241813,-0.008227983412022397,0.0007344512855781693,0.015916761144691885,-0.0071352156655242055
3270,2020,1,3279,0.134963259030877,0.10326906979755866,0.1137416885440785,0.10097720778490199,0.09530817692454932,0.11353107429780493,0.08079114083344166,0.047415151498964005,0.08068540626645532,0.05445313453781119,0.06670606078630575,0.06375660254731803,0.015699650970657127,0.016537179272680936,0.027526323096264856,0.036011751743713474,0.012233855453689354,-0.03673930366579745,-0.010472618746519835,-0.03327025476749131,-0.01098914382358392,0.031694189233318334,0.033375989334477656,-0.0008375283020238093,-0.01822289737325561,0.0029494582389877205,0.048973159119486805,0.0056690308603526696,-0.012252926248494563,0.023777896290024123,0.012764480759176508,0.026232271728644126,-0.008485428647448619,0.0212215704867985,0.00010573456698634298,-0.011826672125607729,0.00021061424627356884,0.016928803719137284,0.06426562676206231,0.02143218473307207,0.017034538286123627,0.05243895463645458
3275,2020,2,3296,0.139090579109062,0.14445019752979557,0.10213440104528591,0.09052291643176001,0.08715017364281043,0.07144010107508197,0.08084388524555745,0.08183054953985522,0.0680484125450095,0.05114309198688716,0.05351313441286945,0.041411102636530424,0.07689288812389954,0.06325017395129784,0.0726473706899681,0.045605183777818914,0.060652105150232546,-0.015694363340626325,0.04231579648450966,0.01378213699484572,-0.00939719673867026,-0.0053596184207335695,-0.000986664294297765,0.013642714172601697,0.015710072567728453,0.012102031776339027,0.07634646849085887,0.0033727427889495842,-0.002370042425982294,-0.015046921372413632,0.011611484613525902,0.01690532055812234,0.027042186912149185,0.03695617806377609,0.012795472700547955,0.004245517433931437,0.03069429997020394,0.026637309908479075,0.08834173403059442,0.06765047803398003,0.03943278260902703,0.09258725146452586
3280,2020,3,3271,0.2304318742743178,0.25768254559783366,0.1974371347750447,0.1949581461369893,0.19851465640227006,0.18135538581561086,0.14274630359009433,0.13557239141797972,0.11270529887067945,0.10236625436163688,0.10852148938021233,0.12027102546903107,0.0861959479849386,0.09911315190676329,0.08275224066099501,0.09204805304987707,0.11327705865485943,0.07308915907277144,0.06024541082278895,0.022867092547300266,0.016360911245768273,-0.027250671323515857,0.007173912172114605,-0.012917203921824688,0.017159270586659198,-0.011749536088818735,0.04018789958208799,-0.0035565102652807545,-0.006155235018575456,-0.021229005604982365,0.0024789886380554016,0.010339044509042578,-0.009295812388882052,0.03299473949927309,0.03004100471941487,0.0034437073239435845,0.016081748959433845,-0.007565726598351613,0.009663081588223571,0.049076488458706935,0.022475278121063258,0.013106788912167155
3285,2020,0,3291,0.22028367909998672,0.20662574792148392,0.21688444762150239,0.21094460630785658,0.20435160705391525,0.20398579008154968,0.11691592622383451,0.0971150416127154,0.11341045196571509,0.09931551269574039,0.10856092028234204,0.1100368520947694,0.0454496757129393,0.009326294126814799,0.03311309410900493,0.04110798072090367,0.05673158857991914,0.017224789721475238,-0.01025869970001847,-0.01629541035299968,-0.023786799982190132,0.013657931178502808,0.019800884611119104,0.0361233815861245,0.000365816972365568,-0.0014759318124273613,0.0395067988584439,0.0065929992539413285,-0.009245407586601653,-0.015623607859015468,0.005939841313645805,0.014094939269974696,-0.00799488661189874,0.003399231478484338,0.003505474258119423,0.012336581603934367,0.012898657539952701,0.0033735998709456816,0.015888304387529695,0.01629788901843704,0.006879074129065105,0.028224885991464062
3290,2020,1,3284,0.24610058109072305,0.19982253815267845,0.22737681071823718,0.22639562158926657,0.21407509606573316,0.20341383745965563,0.11178250965079914,0.09456638540570299,0.09097747044717568,0.09488632703485608,0.10020369599351397,0.0858629089970702,0.013610778933211836,0.01816294151154128,0.02287368877625495,0.029413221852053875,0.015707467075258167,0.03782075166808533,-0.02755427256555873,0.0035889149585273117,-0.004710747264713669,0.046278042938044606,0.01721612424509615,-0.004552162578329444,0.010661258606077528,0.014340786996443769,-0.022113284592827163,0.01232052552353341,-0.005317368958657892,0.013705754776795708,0.0009811891289706054,-0.0039088565876804066,-0.006539533075798926,0.018723770372485876,0.020805039203623463,-0.009262909843043112,0.023962973258581544,0.00511456145010547,-0.014947062891830381,0.04268674363106742,0.025919600653728933,-0.02420997273487349
3295,2020,2,3304,0.10909582154359156,0.09009807196867536,0.09795303711445599,0.1003754934772703,0.09029220815591639,0.06310075453448341,0.0702078622940462,0.05073057317706778,0.0584470805165245,0.05715727230646845,0.06131666290510276,0.030227654771641195,0.028499792236574027,-0.03147782177379972,0.013151645380742882,0.02344885993101948,1.4750193543765873e-05,-0.06623875284593549,-0.007854965145780629,-0.007716507339456724,-0.04462946715454261,0.018997749574916192,0.019477289116978422,0.05997761401037375,0.02719145362143298,0.031089008133461563,0.06625350303947926,0.010083285321353913,-0.004159390598634308,0.023434109737475714,-0.0024224563628143098,0.0012898082100560523,-0.010297214550276598,0.011142784429135563,0.011760781777521698,0.015348146855831146,0.03485228257997258,0.028219425744883307,0.07939039822667837,0.045995067009108145,0.039980207522405005,0.0947385450825095
3300,2020,3,3284,0.3064105273917802,0.27757437638955806,0.26535491035967557,0.2626255613122286,0.252653247602422,0.2366035191828471,0.1489538698426658,0.14039058107336155,0.13009665566446862,0.127070638348303,0.12163375589390366,0.10678163695269088,0.02231709447494592,0.027368711799298184,0.021141429116243577,0.0348473664322639,0.028784470317179418,0.004211517542515651,0.012219466029882498,0.010293925408892929,0.006227282683054607,0.028836151002222143,0.008563288769304234,-0.005051617324352265,0.016049728419574916,0.014852118941212772,0.024572952774663766,0.009972313709806557,0.0054368824543993555,0.006062896115084485,0.002729349047446983,0.0030260173161656134,-0.013705937316020326,0.04105561703210464,0.018857214178197163,0.0011756653587023415,0.028751391176828456,0.02331501871177774,0.016929911573727925,0.0698070082089331,0.0421722328899749,0.018105576932430267
3305,2020,0,3300,0.4426308729354671,0.43732329380468804,0.43844599990872707,0.436383311464164,0.4344713003448411,0.4278321146138425,0.22572900253664668,0.2230110432862244,0.2182997365598126,0.220909239812075,0.21806198006921806,0.21213739331292208,0.07281580218350345,0.053666425646163064,0.041905099699154034,0.07770496974305002,0.05468739890729838,0.06801799889114205,-0.0011227061040390285,0.00471130672641179,0.01176132594700903,0.005307579130779061,0.002717959250422286,0.019149376537340383,0.006639185730998587,0.00592458675629598,-0.013330599983843665,0.0019120111193228762,0.0028472597428569335,0.023017570835751643,0.0020626884445630878,-0.0026095032522623907,-0.03579987004389599,0.0041848730267400325,0.007429265976834076,0.030910702484349413,0.01061388529488455,0.006162343246890523,-0.02611289919198801,0.014798758321624583,0.013591609223724599,0.004797803292361402
3310,2020,1,3290,0.3657007363029267,0.3527474051159205,0.3401703221183842,0.3451170636499704,0.3379128428838111,0.30952930834257825,0.25330110415340384,0.23294566164418098,0.23490482668030022,0.22733131291608022,0.2243812351613546,0.20643901469937517,0.10267668339771592,0.07171003429023612,0.06721704591491012,0.1170497893212059,0.0626305285387058,0.08680919379421262,0.012577082997536293,-0.0019591650361192314,0.004492988375325996,0.0129533311870062,0.02035544250922286,0.0309666491074798,0.02838353454123288,0.017942220461979436,-0.024178665255506826,0.007204220766159286,0.0029500777547256107,0.0544192607825001,-0.004946741531586196,0.007573513764219997,-0.049832743406295774,0.025530414184542494,0.018396277473103628,0.0354596374828058,0.03064101377580597,0.028465811980925043,-0.019592147879302496,0.05617142796034846,0.04686208945402867,0.0158674896035033
3315,2020,2,3309,0.25549621384670396,0.23121631903339804,0.2278919173619632,0.22738899930322368,0.22193123313248592,0.2276690578095271,0.12327153874571332,0.11030521192312306,0.09947215427658221,0.09871722435846371,0.09167782791480544,0.1086098313017415,0.11551020732699521,0.051714865030633286,0.06986720076691298,0.04751459992419867,0.057307718052877814,0.0636805981918294,0.003324401671434829,0.010833057646540856,-0.018152335736279696,0.02427989481330592,0.01296632682259026,0.06379534229636193,-0.005737824677041176,-0.016932003386936054,-0.006372880138951591,0.00545776617073776,0.007039396443658266,-0.009793118128679147,0.0005029180587395321,0.0007549299181184993,0.022352600842714315,0.027604296484740748,0.023799384469131116,0.04564300656008223,0.00022285955243611655,-0.009137677025159288,0.006186602575083577,0.027827156037176864,0.014661707443971828,0.05182960913516581
3320,2020,3,3295,0.18639580470740824,0.1770009101775144,0.15419344797530574,0.15886005621215782,0.1352261826343977,0.15919752878291055,0.08287663402451247,0.0827066227802982,0.06697082414377076,0.06847320859935976,0.06921017333239035,0.07824858731600295,0.09121125922923337,0.08926957236056576,0.07642513186434956,0.016512576510012648,0.022051438801736135,0.07190323321844191,0.022807462202208667,0.015735798636527437,0.012844440496216206,0.009394894529893838,0.0001700112442142715,0.001941686868667608,-0.023971346148512845,-0.009038413983612603,-0.04985179441670578,0.023633873577760117,-0.0007369647330305873,-0.005538862291723488,-0.004666608236852082,-0.0015023844555890065,0.05991255535433691,0.032202356732102505,0.01590580988074171,0.014786127364883814,-0.0050040808076048104,-0.011277763172232197,0.004521898645907643,0.027198275924497695,0.004628046708509512,0.019308026010791457
3325,2020,0,3308,0.04204458140713297,0.011114804879037184,0.010326600297745916,0.00984349785857827,-0.008764815930870069,0.04007820711429766,-0.010864193153622291,-0.020478321921572472,-0.025590685192340364,-0.024079846701528313,-0.02537123887939908,-0.0008617294456626317,-0.01967158897868952,-0.05744358415804466,-0.02168774848272066,-0.003900654642802086,-0.02126664879200022,-0.03628856288047791,0.0007882045812912675,0.0051123632707678925,-0.035755835675324005,0.03092977652809579,0.00961412876795018,0.037771995179355145,-0.04884302304516773,-0.02450950943373645,0.015021914088477688,0.01860831378944834,0.0012913921778707656,0.017365994149198136,0.00048310243916764584,-0.0015108384908120512,-0.017787093839918573,0.031717981109387054,0.014726492038718073,0.0020161595040311397,-0.029751606816551743,-0.024728955746677734,0.014600814397757251,0.0019663742928353115,-0.01000246370795966,0.01661697390178839
3330,2020,1,3299,0.1327638365009175,0.06089462764085391,0.11862746206540409,0.11464515560571666,0.11593139547008009,0.1519004066066803,0.02853928961981998,0.013332263157153813,0.02527823793527735,0.03114659861337902,0.028400774963064215,0.0471098445998388,0.03235566604092715,-0.012731590051495803,0.013715966504396227,-0.007469103833952319,0.011655657269544876,0.03401900002952042,-0.057732834424550176,-0.011945974778123538,-0.02644755655589203,0.0718692088600636,0.015207026462666166,0.04508725609242295,-0.03596901113660021,-0.018709069636774586,-0.022363342759975546,-0.0012862398643634365,0.0027458236503148034,-0.019124761103497194,0.003982306459687432,-0.005868360678101668,0.021185070338348547,0.01413637443551341,0.0032610516845426284,0.01863969953653092,-0.03327294454127622,-0.02183160666456145,-0.020303033525124192,-0.019136570105762807,-0.018570554980018823,-0.0016633339885932727
3335,2020,2,3320,0.14885989838101737,0.10302156293644937,0.12718511177969724,0.126127953425642,0.11708673741073948,0.13018851765822637,0.060108302672737604,0.04589011617987038,0.05196879970696818,0.0524784067968441,0.054001507473091244,0.05156195126452865,0.0687524085302231,0.06037112425357871,0.05547251547497534,0.060911014130930335,0.06180407650734756,0.03555097024077697,-0.024163548843247867,-0.006078683527097804,0.004898608778603375,0.045838335444568,0.014218186492867227,0.00838128427664439,-0.013101780247486886,0.0024395562085625933,0.02625310626657059,0.009041216014902528,-0.001523100676247141,-0.0008930623764172238,0.001057158354055232,-0.0005096070898759214,-0.005438498655954999,0.021674786601320134,0.008139502965769423,0.013279893055247766,-0.003003405878529125,0.0004068484424395308,0.019921545234198368,0.01867138072279101,0.008546351408208953,0.033201438289446134
3340,2020,3,3311,0.15244941912071885,0.12672760936291494,0.13655547760376946,0.14029922437299927,0.13940847866584283,0.13547103782574513,0.08775376947992342,0.0665422923507885,0.06650001904338083,0.0769918667560681,0.07611799758644086,0.07441216484994172,0.0635703016119433,0.06482137877497648,0.05745117333410754,0.05719874427967841,0.05610372571278189,0.0408512334774293,-0.00982786824085452,4.227330740766422e-05,0.007370205440868943,0.025721809757803915,0.021211477129134917,-0.0012510771630331874,0.0039374408400977,0.0017058327364991438,0.015252492235352591,0.0008907457071564429,0.0008738691696272421,0.001095018566896519,-0.003743746769229811,-0.010491847712687269,0.00025242905442913327,0.015893941516949395,0.02125375043654258,0.006119128277835756,0.001084439778024332,-0.007912145806560883,0.016599939856678243,0.016978381294973727,0.013341604629981699,0.022719068134514
3345,2020,0,3319,0.30926990059009357,0.29902259220725413,0.3070149913494916,0.30349080504363984,0.31764523590596805,0.30310801207018945,0.18249980120839981,0.17724373511697647,0.18224913516977176,0.18660918430345563,0.18917866545393666,0.1801693785811614,0.09793060564073514,0.08283588416822345,0.11623101395192335,0.10239864708182803,0.1168577974905331,0.08198160360825649,-0.007992399142237483,-0.005005400052795289,-0.033395129783699906,0.010247308382839437,0.005256066091423345,0.015094721472511688,0.014537223835778601,0.009009286872775274,0.03487619388227661,-0.014154430862328204,-0.002569481150481029,-0.014459150408705074,0.003524186305851773,-0.004360049133683874,0.013832366870095328,0.0022549092406019544,0.0002506660386280557,-0.018300408311188218,0.00390697927930217,0.002079756588610371,0.03424941034366687,0.006161888519904124,0.0023304226272384265,0.01594900203247865
3350,2020,1,3340,0.17516200593115555,0.16311168977543405,0.1721861075515097,0.1680527600843492,0.1577585602244693,0.16195067090103707,0.06920021799994071,0.07365995571025108,0.06818876721137963,0.06790957817656,0.07296268503439736,0.07340109277615767,0.01907522297124505,0.017555809300487266,0.01737450395409765,0.013246340149487083,0.022394308478976315,0.01575414355814894,-0.00907441777607565,0.005471188498871446,0.00018130534638961457,0.012050316155721497,-0.004459737710310371,0.0015194136707577834,-0.004192110676567773,-0.0004384077417603077,0.006640164920827377,0.010294199859879893,-0.005053106857837358,-0.009147968329489232,0.004133347467160514,0.0002791890348196324,0.004128163804610568,0.002975898379645847,0.0010114507885610746,0.001700719017147398,0.010235436650472635,-0.005212325564778034,0.0016203603959487126,0.013211335030118482,-0.004200874776216959,0.0033210794130961105
3355,2020,2,3357,0.20831086850454678,0.19838666242598565,0.19899137464955358,0.190551438399008,0.18354941382401804,0.2024946969977919,0.06905497517865698,0.06418740783159754,0.0648436144557838,0.06747053057773503,0.06413938199206205,0.06540323868453626,0.03913907865700395,0.048758836562606406,0.040698514652299594,0.024713099086828737,0.028383392241644573,0.031817094646565826,-0.0006047122235679214,-0.0006562066241862508,0.008060321910306811,0.00992420607856112,0.00486756734705944,-0.009619757905602454,-0.018945283173773864,-0.0012638566924742106,-0.003433702404921253,0.007002024574989968,0.0033311485856729744,-0.0036702931548158353,0.008439936250545566,-0.002626916121951234,0.015985415565470857,0.0093194938549932,0.004211360722873189,-0.0015594359952956424,-0.0035033223482383302,-0.00055962422875247,0.008881420005733769,0.005816171506754869,0.003651736494120719,0.007321984010438126
3360,2020,3,3351,0.27486807272852265,0.2798824198425735,0.2675256221718812,0.2653844840703549,0.24310847109013198,0.2662902591756159,0.1061943792090786,0.1143304208775725,0.10532989983730115,0.09855893748080873,0.09456653431042292,0.10216939471472652,0.07394823783422293,0.052048586909228624,0.01605909005327088,0.027014572751316548,0.03700984196306299,0.025205362183387387,0.01235679767069231,0.009000521040271353,0.035989496855957745,-0.005014347114050854,-0.00813604166849391,0.021899650924994303,-0.023181788085483906,-0.007602860404303607,0.011804479779675605,0.022276012980222942,0.003992403170385808,-0.009995269211746444,0.0021411381015262743,0.006770962356492424,-0.010955482698045669,0.0073424505566414555,0.0008644793717774435,0.05788914778095205,0.00123536299626531,0.003160505122574625,-0.009146272130116508,0.008577813552906766,0.0040249844943520685,0.04874287565083554
3365,2020,0,3360,0.23905280458335398,0.23291550673605615,0.2356791019881828,0.23352363136689455,0.2078769674256303,0.2562746375694221,0.07248128176962339,0.06760940658109792,0.0655197031537682,0.06653650206473165,0.06320487316709962,0.08188770362418532,-0.03979100834982915,-0.055171793653640375,-0.07856425663240077,-0.03970614990003231,-0.09126847055834851,-0.035188444782369564,-0.0027635952521266327,0.0020897034273297116,0.023392462978760395,0.006137297847297829,0.004871875188525471,0.015380785303811227,-0.04839767014379179,-0.0186828304570857,-0.056080025775978946,0.025646663941264247,0.0033316288976320274,0.0515623206583162,0.0021554706212882357,-0.0010167989109634429,-0.03885810673236846,0.0033737025951711963,0.006961578615855182,0.03877324828257162,-0.020595535581239305,-0.016368000470417116,-0.043375811850031205,-0.01722183298606811,-0.009406421854561933,-0.004602563567459583
3370,2020,1,3353,0.09015849167553491,0.08358999926914741,0.06459234809333338,0.06178176869346689,0.024063786400170498,0.07473280439365997,0.024042837270128837,0.0236222890577271,0.013528196171506324,0.010732111091346634,0.0051519545959933175,0.023981778544293775,0.03201647187795119,0.012720613194964215,0.01724418117449868,0.01992684315170721,-0.0008319040005784397,0.01488695301017042,0.018997651175814034,0.010094092886220775,-0.004523567979534465,0.006568492406387502,0.0004205482124017383,0.01929585868298697,-0.05066901799348947,-0.018829823948300458,-0.01571885701074886,0.03771798229329639,0.005580156495353317,0.02075874715228565,0.0028105793998664877,0.00279608508015969,-0.0026826619772085288,0.025566143582201536,0.010514641098622513,0.014772290703452508,-0.010140456300326589,-0.010453582372787451,0.0023572281643282605,0.015425687281874947,6.105872583506144e-05,0.017129518867780767
3375,2020,2,3374,0.05467453545173433,0.09215251262352564,0.03751118267053543,0.029708408434341804,0.008179608191434146,0.029239254296515218,0.04467275389521977,0.04896069705171596,0.03311140727203751,0.02813761047364312,0.021009390279360513,0.026687243863790316,0.006338690390560857,0.00507217986980958,-0.018536787403996953,-0.017722880391653546,-0.04565170149778442,-0.02594140086782591,0.05464132995299021,0.01584928977967845,0.023608967273806535,-0.03747797717179131,-0.004287943156496193,0.0012665105207512774,-0.02105964610508107,-0.005677853584429803,-0.01971030062995851,0.02152880024290766,0.0071282201942826084,0.027928821106130874,0.007802774236193626,0.004973796798394391,-0.0008139070123434067,0.017163352781198897,0.011561346623182256,0.02487547779455781,0.008271928374020212,0.0064241634082471966,0.007404613463828959,0.02543528115521911,0.017985510031429452,0.03228009125838677
3380,2020,3,3360,0.0658214616075254,0.11331843375418006,0.04604287708108973,0.036353987932395825,0.03357966324534762,0.05540812894619705,0.06947496927990046,0.08749750676687049,0.041107084833010094,0.06285569140576236,0.04870362304632181,0.062148839919386564,-0.012768912287612823,0.050043179138069285,0.009879053652413122,0.07239115644538396,0.004840835087438358,-0.013594118850489525,0.06727555667309033,0.04639042193386039,0.04016412548565616,-0.04749697214665466,-0.018022537486970025,-0.06281209142568212,-0.021828465700849432,-0.013445216873064755,0.01843495393792788,0.0027743246870482047,0.01415206835944055,0.0675503213579456,0.009688889148693904,-0.021748606572752266,-0.06251210279297084,0.019778584526435675,0.028367884446890368,-0.022647965940025945,-0.009365251865107324,-0.02104175508637647,0.023473172502902647,0.01041333266132835,0.007326129360513897,0.000825206562876702
3385,2020,0,3371,-0.06632857897702345,-0.041776510099826615,-0.0695027742474981,-0.08173137626588753,-0.09166191834361141,-0.07600753397988379,-0.02213946857575316,-0.011912335882112605,-0.01692691088781225,-0.018479199395190306,-0.026714191186858083,-0.03321447905266342,-0.046098635461325616,-0.03358811389110502,-0.044413241983846,0.0027236733671077437,-0.02416097409168399,-0.05853931530455268,0.02772626414767148,0.005014575005699646,0.010825128092740978,-0.024552068877196832,-0.010227132693640555,-0.012510521570220597,-0.015654384363727625,0.006500287865805338,0.034378341212868695,0.009930542077723883,0.008234991791667777,0.02688464745879173,0.012228602018389434,0.0015522885073780551,-0.04713691535095374,0.0031741952704746473,-0.005212557687940909,-0.0016853934774796187,0.006504759732385693,0.01628756816485117,0.014126073320706686,0.00967895500286034,0.011075010476910261,0.012440679843227068
