day_position,year,phase,n,rankic_F,rankic_STATE_VALUE_PLUS_E,rankic_E,rankic_BETA_RELIABILITY,rankic_BETA_ONLY,rankic_H,decile_F,decile_STATE_VALUE_PLUS_E,decile_E,decile_BETA_RELIABILITY,decile_BETA_ONLY,decile_H,top30_F,top30_STATE_VALUE_PLUS_E,top30_E,top30_BETA_RELIABILITY,top30_BETA_ONLY,top30_H,STATE_VALUE_PLUS_E_minus_E,decile_STATE_VALUE_PLUS_E_minus_E,top30_STATE_VALUE_PLUS_E_minus_E,F_minus_STATE_VALUE_PLUS_E,decile_F_minus_STATE_VALUE_PLUS_E,top30_F_minus_STATE_VALUE_PLUS_E,BETA_ONLY_minus_H,decile_BETA_ONLY_minus_H,top30_BETA_ONLY_minus_H,BETA_RELIABILITY_minus_BETA_ONLY,decile_BETA_RELIABILITY_minus_BETA_ONLY,top30_BETA_RELIABILITY_minus_BETA_ONLY,E_minus_BETA_RELIABILITY,decile_E_minus_BETA_RELIABILITY,top30_E_minus_BETA_RELIABILITY,F_minus_E,decile_F_minus_E,top30_F_minus_E,E_minus_H,decile_E_minus_H,top30_E_minus_H,F_minus_H,decile_F_minus_H,top30_F_minus_H
2680,2018,3,1850,0.1419219442378232,0.13991821690456266,0.14179524156423942,0.13694756197827382,0.132355487707761,0.11802647193239858,0.049874780369557545,0.06206498401132538,0.03986944634675023,0.050922311395658434,0.057343070588005404,0.04616125214536599,-0.004016917918327366,0.008210801940892722,0.014577792558136295,0.007694053894778302,0.0007915294985444202,0.006639393010037228,-0.0018770246596767626,0.022195537664575153,-0.006366990617243573,0.002003727333260541,-0.012190203641767837,-0.012227719859220087,0.014329015775362428,0.011181818442639414,-0.005847863511492808,0.004592074270512808,-0.00642075919234697,0.006902524396233882,0.004847679585965603,-0.011052865048908206,0.006883738663357993,0.0001267026735837784,0.010005334022807316,-0.01859471047646366,0.02376876963184084,-0.006291805798615761,0.007938399548099067,0.023895472305424617,0.003713528224191555,-0.010656310928364594
2685,2018,0,1853,0.2225019702804645,0.1626724440322722,0.2504625069255903,0.2545692702003168,0.28287197655503826,0.1852775607507294,0.10731252887368051,0.0929165608561881,0.12217702464313825,0.1122321423287881,0.1416809176818493,0.10810696192595454,0.06403082478017624,0.05289951835295574,0.020541123603493135,0.006220014447679283,0.032869729578207094,0.044461994113733534,-0.08779006289331809,-0.029260463786950144,0.0323583947494626,0.059829526248192294,0.014395968017492405,0.011131306427220503,0.09759441580430886,0.03357395575589475,-0.01159226453552644,-0.028302706354721485,-0.029448775353061188,-0.02664971513052781,-0.004106763274726477,0.009944882314350145,0.014321109155813853,-0.027960536645125794,-0.014864495769457739,0.043489701176683104,0.0651849461748609,0.01407006271718371,-0.0239208705102404,0.0372244095297351,-0.0007944330522740295,0.01956883066644271
2690,2018,1,1890,0.18033544149366915,0.15254755003432457,0.2008151018337583,0.19819907769685854,0.21323267014591124,0.15300802220864107,0.07822439830060975,0.06842751527022171,0.08048700236560771,0.08042840123507342,0.08610448846113247,0.06518604959128617,0.046149653042120146,0.03906740923512718,0.029250403711957147,0.0326347236376379,0.05260709303842227,0.05849891631033262,-0.04826755179943373,-0.012059487095385998,0.009817005523170032,0.02778789145934457,0.009796883030388032,0.0070822438069929675,0.06022464793727017,0.020918438869846304,-0.005891823271910346,-0.015033592449052696,-0.005676087226059057,-0.019972369400784375,0.002616024136899764,5.860113053429705e-05,-0.003384319925680751,-0.020479660340089162,-0.0022626040649979667,0.016899249330163,0.04780707962511724,0.015300952774321544,-0.02924851259837547,0.027327419285028076,0.013038348709323577,-0.012349263268212472
2695,2018,2,1896,0.24761632875580727,0.09341067940422516,0.24422192438240015,0.24437316164365327,0.25502770208283054,0.22440144411101173,0.07895291486657077,0.018246634322663314,0.07728616915173242,0.07070385441972465,0.08359056798492992,0.07589262799746677,0.059030851997140955,0.009716593574904064,0.05080204427926879,0.05005755445052327,0.05471513540237289,0.06777160462210964,-0.150811244978175,-0.05903953482906911,-0.04108545070436473,0.1542056493515821,0.06070628054390746,0.04931425842223689,0.03062625797181881,0.007697939987463154,-0.01305646921973675,-0.010654540439177268,-0.012886713565205266,-0.004657580951849621,-0.00015123726125312875,0.006582314732007766,0.0007444898287455246,0.0033944043734071283,0.0016667457148383524,0.008228807717872162,0.019820480271388413,0.001393541154265654,-0.016969560342840848,0.02321488464479554,0.0030602868691040064,-0.008740752624968685
2700,2018,3,1890,0.28785202595719517,0.2947080164302154,0.2795623227677792,0.25675931847406935,0.27184195817683665,0.2936437564666993,0.0942194868767589,0.09789958924902653,0.08883884902232758,0.08899076477708093,0.08758683720240634,0.1019439455332335,0.04716622093426166,0.058445372476373894,0.05440900004202603,0.08732472584937491,0.045779795026227615,0.07305445366583246,0.015145693662436177,0.009060740226698949,0.004036372434347867,-0.006855990473020213,-0.003680102372267624,-0.011279151542112231,-0.021801798289862673,-0.01435710833082715,-0.02727465863960485,-0.015082639702767298,0.001403927574674585,0.041544930823147294,0.02280300429370985,-0.00015191575475334562,-0.03291572580734888,0.008289703189415965,0.005380637854431325,-0.007242779107764365,-0.01408143369892012,-0.013105096510905911,-0.018645453623806436,-0.005791730509504156,-0.0077244586564745865,-0.0258882327315708
2705,2018,0,1902,0.21727805524251703,0.21931910479329417,0.1998613853599821,0.18262845784016793,0.20826778888745207,0.2508632678850509,0.06261067039327156,0.06897011397002069,0.05826035124360045,0.05854273162120463,0.0646232622540801,0.06552865141573803,0.039583279329775414,0.01544376240495705,0.033311226604619264,0.034030190511409084,0.029266285599011812,0.038321330287296215,0.019457719433312065,0.010709762726420241,-0.017867464199662213,-0.0020410495507771353,-0.006359443576749127,0.024139516924818364,-0.04259547899759886,-0.0009053891616579296,-0.009055044688284403,-0.025639331047284136,-0.006080530632875475,0.004763904912397272,0.017232927519814173,-0.0002823803776041828,-0.0007189639067898199,0.01741666988253493,0.004350319149671114,0.006272052725156151,-0.05100188252506882,-0.007268300172137587,-0.0050101036826769516,-0.03358521264253389,-0.002917981022466473,0.001261949042479199
2710,2018,1,1931,0.23818074102148856,0.1406295907352231,0.18451236600067833,0.19233016926462887,0.21870118927413262,0.12514211410050033,0.09891702835339514,0.059370912381669826,0.05686701245128221,0.05492477258968945,0.07329335240972919,0.02323504294922643,0.08462972084277587,0.010386223556939191,0.04946634454481892,0.03607454481674326,0.04165106188490334,0.0008383221550220513,-0.043882775265455226,0.002503899930387618,-0.03908012098787973,0.09755115028626546,0.03954611597172531,0.07424349728583668,0.0935590751736323,0.050058309460502756,0.04081273972988129,-0.026371020009503754,-0.01836857982003974,-0.005576517068160078,-0.00781780326395054,0.0019422398615927608,0.013391799728075658,0.05366837502081023,0.04205001590211293,0.03516337629795695,0.059370251900178,0.03363196950205578,0.04862802238979687,0.11303862692098823,0.0756819854041687,0.08379139868775382
2715,2018,2,1952,0.2623942559254644,0.19528395330981993,0.16960531296784406,0.17458702070950574,0.2022769816898904,0.11730069508407988,0.10801141354067323,0.09306452428647437,0.06625944080670029,0.05774568688984101,0.0713343072845302,0.03421083173433987,0.12493604347560584,0.04033386625877922,0.04106082953963459,0.010986368812782369,0.023589278451639217,0.013199847071903748,0.025678640341975867,0.026805083479774075,-0.0007269632808553639,0.06711030261564446,0.014946889254198861,0.08460217721682661,0.08497628660581051,0.037123475550190334,0.01038943137973547,-0.027689960980384648,-0.013588620394689194,-0.012602909638856848,-0.004981707741661678,0.008513753916859282,0.030074460726852218,0.09278894295762033,0.041751972733972936,0.08387521393597125,0.052304617883764185,0.03204860907236042,0.02786098246773084,0.14509356084138453,0.07380058180633337,0.1117361964037021
2720,2018,3,1945,0.028074590382557652,-0.04704239105801481,-0.0661064093216528,-0.03173097568751825,-0.02800092973322,-0.16902896019710792,0.003824863914531438,-0.020057206540038175,-0.04468010877666501,-0.04210877052051006,-0.03383476845171159,-0.08676931494818108,0.01811870467520163,-0.014833575380704529,-0.06042195211804008,-0.05047969140751754,-0.008400212998376237,-0.12491867114808256,0.019064018263637995,0.024622902236626838,0.045588376737335554,0.07511698144057247,0.023882070454569613,0.032952280055906155,0.14102803046388793,0.05293454649646948,0.11651845814970632,-0.003730045954298253,-0.00827400206879847,-0.04207947840914131,-0.034375433634134554,-0.002571338256154951,-0.009942260710522538,0.09418099970421046,0.048504972691196455,0.07854065679324171,0.10292255087545511,0.04208920617151606,0.06449671903004248,0.19710355057966558,0.09059417886271251,0.14303737582328419
2725,2018,0,1945,0.07716206379159311,0.03023704588629426,0.054072351780655115,0.07535329232845182,0.09335264982800436,-0.03495690736756496,0.015667938816974484,-0.0002595489457460111,-0.008737641989082664,0.012420327120211011,0.025848721813717838,-0.035739792606082774,0.03376098907370782,-0.011032270216649607,-0.024993364399876032,-0.016361170273230308,-0.0023776261868137475,-0.0309075561773835,-0.023835305894360854,0.008478093043336653,0.013961094183226426,0.04692501790529885,0.015927487762720495,0.04479325929035743,0.1283095571955693,0.06158851441980061,0.028529929990569754,-0.017999357499552532,-0.013428394693506826,-0.01398354408641656,-0.02128094054779671,-0.021157969109293677,-0.008632194126645724,0.023089712010938,0.024405580806057148,0.058754353473583855,0.08902925914822007,0.02700215061700011,0.005914191777507467,0.11211897115915807,0.051407731423057254,0.06466854525109132
2730,2018,1,1985,0.031402211889472086,-0.013036071505985958,0.07827005017582221,0.0922495654605154,0.08519948941347662,0.014652694903834234,0.042230029106539946,0.011438320199500376,0.053633466898581256,0.055633398172130456,0.05989587821379173,0.028285197313343446,-0.02624944833805235,-0.056771729300569215,-0.03373786416292262,-0.014174396765878514,-0.013943702226964847,-0.035976340222011724,-0.09130612168180817,-0.04219514669908088,-0.023033865137646596,0.04443828339545804,0.03079170890703957,0.030522280962516864,0.07054679450964238,0.03161068090044828,0.02203263799504688,0.007050076047038778,-0.004262480041661271,-0.0002306945389136672,-0.013979515284693184,-0.0019999312735492006,-0.019563467397044107,-0.046867838286350126,-0.01140343779204131,0.007488415824870268,0.06361735527198797,0.02534826958523781,0.002238476059089105,0.01674951698563785,0.0139448317931965,0.009726891883959372
2735,2018,2,2008,0.07888682676299602,0.07740583812466433,0.08563986735040591,0.0950552204628684,0.09981531202099796,0.04994022739148238,0.03025610149619752,0.035544598945562035,0.04217903423894313,0.03995653227204457,0.04411326956309494,0.024860770633094942,-0.024743544446005367,-0.007686746194038733,-0.024256903255059265,-0.0032982029756644807,-0.007366384608371996,-0.027589262660914604,-0.008234029225741582,-0.006634435293381098,0.01657015706102053,0.0014809886383316956,-0.005288497449364514,-0.017056798251966633,0.04987508462951558,0.01925249893,0.02022287805254261,-0.0047600915581295505,-0.004156737291050372,0.004068181632707515,-0.009415353112462499,0.002222501966898563,-0.020958700279394785,-0.0067530405874098864,-0.011922932742745612,-0.00048664119094610214,0.03569963995892353,0.01731826360584819,0.003332359405855339,0.028946599371513643,0.005395330863102579,0.002845718214909237
2740,2018,3,1993,0.05963589864615171,0.053459158825832645,0.05883096234908956,0.06966447162475342,0.06300955051276542,0.04229602234215734,0.027745478770531972,0.024920584849318424,0.03539119849936003,0.03471569133341917,0.03146336425365848,0.024103049718077682,0.01734937840046172,0.024607965870739865,-0.0020369621318785808,0.023426513015383635,0.0034775957548785694,0.024335779785778968,-0.005371803523256918,-0.010470613650041607,0.026644928002618445,0.006176739820319063,0.0028248939212135483,-0.007258587470278143,0.020713528170608085,0.007360314535580795,-0.0208581840309004,0.006654921111987996,0.0032523270797606904,0.019948917260505065,-0.010833509275663858,0.000675507165940864,-0.025463475147262216,0.0008049362970621449,-0.007645719728828059,0.019386340532340302,0.016534940006932224,0.01128814878128235,-0.02637274191765755,0.01733987630399437,0.00364242905245429,-0.006986401385317247
2745,2018,0,2000,0.14398985082857646,0.13672408468102118,0.13552861136408698,0.13939261339802275,0.13507271313059346,0.1491781058725776,0.06337873362164828,0.059760654541460095,0.05761754835573811,0.05937207711165683,0.05984745389203454,0.05728121463718708,0.04206116003499846,0.03709071756235183,0.0315444917531701,0.01023750324938616,0.021837276619736563,0.032778883550504054,0.0011954733169342036,0.002143106185721985,0.00554622580918173,0.00726576614755528,0.0036180790801881857,0.004970442472646636,-0.014105392741984135,0.0025662392548474605,-0.01094160693076749,0.0043199002674292886,-0.0004753767803777065,-0.011599773370350404,-0.003864002033935776,-0.0017545287559187217,0.021306988503783937,0.008461239464489484,0.005761185265910171,0.010516668281828366,-0.013649494508490623,0.00033633371855103233,-0.0012343917973339572,-0.005188255044001139,0.006097518984461203,0.009282276484494409
2750,2018,1,2034,0.11484739135072536,0.08073275913330773,0.10952631642107397,0.11146038756222929,0.10938417513032835,0.10705241752919929,0.05039715474750159,0.030699790531386315,0.041594143738011596,0.04724669452657576,0.051919626963120975,0.04638967018378348,0.022605206633501764,0.006255372456945246,0.029128680392217898,0.015087657579425488,0.0297722494680308,0.037466287378581625,-0.02879355728776624,-0.010894353206625282,-0.022873307935272653,0.03411463221741763,0.019697364216115273,0.01634983417655652,0.002331757601129053,0.005529956779337493,-0.0076940379105508265,0.0020762124319009395,-0.004672932436545214,-0.014684591888605311,-0.001934071141155319,-0.005652550788564165,0.01404102281279241,0.005321074929651393,0.008803011009489992,-0.0065234737587161334,0.0024738988918746735,-0.004795526445771886,-0.008337606986363728,0.007794973821526066,0.004007484563718106,-0.014861080745079861
2755,2018,2,2059,0.07781144160180262,0.06876414250310016,0.07040330929399656,0.07581507162307283,0.06705865881724903,0.06753413631010939,0.025216479170442806,0.018950009349557546,0.022561702786706297,0.023701485644503518,0.03304529900637046,0.029283171311367255,0.02145957602667301,0.02280126438218158,0.02717305022809954,0.025936725346585626,0.010226262468437865,0.032778796397363655,-0.0016391667908964014,-0.0036116934371487504,-0.00437178584591796,0.009047299098702458,0.006266469820885259,-0.001341688355508571,-0.00047547749286036556,0.003762127695003205,-0.02255253392892579,0.008756412805823802,-0.009343813361866942,0.01571046287814776,-0.005411762329076267,-0.001139782857797221,0.0012363248815139144,0.007408132307806056,0.002654776383736509,-0.005713474201426531,0.0028691729838871693,-0.006721468524660958,-0.005605746169264115,0.010277305291693226,-0.004066692140924449,-0.011319220370690646
2760,2018,3,2041,0.036057777971807266,0.038438861841145214,0.022414083143401188,0.03633830863324569,0.03418562788328916,0.011586307131976085,0.022908244767481226,0.02221207332872034,0.005075551165842341,0.0177200833481145,0.022508335935919034,0.014074837492604703,0.0361751117466918,0.03460346462232683,0.04399107806722635,0.04795500170777553,0.0418964245933698,0.03043104449314687,0.016024778697744026,0.017136522162878,-0.009387613444899523,-0.002381083869337948,0.0006961714387608842,0.0015716471243649721,0.022599320751313073,0.00843349844331433,0.011465380100222928,0.0021526807499565315,-0.004788252587804534,0.0060585771144057304,-0.013924225489844504,-0.01264453218227216,-0.003963923640549177,0.013643694828406078,0.017832693601638885,-0.007815966320534551,0.010827776011425103,-0.008999286326762362,0.013560033574079481,0.02447147083983118,0.008833407274876522,0.00574406725354493
2765,2018,0,2033,0.04812468747676131,0.08767821568199975,0.03320518009320868,0.04660336908804412,0.03992472142025329,0.031121534629373695,0.02437124212958914,0.03137849736844047,0.009751141479776786,0.016266213374177007,0.0097508710044037,0.011959041124140944,0.015632274261175364,0.0029562142865074393,0.02252414907496052,0.012868965800661615,0.012906096452036274,0.024326899270647538,0.054473035588791074,0.021627355888663685,-0.019567934788453083,-0.03955352820523844,-0.0070072552388513315,0.012676059974667924,0.008803186790879592,-0.0022081701197372433,-0.011420802818611265,0.006678647667790832,0.006515342369773306,-3.7130651374658874e-05,-0.013398188994835442,-0.006515071894400221,0.009655183274298906,0.014919507383552633,0.014620100649812354,-0.0068918748137851565,0.002083645463834983,-0.0022078996443641585,-0.0018027501956870175,0.017003152847387615,0.012412201005448195,-0.008694625009472174
2770,2018,1,2068,0.0019696355138315493,0.049938070775966445,-0.01970852466163352,-0.002334168478798807,-0.003471168826346236,-0.031845662421005116,0.007607830991263239,0.02005187012026317,-0.017009085976717613,-0.0033082485479275577,-0.00727960620938972,-0.020450741145872846,0.024032581329063597,-0.0035171718227704142,0.03358014488595577,0.025679204445360624,0.02197252439337822,-0.006719073161144036,0.06964659543759996,0.037060956096980784,-0.03709731670872619,-0.047968435262134894,-0.012444039128999931,0.02754975315183401,0.028374493594658882,0.013171134936483126,0.028691597554522254,0.0011370003475474288,0.003971357661462163,0.003706680051982405,-0.017374356182834713,-0.013700837428790056,0.00790094044059515,0.021678160175465068,0.02461691696798085,-0.009547563556892177,0.012137137759371596,0.0034416551691552333,0.04029921804709981,0.03381529793483667,0.028058572137136084,0.030751654490207635
2775,2018,2,2095,0.09309771722166474,0.12185740971508592,0.08470019827471627,0.09303784526758087,0.10075752070619172,0.06181544568664611,0.0289051606472048,0.041072988809970915,0.03630740197162917,0.030889838553575744,0.034164076878839066,0.022086892895354295,0.024463366877909808,0.0273361133467419,0.028790113211300282,0.022242930218889123,0.027386498635325638,0.02847816909756641,0.03715721144036965,0.0047655868383417455,-0.0014539998645583807,-0.028759692493421182,-0.012167828162766115,-0.0028727464688320936,0.03894207501954561,0.012077183983484771,-0.0010916704622407729,-0.007719675438610851,-0.003274238325263322,-0.005143568416436515,-0.0083376469928646,0.0054175634180534255,0.006547182992411159,0.00839751894694847,-0.00740224132442437,-0.004326746333390474,0.022884752588070156,0.014220509076274875,0.00031194411373387104,0.03128227153501863,0.006818267751850505,-0.004014802219656603
2780,2018,3,2083,0.075909857262251,0.12502331348141127,0.08000999141509177,0.08669374342993223,0.08555992114422972,0.06289557519277592,0.03421923256918,0.054635589964723646,0.039421536234490656,0.04026617312061157,0.04112360780933299,0.038074659973902344,0.07339618645377019,0.06612820263720612,0.07090699262996077,0.06310063412802477,0.07681315423378904,0.057913571891854795,0.0450133220663195,0.01521405373023299,-0.004778789992754648,-0.04911345621916027,-0.02041635739554365,0.007267983816564072,0.022664345951453807,0.0030489478354306446,0.018899582341934243,0.0011338222857025099,-0.0008574346887214174,-0.013712520105764264,-0.006683752014840463,-0.0008446368861209155,0.007806358501935992,-0.004100134152840773,-0.005202303665310659,0.002489193823809424,0.017114416222315854,0.0013468762605883117,0.01299342073810597,0.01301428206947508,-0.0038554274047223475,0.015482614561915395
2785,2018,0,2090,0.10835769280109127,0.0831276628403057,0.11687548421495639,0.12878714034594854,0.1319189577057494,0.11002634565418182,0.048993227018030036,0.03321403085808916,0.052068381844886075,0.04946178245930776,0.05639079499965692,0.04132923363032862,0.10248778236470282,0.09120560599552253,0.11174999786990171,0.09620341773361375,0.09787705258061896,0.09823671851678849,-0.03374782137465068,-0.018854350986796914,-0.020544391874379175,0.025230029960785563,0.015779196159940875,0.011282176369180288,0.02189261205156759,0.015061561369328298,-0.0003596659361695259,-0.0031318173598008647,-0.0069290125403491595,-0.0016736348470052093,-0.011911656130992154,0.0026065993855783134,0.015546580136287957,-0.00851779141386512,-0.0030751548268560386,-0.009262215505198887,0.00684913856077457,0.010739148214557452,0.013513279353113222,-0.0016686528530905492,0.0076639933877014135,0.004251063847914335
2790,2018,1,2132,0.18650254306362238,0.16440670086269374,0.18817674574847174,0.19406568100403288,0.18321698300803843,0.20163791887935212,0.05296029655635576,0.05183429651026846,0.05160946908960023,0.058335332543438326,0.05226397977162485,0.05838911057430202,0.05844524852929347,0.027008507565263237,0.06270915328212412,0.07651561575629147,0.05242358678328825,0.07949538275286885,-0.023770044885777997,0.00022482742066823325,-0.03570064571686088,0.02209584220092864,0.0011260000460872957,0.031436740964030235,-0.018420935871313687,-0.006125130802677167,-0.027071795969580606,0.010848697995994444,0.006071352771813476,0.02409202897300322,-0.00588893525556114,-0.006725863453838098,-0.01380646247416735,-0.0016742026848493574,0.001350827466755529,-0.004263904752830651,-0.013461173130880383,-0.006779641484701789,-0.016786229470744735,-0.01513537581572974,-0.00542881401794626,-0.021050134223575385
2795,2018,2,2166,0.07877806979365826,0.08277425491741776,0.1542767690815563,0.15590493589597648,0.12200578892976907,0.18639650307622685,0.04930631593682241,0.048651652904044135,0.07148129593648869,0.06963728159711603,0.05597723597424596,0.07943882982875004,0.045582549830812974,0.05613029260614391,0.04793265225791808,0.04424144004587209,0.04967943727775291,0.07918378102087852,-0.07150251416413854,-0.022829643032444558,0.00819764034822583,-0.003996185123759502,0.0006546630327782729,-0.010547742775330937,-0.06439071414645778,-0.02346159385450408,-0.029504343743125605,0.03389914696620741,0.01366004562287007,-0.00543799723188082,-0.0016281668144201844,0.00184401433937266,0.003691212212045991,-0.07549869928789804,-0.022174979999666285,-0.002350102427105108,-0.03211973399467055,-0.007957533892261351,-0.031251128762960434,-0.10761843328256859,-0.030132513891927636,-0.03360123119006554
2800,2018,3,2157,0.14605834441065532,0.13672609375308908,0.18519569066118888,0.20133786125589623,0.17067704268105402,0.20561380573613094,0.08668664453976224,0.07236590568385043,0.08431286698107088,0.08857031669048052,0.07606513151008268,0.0927975723505031,0.025907660117156887,0.01077987206767756,0.04432367828032134,0.03911563340863345,0.003764614428487998,0.03275853491366663,-0.048469596908099793,-0.011946961297220449,-0.03354380621264378,0.009332250657566238,0.014320738855911813,0.015127788049479327,-0.034936763055076925,-0.016732440840420415,-0.02899392048517863,0.030660818574842208,0.012505185180397838,0.03535101898014545,-0.01614217059470735,-0.004257449709409639,0.0052080448716878905,-0.039137346250533556,0.0023737775586913645,-0.018416018163164453,-0.020418115074942067,-0.008484705369432216,0.011565143366654713,-0.05955546132547562,-0.0061109278107408516,-0.00685087479650974
2805,2018,0,2168,0.13679368634083702,0.09766166975487747,0.14147818962395106,0.1476846147337523,0.11517122733180694,0.18072571225701786,0.07934037724549449,0.06965608454946184,0.08200631509027045,0.08240617083477748,0.061847417306193225,0.09579192210576029,-0.010370417975813938,0.003476443418211292,0.011049545699426736,0.008314005987414923,-0.0032791313215402695,0.03547991658903083,-0.04381651986907359,-0.01235023054080861,-0.007573102281215444,0.03913201658595955,0.009684292696032645,-0.013846861394025231,-0.06555448492521092,-0.033944504799567066,-0.0387590479105711,0.03251338740194536,0.02055875352858426,0.011593137308955193,-0.006206425109801239,-0.00039985574450703,0.0027355397120118127,-0.004684503283114039,-0.0026659378447759646,-0.021419963675240676,-0.0392475226330668,-0.013785607015489837,-0.024430370889604095,-0.04393202591618084,-0.0164515448602658,-0.04585033456484477
2810,2018,1,2202,0.04394367731328637,-0.017792535320078413,0.05148288873006124,0.0667403831531958,0.038208673295300394,0.06698464056006873,0.037850062720264595,0.013395842274522608,0.03933544741194055,0.03883642983508418,0.032586013798374384,0.04707563482724337,0.007153934316486296,0.01122462889033077,0.02894885947315661,0.013976442199287491,-0.012328268177720232,0.014398140241479056,-0.06927542405013964,-0.02593960513741794,-0.017724230582825844,0.06173621263336478,0.024454220445741987,-0.004070694573844473,-0.028775967264768332,-0.014489621028868985,-0.026726408419199287,0.02853170985789541,0.006250416036709797,0.026304710377007726,-0.015257494423134565,0.0004990175768563657,0.01497241727386912,-0.007539211416774869,-0.001485384691675952,-0.021794925156670315,-0.015501751830007487,-0.0077401874153028224,0.014550719231677556,-0.023040963246782356,-0.009225572106978774,-0.0072442059249927596
2815,2018,2,2234,0.007042425927503153,-0.07189293546693117,-0.001861342051501617,0.0117938377640095,-0.013611251878039937,0.023485390446735283,0.019683157256251367,0.0022780932450248495,0.022781005519256742,0.027389454791936597,0.01721725351395402,0.03409983249046066,0.03468375216190795,0.003309312185458206,0.04491863482118676,0.028223842111873426,0.0252086037004593,0.044725134605067766,-0.07003159341542955,-0.020502912274231892,-0.04160932263572856,0.07893536139443431,0.017405064011226518,0.031374439976449744,-0.03709664232477522,-0.01688257897650664,-0.019516530904608465,0.025405089642049437,0.010172201277982577,0.003015238411414125,-0.013655179815511117,-0.004608449272679855,0.016694792709313337,0.00890376797900477,-0.0030978482630053747,-0.010234882659278813,-0.0253467324982369,-0.01131882697120392,0.00019350021611899693,-0.01644296451923213,-0.014416675234209295,-0.010041382443159816
2820,2018,3,2229,0.2183098421957605,0.22044823461369922,0.1727726649651838,0.17963999152633645,0.15481153746070883,0.21125086517437366,0.09364311865447808,0.09705951651964112,0.06868980478884212,0.07166175212462288,0.06333202257124654,0.09246980600865501,0.12565361817890314,0.1306454958943169,0.1320504816798012,0.1358288795304935,0.09847684663312047,0.12702495132164565,0.04767556964851544,0.028369711730798997,-0.001404985785484314,-0.002138392417938728,-0.00341639786516304,-0.004991877715413762,-0.05643932771366483,-0.02913778343740847,-0.028548104688525186,0.024828454065627614,0.008329729553376339,0.03735203289737303,-0.006867326561152659,-0.002971947335780753,-0.0037783978506922833,0.04553717723057671,0.024953313865635957,-0.006396863500898076,-0.03847820020918988,-0.023780001219812885,0.005025530358155561,0.007058977021386831,0.0011733126458230714,-0.0013713331427425146
2825,2018,0,2223,0.1766458569079377,0.13339198482091746,0.1551190645236973,0.16089001423370716,0.13303114714612133,0.14941402719721275,0.07689418075467264,0.06049498978324197,0.062009232890239484,0.06742478227769842,0.06055613957790695,0.06929513299300205,0.06714039596843858,0.07579144524835685,0.08170511921051284,0.09126585709065368,0.07736305851623586,0.060551050396543134,-0.021727079702779845,-0.0015142431069975135,-0.005913673962155988,0.04325387208702022,0.016399190971430666,-0.008651049279918263,-0.016382880051091425,-0.008738993415095098,0.016812008119692724,0.027858867087585837,0.006868642699791469,0.013902798574417827,-0.005770949710009854,-0.005415549387458939,-0.009560737880140849,0.02152679238424038,0.014884947864433153,-0.014564723242074251,0.005705037326484558,-0.007285900102762567,0.021154068813969702,0.027231829710724936,0.007599047761670585,0.006589345571895451
2830,2018,1,2258,0.15628763942288795,0.15392159078382636,0.13859426800891123,0.14324592158606503,0.12256581434248565,0.1419273721766341,0.07492001487857325,0.07198296141965935,0.06923720229168086,0.06899427789457452,0.06460813931344699,0.07392315082122675,0.07879014737777788,0.08354607403772948,0.06598654214787363,0.1051864781303431,0.09564395328857381,0.09229655736931044,0.015327322774915136,0.0027457591279784893,0.01755953188985586,0.002366048639061591,0.002937053458913902,-0.004755926659951601,-0.019361557834148446,-0.00931501150777976,0.003347395919263363,0.020680107243579382,0.004386138581127533,0.00954252484176929,-0.0046516535771538026,0.0002429243971063394,-0.03919993598246947,0.017693371413976727,0.005682812586892391,0.012803605229904258,-0.0033331041677228668,-0.004685948529545889,-0.02631001522143682,0.01436026724625386,0.0009968640573465026,-0.013506409991532561
2835,2018,2,2284,0.12534629214207685,0.11382865011072907,0.11012064354836558,0.11230636745516985,0.08827413005731953,0.1290432316508307,0.04968493579776566,0.043756371532493316,0.038443196571550514,0.04382932008338046,0.04243021774036287,0.0515693402071121,0.06753583102794011,0.07796070058205744,0.06686487785537064,0.06500966888228078,0.0732068674421213,0.1001655792599819,0.003708006562363489,0.005313174960942801,0.0110958227266868,0.01151764203134778,0.005928564265272343,-0.010424869554117325,-0.04076910159351117,-0.009139122466749229,-0.026958711817860595,0.02403223739785032,0.0013991023430175928,-0.008197198559840524,-0.002185723906804271,-0.005386123511829946,0.0018552089730898558,0.015225648593711269,0.011241739226215144,0.0006709531725694745,-0.018922588102465124,-0.013126143635561582,-0.03330070140461126,-0.003696939508753855,-0.001884404409346438,-0.03262974823204179
2840,2018,3,2290,0.12234182473948257,0.09935259481155465,0.11745138878761428,0.12899574745262485,0.10610400362841335,0.13539994631220287,0.041966170724468635,0.03339717022617862,0.03544080062293016,0.04099113857885772,0.033337063214466625,0.04341668128329543,0.0835494249955305,0.06544994743433978,0.07914753374381499,0.10713469222857193,0.07292301872638252,0.11161330359104907,-0.018098793976059638,-0.002043630396751539,-0.013697586309475207,0.02298922992792793,0.008569000498290014,0.01809947756119072,-0.029295942683789516,-0.010079618068828802,-0.03869028486466655,0.022891743824211497,0.007654075364391097,0.03421167350218941,-0.011544358665010565,-0.005550337955927562,-0.02798715848475694,0.004890435951868291,0.006525370101538475,0.0044018912517155145,-0.017948557524588585,-0.007975880660365267,-0.03246576984723408,-0.013058121572720294,-0.0014505105588267925,-0.028063878595518565
2845,2018,0,2289,0.07318342318290912,0.05864580361072897,0.08470196116244788,0.10418010061267281,0.09819324567437511,0.08725063418612385,0.04228666663089953,0.027305090141198248,0.04448174415640033,0.055325565414374035,0.052112610756841864,0.04543363466482812,0.13264170780674736,0.10965324249287009,0.08264632306889814,0.12599372809028747,0.1305052296682807,0.1182983306350422,-0.02605615755171891,-0.01717665401520208,0.027006919423971945,0.014537619572180145,0.01498157648970128,0.02298846531387727,0.010942611488251264,0.006678976092013747,0.012206899033238502,0.005986854938297703,0.0032129546575321716,-0.004511501577993238,-0.019478139450224932,-0.010843821257973708,-0.043347405021389326,-0.011518537979538765,-0.0021950775255007993,0.049995384737849216,-0.0025486730236759653,-0.0009518905084277898,-0.03565200756614406,-0.01406721100321473,-0.003146968033928589,0.014343377171705154
2850,2018,1,2326,0.17699917674798848,0.18767762466064467,0.1749173648528717,0.17983674013992507,0.18263606365083143,0.20250462948885678,0.055221006996853624,0.05806047437368548,0.040131446491007874,0.049667136165654886,0.05274144927765557,0.07098409514738963,0.07462129983153286,0.08156827371445886,0.06805496807864649,0.08412470794937355,0.08569264957404477,0.077567335527416,0.012760259807772956,0.017929027882677605,0.013513305635812378,-0.01067844791265618,-0.0028394673768318557,-0.006946973882926005,-0.019868565838025348,-0.018242645869734057,0.008125314046628765,-0.0027993235109063652,-0.0030743131120006817,-0.0015679416246712208,-0.004919375287053357,-0.009535689674647012,-0.01606973987072706,0.0020818118951167752,0.015089560505845749,0.006566331752886373,-0.02758726463598507,-0.03085264865638175,-0.009512367448769515,-0.025505452740868295,-0.015763088150536002,-0.0029460356958831424
2855,2018,2,2338,0.16353830628787713,0.16675644179695306,0.15522548232105862,0.16267391685746926,0.16739793896584232,0.12556484611453722,0.08785788756005802,0.09675849416536027,0.08713042660608344,0.09180398000770973,0.09284871841167289,0.07575546509897048,0.09357244395918565,0.07149027195871538,0.0885325762237178,0.09256142024994558,0.08594267301063405,0.07008815781325764,0.011530959475894442,0.009628067559276823,-0.017042304265002417,-0.003218135509075931,-0.008900606605302244,0.022082172000470274,0.0418330928513051,0.01709325331270241,0.015854515197376406,-0.004724022108373055,-0.001044738403963158,0.006618747239311537,-0.007448434536410642,-0.004673553401626285,-0.0040288440262277875,0.008312823966818511,0.0007274609539745791,0.005039867735467857,0.0296606362065214,0.011374961507112966,0.018444418410460156,0.03797346017333991,0.012102422461087545,0.023484286145928013
2860,2018,3,2338,0.14933646805039916,0.1172289702091644,0.13522253698051492,0.14518819469812086,0.14191235270918873,0.14071192300235258,0.05498499922414886,0.043156390423614674,0.03941607055073912,0.04398874164950662,0.03776593253295269,0.04737072481776042,0.07035533285576287,0.03777912259055981,0.0727883154482959,0.0401609178589104,0.056962561354668775,0.04904249949567699,-0.017993566771350528,0.0037403198728755555,-0.0350091928577361,0.03210749784123476,0.011828608800534185,0.03257621026520306,0.001200429706836148,-0.009604792284807727,0.007920061858991786,0.003275841988932132,0.006222809116553929,-0.016801643495758377,-0.009965657717605936,-0.0045726710987675015,0.03262739758938551,0.014113931069884234,0.01556892867340974,-0.0024329825925330367,-0.0054893860218376556,-0.0079546542670213,0.023745815952618918,0.008624545048046578,0.007614274406388441,0.02131283336008588
2865,2018,0,2347,0.3917073646812865,0.32595020969548477,0.4101068364892736,0.4105208859790643,0.40181448359113964,0.406236700655563,0.2525569629531083,0.1950864855822209,0.25204268840249056,0.246661470998994,0.2366453413682409,0.25965506163760066,0.1256932782964146,0.07912897099976597,0.13557540263905982,0.10189687744950114,0.12885163015300888,0.13051817182997721,-0.08415662679378882,-0.05695620282026967,-0.056446431639293845,0.0657571549858017,0.057470477370887424,0.046564307296648635,-0.004422217064423362,-0.023009720269359768,-0.001666541676968336,0.008706402387924639,0.010016129630753101,-0.026954752703507737,-0.0004140494897906799,0.005381217403496563,0.033678525189558675,-0.018399471807987122,0.0005142745506177548,-0.00988212434264521,0.0038701358337105973,-0.007612373235110104,0.005057230809082602,-0.014529335974276525,-0.007098098684492349,-0.0048248935335626075
2870,2018,1,2385,0.38197053130745645,0.4112288435379728,0.3442658449263443,0.34408462512042826,0.33911110187162735,0.31665297982888996,0.21474714785162016,0.23836509667693034,0.2038029772488737,0.1899292520555558,0.19206872633189997,0.18543227347339886,0.12326670779750938,0.17878310575054285,0.15306757421757972,0.11031045584843749,0.11155562394823824,0.11807949065135116,0.06696299861162847,0.03456211942805665,0.025715531532963132,-0.029258312230516337,-0.02361794882531018,-0.05551639795303347,0.022458122042737394,0.0066364528585011184,-0.006523866703112918,0.004973523248800904,-0.002139474276344172,-0.0012451680998007558,0.00018121980591606635,0.013873725193317893,0.04275711836914223,0.03770468638111213,0.010944170602746467,-0.029800866420070335,0.027612865097454364,0.01837070377547484,0.03498808356622855,0.0653175514785665,0.029314874378221306,0.005187217146158218
2875,2018,2,2402,0.13804561067829219,0.050263203992913744,0.15830896619994467,0.16830406152081773,0.1551475274534488,0.09418345334201,0.07460382234955129,0.03188901177236403,0.09396833253510219,0.0893259338682886,0.08287730130493098,0.05102380582199354,0.06691534950033061,-0.028479300011493437,0.06209305881157749,0.0693929366855098,0.06318010291340682,0.020107382653357916,-0.10804576220703092,-0.06207932076273816,-0.09057235882307094,0.08778240668537844,0.04271481057718726,0.09539464951182405,0.06096407411143881,0.03185349548293744,0.04307272026004891,0.013156534067368914,0.00644863256335762,0.00621283377210298,-0.00999509532087306,0.0046423986668135825,-0.007299877873932312,-0.020263355521652482,-0.019364510185550896,0.004822290688753117,0.06412551285793466,0.042944526713108645,0.041985676158219576,0.04386215733628218,0.02358001652755775,0.04680796684697269
2880,2018,3,2404,0.05274585784717594,0.06041904479940557,-7.421253284888798e-05,0.01315540065139372,-0.00945500696208638,-0.06091580810405223,0.030045523372124686,0.03832493882158208,0.012465759957679741,0.0038999589180699935,0.008577576052266521,-0.015090677271897827,0.018715670672547667,-0.0023784967462302763,0.006904980833944528,-0.0231771271067442,-0.016760494809605828,-0.029533522592865576,0.060493257332254455,0.025859178863902342,-0.009283477580174804,-0.007673186952229627,-0.008279415449457397,0.021094167418777943,0.05146080114196585,0.02366825332416435,0.012773027783259748,0.0226104076134801,-0.004677617134196527,-0.0064166322971383714,-0.013229613184242607,0.008565801039609747,0.030082107940688725,0.05282007038002483,0.017579763414444945,0.01181068983860314,0.06084159557120334,0.02755643722957757,0.036438503426810105,0.11366166595122817,0.04513620064402252,0.04824919326541324
2885,2018,0,2425,0.02248682700879048,-0.009596551832116378,0.007806535321603994,0.027375394877093197,-0.0032834131813835005,-0.017453127843954454,0.018184396226061376,0.01338812285588995,0.017947106248045224,0.018301161851934374,0.014778855879383115,0.008041935717910221,-0.009699159907849305,-0.006916741913003024,-0.009472064932626782,0.004847293771363996,-0.020086238720195167,-0.007258341788055174,-0.01740308715372037,-0.004558983392155274,0.0025553230196237574,0.032083378840906854,0.004796273370171427,-0.0027824179948462806,0.014169714662570953,0.0067369201614728945,-0.012827896932139992,0.0306588080584767,0.003522305972551258,0.024933532491559163,-0.019568859555489204,-0.00035405560388914945,-0.014319358703990778,0.014680291687186486,0.00023728997801615234,-0.00022709497522252313,0.025259663165558447,0.009905170530135003,-0.002213723144571608,0.03993995485274493,0.010142460508151156,-0.002440818119794131
2890,2018,1,2448,0.13889745048297025,0.1284883283519302,0.12965983270482373,0.14375303206543907,0.12447100950428765,0.1320729339743783,0.05849678954652264,0.0589805007015248,0.05917556871687249,0.058265294555358046,0.05399196492159762,0.057461117647316776,0.05281498819163225,0.05112623433156095,0.04506076212390792,0.05293226186691008,0.04818101150178196,0.053329758428740326,-0.0011715043528935376,-0.00019506801534768803,0.006065472207653029,0.01040912213104006,-0.00048371115500216166,0.0016887538600713,-0.007601924470090657,-0.0034691527257191546,-0.005148746926958367,0.019282022561151427,0.004273329633760425,0.004751250365128121,-0.014093199360615344,0.0009102741615144433,-0.007871499743002157,0.009237617778146523,-0.0006787791703498497,0.007754226067724329,-0.002413101269554574,0.0017144510695557141,-0.008268996304832403,0.006824516508591949,0.0010356718992058644,-0.000514770237108074
2895,2018,2,2458,0.11927215248160102,0.11830753922273364,0.10070941308442295,0.11525099402985771,0.10138003547544097,0.1197315325004687,0.044305786977573154,0.0483475572075674,0.03863134242438181,0.04171019213902081,0.039280254891639985,0.043023913186512726,0.06808392283877777,0.030209311573441307,0.045362663170308355,0.04306751029626576,0.029895211440186184,0.043006312531094236,0.017598126138310688,0.009716214783185594,-0.015153351596867048,0.000964613258867375,-0.004041770229994246,0.037874611265336464,-0.018351497025027724,-0.003743658294872741,-0.013111101090908052,0.013870958554416737,0.0024299372473808242,0.013172298856079574,-0.014541580945434757,-0.0030788497146390023,0.002295152874042597,0.018562739397178063,0.005674444553191348,0.02272125966846942,-0.019022119416045744,-0.004392570762130919,0.0023563506392141192,-0.00045938001886768054,0.0012818737910604283,0.02507761030768354
2900,2018,3,2466,0.11191553833130348,0.05867600297044702,0.12076593497324482,0.14544879321309825,0.1644647007516569,0.07050750285562209,0.03740938564152476,0.011866718357754788,0.042126596186982515,0.04584790008090299,0.051335953535382894,0.02298826456257583,0.019368201085355752,0.023143893273226294,-0.009506578624569502,-0.0037177392528497943,-0.0014496319980155698,0.012461577536838127,-0.062089932002797804,-0.030259877829227726,0.032650471897795796,0.05323953536085646,0.02554266728376997,-0.0037756921878705427,0.09395719789603481,0.028347688972807063,-0.013911209534853697,-0.01901590753855864,-0.005488053454479905,-0.0022681072548342246,-0.02468285823985343,-0.0037213038939204746,-0.005788839371719708,-0.008850396641941344,-0.004717210545457755,0.028874779709925254,0.05025843211762274,0.019138331624406684,-0.02196815616140763,0.04140803547568139,0.01442112107894893,0.006906623548517624
2905,2018,0,2488,0.14966437189228246,0.13508983185277917,0.12975274092274833,0.13444421786047375,0.15367501827662913,0.09361859936374706,0.03333486500826204,0.03899078681558693,0.02728292682801412,0.02342204958580396,0.03748625906620961,0.018891219431564407,0.030180444706173596,0.027355417281331475,0.02370976054228033,0.034275075868956104,0.028089747498375034,0.034884175982268506,0.005337090930030847,0.01170785998757281,0.003645656739051144,0.014574540039503286,-0.005655921807324889,0.0028250274248421206,0.060056418912882076,0.0185950396346452,-0.006794428483893472,-0.01923080041615538,-0.014064209480405647,0.00618532837058107,-0.004691476937725425,0.0038608772422101603,-0.010565315326675772,0.019911630969534133,0.0060519381802479205,0.006470684163893264,0.03613414155900127,0.008391707396449715,-0.011174415439988174,0.056045772528535404,0.014443645576697636,-0.00470373127609491
2910,2018,1,2525,0.17785540553821994,0.13941795367561646,0.1616224054547273,0.15283237075741193,0.1503897618709732,0.14462021449399615,0.027228909824361474,0.018975379749342266,0.022990038047508293,0.02031099424325728,0.018647090861319403,0.01442608592315407,0.03442036459937311,0.028681125249735,0.020532271297967596,0.021518451222239915,0.016300370017385647,-0.007735592407773949,-0.022204451779110845,-0.004014658298166027,0.008148853951767402,0.03843745186260347,0.008253530075019208,0.00573923934963811,0.005769547376977047,0.004221004938165332,0.024035962425159596,0.0024426088864387407,0.0016639033819378785,0.005218081204854268,0.008790034697315374,0.002679043804251012,-0.0009861799242723186,0.016233000083492627,0.004238871776853181,0.013888093301405512,0.01700219096073116,0.008563952124354223,0.028267863705741546,0.03323519104422379,0.012802823901207403,0.042155957007147055
2915,2018,2,2538,0.19882981652374698,0.19817903256157826,0.1980215654283584,0.1864068507660337,0.16991866516423101,0.2070607674127445,0.0635169402151157,0.06423974377018024,0.06900143532969127,0.06493195511109431,0.06462121440091709,0.062415394743259356,0.04817418157831343,0.04410039084585271,0.02750959221516313,0.03851032346108816,0.04000960623156787,0.04607549655649078,0.00015746713321987404,-0.004761691559511033,0.01659079863068958,0.0006507839621687217,-0.000722803555064544,0.004073790732460718,-0.0371421022485135,0.0022058196576577316,-0.006065890324922905,0.01648818560180268,0.0003107407101772264,-0.0014992827704797124,0.011614714662324693,0.00406948021859696,-0.01100073124592503,0.0008082510953885957,-0.005484495114575577,0.0206645893631503,-0.009039201984386125,0.006586040586431918,-0.018565904341327648,-0.00823095088899753,0.001101545471856341,0.0020986850218226508
2920,2019,3,2558,0.06657997351365072,0.05710544896548521,0.14872804891416078,0.13441731031682488,0.09584319707684556,0.22248342156022954,0.028626354241414985,0.024041006950588494,0.06564811052978221,0.0560241161402219,0.051415142430821154,0.08496172956040349,0.03195983846450538,0.017077253203721127,0.041535766604859414,0.026012767622129403,0.04387557503041504,0.036470991524128894,-0.09162259994867557,-0.04160710357919372,-0.024458513401138287,0.009474524548165511,0.004585347290826491,0.014882585260784256,-0.12664022448338397,-0.033546587129582334,0.007404583506286144,0.03857411323997932,0.004608973709400749,-0.017862807408285636,0.014310738597335892,0.009623994389560311,0.015522998982730012,-0.08214807540051006,-0.03702175628836723,-0.009575928140354031,-0.07375537264606877,-0.019313619030621273,0.00506477508073052,-0.15590344804657882,-0.0563353753189885,-0.004511153059623511
2925,2019,0,2580,-0.07037072996168472,-0.06643956131947189,0.006587286180459916,0.004115866961667617,-0.03661447092039598,0.07202315266909722,-0.027529379294479836,-0.02992187857629222,0.012503915909806793,0.013439327067909436,-0.010995293788516231,0.036758843373147186,-0.02903787928812104,-0.026554220423026857,0.0066682074790954836,-0.007676465565884089,-0.005959440524303889,0.02754131828256053,-0.0730268474999318,-0.04242579448609901,-0.03322242790212234,-0.003931168642212837,0.0023924992818123852,-0.0024836588650941835,-0.10863762358949319,-0.04775413716166342,-0.03350075880686442,0.040730337882063594,0.024434620856425667,-0.0017170250415801998,0.0024714192187922984,-0.0009354111581026427,0.014344673044979573,-0.07695801614214465,-0.040033295204286626,-0.035706086767216524,-0.0654358664886373,-0.024254927463340393,-0.020873110803465045,-0.14239388263078195,-0.06428822266762702,-0.05657919757068157
2930,2019,1,2597,-0.1561648551087722,-0.14974220551608178,-0.10959327482114753,-0.09551627065285824,-0.1384279481057346,-0.058377266270924995,-0.047283800384124136,-0.05563329065272056,-0.028066839138562807,-0.026893075323968403,-0.035134806993851644,-0.01647961165623784,-0.0253110919093113,-0.025904751066865614,0.005350528951025977,0.0020872055694828176,-0.0012805303727219759,0.02854075411512154,-0.04014893069493425,-0.027566451514157753,-0.03125528001789159,-0.006422649592690427,0.008349490268596424,0.0005936591575543132,-0.08005068183480962,-0.018655195337613804,-0.029821284487843516,0.04291167745287637,0.008241731669883241,0.0033677359422047935,-0.01407700416828929,-0.0011737638145944036,0.0032633233815431593,-0.046571580287624675,-0.01921696124556133,-0.030661620860337278,-0.051216008550222535,-0.011587227482324967,-0.023190225164095562,-0.09778758883784722,-0.030804188727886296,-0.05385184602443284
2935,2019,2,2602,-0.08809744534369225,-0.0430924587313054,-0.1200607535594021,-0.11748436160307982,-0.15068238890474717,-0.06549909961220773,-0.028009983041612518,-0.005608919072647741,-0.04121697866990312,-0.02759054578004557,-0.052534555750865436,-0.016510217265246097,-0.008653898269999896,-0.0012634598461974407,0.027810131342640643,0.06587582337998461,0.02804839110019915,0.02032158022764437,0.0769682948280967,0.03560805959725538,-0.029073591188838083,-0.04500498661238685,-0.022401063968964775,-0.007390438423802455,-0.08518328929253943,-0.03602433848561934,0.007726810872554779,0.03319802730166735,0.024944009970819865,0.03782743227978547,-0.0025763919563222826,-0.01362643288985755,-0.03806569203734397,0.03196330821570985,0.013206995628290603,-0.03646402961264054,-0.054561653947194366,-0.024706761404657024,0.0074885511149962725,-0.022598345731484518,-0.011499765776366421,-0.028975478497644265
2940,2019,3,2622,0.18511309927943517,0.15442318354774004,0.19036531944243323,0.1998911206211167,0.20203128893698197,0.20398601306917713,0.15528690354337157,0.13618636896734024,0.16072417195680425,0.16632783185040362,0.16474521009280135,0.14968420154258888,0.0738842084187941,0.11675405211659037,0.09721186429174507,0.040839276575227706,0.08280957742816968,0.061361641394029186,-0.035942135894693195,-0.024537802989464008,0.019542187824845306,0.030689915731695133,0.019100534576031336,-0.04286984369779627,-0.0019547241321951625,0.015061008550212474,0.02144793603414049,-0.0021401683158652762,0.001582621757602265,-0.04197030085294197,-0.009525801178683457,-0.005603659893599372,0.05637258771651736,-0.005252220162998061,-0.005437268413432672,-0.023327655872950964,-0.013620693626743896,0.011039970414215367,0.03585022289771588,-0.018872913789741957,0.005602702000782694,0.012522567024764918
2945,2019,0,2645,0.12535333388834502,0.06890645379959562,0.12448063908803302,0.1414328692827584,0.15397206728009707,0.13501161284972962,0.05827386492092046,0.04758503254836824,0.06647616448478375,0.07992235262325707,0.060856138739120186,0.05830307229134081,0.04393897013958387,0.013023446027523205,0.030044299543237615,0.025685217302005417,0.036844363304809655,0.05522314508044315,-0.0555741852884374,-0.018891131936415506,-0.01702085351571441,0.0564468800887494,0.01068883237255222,0.030915524112060666,0.01896045443036745,0.0025530664477793757,-0.0183787817756335,-0.012539197997338686,0.019066213884136887,-0.011159146002804238,-0.016952230194725373,-0.013446188138473328,0.004359082241232198,0.0008726948003120044,-0.008202299563863286,0.013894670596346258,-0.010530973761696608,0.008173092193442935,-0.02517884553720554,-0.009658278961384603,-2.9207370420350487e-05,-0.01128417494085928
2950,2019,1,2654,0.09570178784863864,0.13255039658997003,0.07447463742007567,0.0817451823567441,0.10071617652890773,0.06700181083088343,0.08930678235735956,0.10039222219844683,0.07509461330592562,0.07618579163242413,0.08151704290154707,0.05614602855353985,0.00909774368460074,0.03054656822764099,-0.012614074304525106,-0.00887034805660352,0.011247735515411646,-0.01845348621887371,0.05807575916989437,0.02529760889252121,0.043160642532166095,-0.03684860874133139,-0.011085439841087272,-0.02144882454304025,0.0337143656980243,0.025371014348007218,0.029701221734285355,-0.01897099417216362,-0.005331251269122941,-0.020118083572015166,-0.007270544936668441,-0.001091178326498507,-0.0037437262479215853,0.021227150428562977,0.014212169051433937,0.021711817989125845,0.0074728265891922385,0.01894858475238577,0.005839411914348603,0.028699977017755215,0.033160753803819706,0.02755122990347445
2955,2019,2,2649,0.13965088388581862,0.11836451046123911,0.12373759955234409,0.12719314225800557,0.1383036452931154,0.08839821247503868,0.07138263233333197,0.05326611129633172,0.0654981833047879,0.06714295997847908,0.07042665747003135,0.045422718396752534,0.06685857935017468,0.028281917514051597,0.07250154559330267,0.047785710075642265,0.05295621960525274,0.04104492350582838,-0.005373089091104982,-0.012232072008456184,-0.044219628079251075,0.021286373424579508,0.018116521037000254,0.038576661836123086,0.04990543281807672,0.025003939073278816,0.01191129609942436,-0.011110503035109826,-0.003283697491552273,-0.005170509529610477,-0.0034555427056614796,-0.0016447766736911729,0.024715835517660406,0.015913284333474526,0.00588444902854407,-0.005642966243127989,0.03533938707730541,0.02007546490803537,0.03145662208747429,0.05125267141077994,0.02595991393657944,0.0258136558443463
2960,2019,3,2677,0.1368055127103165,0.13035934431460144,0.12195226656344431,0.12229101401316789,0.11575660533779411,0.09142147754880289,0.09496494676950057,0.08113950749485116,0.087476585724623,0.08800027349136233,0.08772615214686819,0.07327849994703939,0.02156104785369365,0.02857990325407712,0.027475060196385074,0.04014907267583501,0.0612902803189211,-0.019587451111112746,0.008407077751157135,-0.0063370782297718364,0.0011048430576920468,0.006446168395715046,0.01382543927464941,-0.00701885540038347,0.024335127788991218,0.014447652199828798,0.08087773143003385,0.006534408675373776,0.0002741213444941437,-0.021141207643086093,-0.0003387474497235782,-0.0005236877667393336,-0.012674012479449933,0.014853246146872182,0.007488361044877573,-0.005914012342691424,0.030530789014641416,0.014198085777583608,0.04706251130749782,0.0453840351615136,0.02168644682246118,0.04114849896480639
2965,2019,0,2706,0.21634789456368575,0.21666734924480444,0.19762329424514496,0.19369880696723465,0.1951637305841241,0.18958333997713972,0.1103280143151534,0.10179733403093888,0.10799113800609053,0.10796815064343347,0.10488097386831349,0.09874877018737607,0.06603734249931245,0.05920306036310065,0.06269081927586763,0.06199013794523148,0.07397705481448937,0.07021863956065644,0.01904405499965947,-0.006193803975151652,-0.0034877589127669806,-0.000319454681118686,0.008530680284214526,0.006834282136211803,0.00558039060698437,0.00613220368093742,0.003758415253832928,-0.0014649236168894353,0.003087176775119979,-0.011986916869257888,0.00392448727791031,2.298736265705925e-05,0.000700681330636152,0.018724600318540785,0.002336876309062874,0.0033465232234448222,0.008039954268005245,0.009242367818714459,-0.007527820284788808,0.02676455458654603,0.011579244127777333,-0.004181297061343986
2970,2019,1,2702,0.20698963714399632,0.18917784576079208,0.20132716228550843,0.1936065788125643,0.1931035144768232,0.18840110902037824,0.090488856798496,0.07854319837322152,0.08861709729581317,0.08866507341091939,0.0839031565318119,0.08474977746505087,0.005191730597655635,0.018119241652678114,0.00041246772974422655,0.014665201549241353,-0.004905726329522792,0.025238729220172427,-0.012149316524716347,-0.010073898922591654,0.017706773922933888,0.01781179138320424,0.01194565842527448,-0.012927511055022479,0.004702405456444958,-0.0008466209332389646,-0.03014445554969522,0.0005030643357410991,0.004761916879107486,0.019570927878764147,0.007720583472944131,-4.797611510622135e-05,-0.014252733819497126,0.0056624748584878926,0.0018717595026828265,0.004779262867911409,0.012926053265130188,0.0038673198307623002,-0.0248262614904282,0.01858852812361808,0.005739079333445127,-0.02004699862251679
2975,2019,2,2698,0.2661153773719591,0.2555632575232887,0.2563424171207683,0.24943065552358196,0.24558520920722765,0.247416715864449,0.08915798810092546,0.09357168864008503,0.08680864604368294,0.08758209322208753,0.08032997416074433,0.08071965121769703,0.03691725263279873,0.02632652696129876,0.03569885850093338,0.033733449107821514,0.021543808956484722,0.015630031322604147,-0.0007791595974795951,0.006763042596402091,-0.00937233153963462,0.010552119848670438,-0.004413700539159571,0.010590725671499969,-0.0018315066572213434,-0.0003896770569526975,0.005913777633880575,0.0038454463163543062,0.007252119061343196,0.012189640151336792,0.006911761597186317,-0.0007734471784045932,0.001965409393111864,0.009772960251190843,0.0023493420572425205,0.0012183941318653496,0.00892570125631928,0.006088994825985905,0.02006882717832923,0.018698661507510123,0.008438336883228426,0.02128722131019458
2980,2019,3,2725,0.255647952585267,0.26176422356708545,0.2520444613654976,0.24580401460271814,0.2548211288031273,0.23900948573016514,0.08887520036767134,0.08858334304151118,0.08461393515506857,0.07791792878116907,0.08047787687931252,0.07877960442312863,0.01481727652725481,0.019929130352183213,0.05843759010709229,0.06182173098600808,0.032687109111268355,-0.010634317256739707,0.009719762201587878,0.003969407886442608,-0.038508459754909075,-0.006116270981818439,0.0002918573261601609,-0.005111853824928403,0.01581164307296215,0.001698272456183883,0.043321426368008065,-0.009017114200409154,-0.002559948098143444,0.029134621874739725,0.0062404467627794336,0.006696006373899499,-0.003384140878915788,0.003603491219769439,0.004261265212602769,-0.04362031357983748,0.01303497563533243,0.005834330731939938,0.069071907363832,0.01663846685510187,0.010095595944542707,0.025451593783994517
2985,2019,0,2755,0.23366218260518004,0.24018246519806957,0.23124539828138743,0.2294510862387523,0.23826452942965276,0.21067126198916164,0.06234635881762105,0.07630940570771186,0.05393732000375166,0.05799895735563372,0.06732280529792081,0.057573563567235725,0.0930239359393892,0.04951475298456125,0.09848129822365216,0.08949384569924844,0.09200814526331198,0.07277269908340546,0.00893706691668214,0.022372085703960196,-0.048966545239090914,-0.006520282592889531,-0.013963046890090806,0.043509182954827946,0.02759326744049112,0.009749241730685088,0.019235446179906524,-0.008813443190900466,-0.009323847942287092,-0.0025142995640635435,0.0017943120426351378,-0.004061637351882058,0.008987452524403722,0.002416784323792609,0.00840903881386939,-0.005457362284262968,0.020574136292225792,-0.0036362435634840623,0.025708599140246702,0.0229909206160184,0.004772795250385327,0.020251236855983734
2990,2019,1,2760,0.2146797253442867,0.21345405894822342,0.22398393999877494,0.21881584730011938,0.22398610043757478,0.19499238815309983,0.08997639255392352,0.10238259399277698,0.10487985661239836,0.09567219767790369,0.10403703177513123,0.08233062076497066,0.07103748964842928,0.07751877901531033,0.058931827808251194,0.07019968501523655,0.09195523952675881,0.04987876676720154,-0.010529881050551526,-0.002497262619621382,0.018586951207059138,0.0012256663960632797,-0.01240620143885346,-0.0064812893668810545,0.02899371228447495,0.021706411010160562,0.04207647275955727,-0.005170253137455394,-0.008364834097227533,-0.021755554511522265,0.005168092698655563,0.00920765893449467,-0.011267857206985352,-0.009304214654488246,-0.014903464058474841,0.012105661840178084,0.028991551845675118,0.022549235847427698,0.009053061041049651,0.01968733719118687,0.007645771788952857,0.021158722881227734
2995,2019,2,2754,0.17789134973744386,0.1393130946380699,0.17903343066209676,0.18006258970953107,0.18117546509957969,0.15101452387042139,0.06777176649108614,0.045297600136942825,0.07664574021653442,0.07592073566523719,0.059756764101012695,0.055520051953234624,0.04657230237210694,-0.014112988908863033,0.018838266420090233,0.029017080239553288,0.02148690774438186,0.005712665164444878,-0.03972033602402686,-0.031348140079591594,-0.032951255328953266,0.03857825509937396,0.022474166354143316,0.06068529128096997,0.0301609412291583,0.004236712147778071,0.01577424257993698,-0.0011128753900486177,0.016163971564224493,0.007530172495171426,-0.0010291590474343082,0.0007250045512972314,-0.010178813819463055,-0.0011420809246528996,-0.008873973725448278,0.027734035952016706,0.028018906791675374,0.021125688263299795,0.013125601255645354,0.026876825867022475,0.012251714537851517,0.04085963720766206
3000,2019,3,2775,0.06625398247824689,0.04492157894914728,0.058863168519749216,0.06490212572734717,0.05415412118866471,0.022542095108753938,0.050239123356942444,0.04786657264714568,0.040615874013114055,0.05068433457994294,0.03753853962265343,0.020720392375955313,-0.049321543742846335,-0.05835833077561695,-0.08115336292666037,-0.048524834781518464,-0.07233626668584187,-0.09374895389124094,-0.013941589570601938,0.007250698634031626,0.022795032151043414,0.02133240352909961,0.002372550709796764,0.009036787032770617,0.031612026079910774,0.01681814724669812,0.021412687205399072,0.010748004538682465,0.013145794957289507,0.023811431904323402,-0.006038957207597957,-0.010068460566828884,-0.0326285281451419,0.007390813958497673,0.00962324934382839,0.03183181918381403,0.036321073410995275,0.019895481637158742,0.012595590964580572,0.043711887369492955,0.029518730980987132,0.0444274101483946
3005,2019,0,2806,0.23686253670720822,0.22105639806423955,0.24328694317980762,0.24491074970789847,0.2492219712368771,0.2163837493228756,0.13190810276451623,0.1181586666513145,0.12812776472068696,0.134354711911692,0.12319867794350492,0.11442229989897897,0.029755101292206772,0.015809554730277064,0.024107771443869476,0.012611208902096552,0.020468426200296284,0.01602937721900225,-0.022230545115568073,-0.009969098069372462,-0.008298216713592411,0.015806138642968676,0.01374943611320173,0.013945546561929707,0.032838221914001486,0.008776378044525954,0.004439048981294033,-0.004311221528978615,0.011156033968187068,-0.007857217298199732,-0.0016238065280908542,-0.006226947191005028,0.011496562541772923,-0.006424406472599398,0.0037803380438292677,0.005647329848337296,0.026903193856932017,0.013705464821707994,0.008078394224867225,0.02047878738433262,0.01748580286553726,0.01372572407320452
3010,2019,1,2819,0.1789166310996077,0.16874940294391244,0.18045692906491836,0.17866045837075556,0.17313685071795548,0.1701204536892693,0.09347180744670987,0.0838387472021333,0.09091184094722848,0.09400435561827737,0.09050289928631192,0.08269188230648244,0.04045739451534661,0.04048875851047151,0.0320862849378299,0.033190021646391475,0.029271117766570175,0.027586723070463663,-0.011707526121005923,-0.0070730937450951825,0.008402473572641615,0.010167228155695263,0.009633060244576566,-3.136399512489868e-05,0.0030163970286861685,0.0078110169798294715,0.0016843946961065115,0.005523607652800078,0.003501456331965455,0.0039189038798213005,0.001796470694162805,-0.0030925146710488877,-0.0011037367085615785,-0.0015402979653106608,0.0025599664994813837,0.008371109577516717,0.010336475375649051,0.008219958640746039,0.0044995618673662335,0.00879617741033839,0.010779925140227423,0.01287067144488295
3015,2019,2,2813,0.2780035063758735,0.2689286518831221,0.2748990754959284,0.2782134784252735,0.28171651371823614,0.26749000869618056,0.1374543340834441,0.13324145043809033,0.13511177774512928,0.1383124247826785,0.15410964064808808,0.1290467642805932,0.07604622206571127,0.08826150678949976,0.09317370836853905,0.08499039624738121,0.09437705628183905,0.023423145111475634,-0.005970423612806308,-0.0018703273070389548,-0.004912201579039294,0.009074854492751416,0.004212883645353771,-0.012215284723788494,0.01422650502205558,0.02506287636749488,0.07095391117036343,-0.003503035292962642,-0.01579721586540958,-0.009386660034457844,-0.003314402929345095,-0.0032006470375492146,0.008183312121157846,0.003104430879945108,0.0023425563383148162,-0.017127486302827788,0.007409066799747843,0.006065013464536084,0.06975056325706341,0.010513497679692951,0.0084075698028509,0.05262307695423563
3020,2019,3,2827,0.2078694686384212,0.20455520971599117,0.20877311292731107,0.2058541414637261,0.21590290067835857,0.19501981179064348,0.09482453436513225,0.09340361136254621,0.0982595534575618,0.09487938692945272,0.098361200205958,0.09157045896034828,0.0020269239410166465,-0.007623887953469702,0.015883015663862677,-0.002496195761918572,0.0055473216587706925,-0.026014651038805195,-0.004217903211319901,-0.004855942095015581,-0.02350690361733238,0.0033142589224300356,0.001420923002586033,0.009650811894486348,0.02088308888771509,0.006790741245609716,0.03156197269757589,-0.010048759214632469,-0.0034818132765052773,-0.008043517420689265,0.0029189714635849684,0.0033801665281090743,0.01837921142578125,-0.0009036442888898655,-0.0034350190924295476,-0.01385609172284603,0.01375330113666759,0.006689094497213513,0.04189766670266787,0.012849656847777724,0.0032540754047839654,0.02804157497982184
3025,2019,0,2860,0.2161877544132807,0.19311921464407494,0.21992960076361578,0.22373012490506916,0.22908705353075387,0.19750571772388795,0.11780977172022902,0.1120330356626999,0.12280492636695578,0.11668415857196385,0.12041662779113728,0.10676854979251434,0.05701616608474732,0.07128927541833699,0.10097958871100426,0.08985543030872029,0.07711098275084377,0.05112118078643164,-0.02681038611954084,-0.010771890704255882,-0.029690313292667275,0.023068539769205754,0.005776736057529125,-0.014273109333589669,0.03158133580686592,0.013648077998622943,0.025989801964412133,-0.005356928625684709,-0.0037324692191734316,0.012744447557876515,-0.0038005241414533764,0.006120767794991933,0.011124158402283979,-0.0037418463503350874,-0.004995154646726757,-0.043963422626256944,0.022423883039727838,0.016036376574441444,0.04985840792457263,0.01868203668939275,0.011041221927714687,0.005894985298315683
3030,2019,1,2871,0.24920448345574542,0.2280764408681845,0.2516946275473256,0.2612187021496248,0.2732471005014496,0.21169118533296277,0.11735768648315113,0.10732343129377164,0.11900484624011717,0.12449075945866789,0.12291944831671736,0.10484380472136275,0.07645504541686518,0.06082277071265596,0.09796559574617165,0.07697056657936516,0.08699943432498194,0.05306625937723957,-0.02361818667914109,-0.01168141494634553,-0.037142825033515695,0.02112804258756093,0.01003425518937949,0.01563227470420922,0.06155591516848685,0.018075643595354615,0.033933174947742374,-0.012028398351824843,0.0015713111419505266,-0.010028867745616787,-0.009524074602299204,-0.005485913218550714,0.020995029166806498,-0.00249014409158016,-0.0016471597569660407,-0.021510550329306474,0.040003442214362805,0.014161041518754428,0.044899336368932084,0.037513298122782646,0.012513881761788387,0.02338878603962561
3035,2019,2,2862,0.2293460221524923,0.21991271337956092,0.23856799864024214,0.24518126534212306,0.2498230718327871,0.19966863191416068,0.10611042905448476,0.10320931267361866,0.10491561035283106,0.10746847521013034,0.11670816221442953,0.09592198680357078,0.08278988703679142,0.09510135786356874,0.11517040419762183,0.09192388778611867,0.09165950996395049,0.07856036845964538,-0.01865528526068122,-0.001706297679212404,-0.020069046334053084,0.009433308772931387,0.002901116380866098,-0.012311470826777318,0.05015443991862642,0.020786175410858754,0.013099141504305106,-0.0046418064906640355,-0.009239687004299196,0.00026437782216817696,-0.006613266701880921,-0.002552864857299275,0.02324651641150316,-0.009221976487749833,0.0011948187016536937,-0.0323805171608304,0.038899366726081464,0.008993623549260282,0.03661003573797644,0.02967739023833163,0.010188442250913976,0.004229518577146041
3040,2019,3,2882,0.13769747391339338,0.12757222326033513,0.15721226704519467,0.15960468817553097,0.15843525121869204,0.11618516965252092,0.0580992246533722,0.046070186453044296,0.06350611051108343,0.06788373992662855,0.07227852038376012,0.058657828873997966,0.004154447715484642,-0.02118828341575608,0.003751940638202969,0.0029585573056127063,-0.006011186120034711,-0.04202612554554786,-0.029640043784859543,-0.017435924058039134,-0.02494022405395905,0.010125250653058249,0.012029038200327906,0.025342731131240723,0.04225008156617112,0.013620691509762153,0.03601493942551315,0.0011694369568389373,-0.00439478045713157,0.008969743425647417,-0.002392421130336303,-0.00437762941554512,0.0007933833325902626,-0.019514793131801295,-0.005406885857711229,0.00040250707728167355,0.04102709739267375,0.004848281637085464,0.04577806618375083,0.02151230426087246,-0.0005586042206257649,0.046180573261032504
3045,2019,0,2907,0.10696801582493284,0.09941780743495132,0.11254727711646971,0.11347259007932514,0.11133343743609683,0.08642189613575316,0.045530453916806685,0.03399718155063777,0.04314539519031753,0.04776037270080294,0.04555845988604766,0.04187624886552181,0.038801356271123306,0.007674118928825274,0.02465887200667502,0.030722076001480636,0.019944692983195598,0.001030355821888065,-0.013129469681518388,-0.009148213639679756,-0.016984753077849746,0.007550208389981522,0.011533272366168912,0.031127237342298032,0.024911541300343676,0.0036822110205258496,0.018914337161307533,0.0021391526432283092,0.0022019128147552774,0.010777383018285038,-0.0009253129628554319,-0.00461497751048541,-0.006063203994805616,-0.005579261291536866,0.002385058726489156,0.014142484264448286,0.026125380980716553,0.0012691463247957169,0.023628516184786955,0.020546119689179687,0.003654205051284873,0.03777100044923524
3050,2019,1,2920,0.07392272997777471,0.07243219411458571,0.07580536138811317,0.0790730700477445,0.07604191907097424,0.05216251797457409,0.021911966876758338,0.024295543145256,0.02662113317009779,0.017573478242361676,0.016011179977197084,0.013099723367864899,0.05582541635257129,0.029032772496934964,0.020864766320805982,0.02771733823539936,0.02144609718891108,0.015576636772574223,-0.003373167273527461,-0.0023255900248417907,0.008168006176128981,0.0014905358631890075,-0.0023835762684976634,0.026792643855636324,0.023879401096400153,0.002911456609332185,0.005869460416336856,0.0030311509767702582,0.0015622982651645918,0.006271241046488282,-0.00326770865963133,0.009047654927736116,-0.0068525719145933785,-0.0018826314103384534,-0.004709166293339454,0.03496065003176531,0.02364284341353908,0.013521409802232893,0.005288129548231759,0.021760212003200628,0.008812243508893439,0.04024877957999706
3055,2019,2,2920,0.2004273203857325,0.18071936054163498,0.1981526340059535,0.19695437333326624,0.20069237342111754,0.1837215555677412,0.06751066377272427,0.05510629849426276,0.06725705751996927,0.0632060595023787,0.0673156246177239,0.06635929252417105,0.07329658180004191,0.05114460269449485,0.06590393098841937,0.08672400796935788,0.0831860070597463,0.05603836525070997,-0.017433273464318527,-0.01215075902570651,-0.014759328293924526,0.01970795984409751,0.012404365278461511,0.02215197910554706,0.01697081785337634,0.0009563320935528502,0.027147641809036324,-0.003738000087851301,-0.004109565115345201,0.00353800090961158,0.0011982606726872735,0.004050998017590568,-0.020820076980938504,0.002274686379778984,0.00025360625275500093,0.007392650811622534,0.014431078438212314,0.000897764995798217,0.0098655657377094,0.016705764817991298,0.001151371248553218,0.017258216549331934
3060,2019,3,2941,0.1589242760051251,0.12583268485566232,0.13962113882982768,0.14200615508986855,0.1463897086281018,0.1168198682697019,0.04936981080816647,0.03615012857102754,0.04907461127434971,0.05031670844851562,0.04698602152179743,0.036482576824004805,0.04995153491435425,0.04441000620729453,0.08231043577554799,0.08004381280442553,0.10048229526157654,0.03379031484375871,-0.013788453974165366,-0.012924482703322165,-0.03790042956825346,0.03309159114946278,0.01321968223713893,0.00554152870705972,0.029569840358399907,0.010503444697792623,0.06669198041781782,-0.004383553538233248,0.0033306869267181946,-0.020438482457151005,-0.0023850162600408675,-0.0012420971741659154,0.002266622971122456,0.019303137175297413,0.00029519953381676456,-0.03235890086119374,0.02280127056012579,0.012592034450344902,0.04852012093178928,0.042104407735423205,0.012887233984161667,0.01616122007059554
3065,2019,0,2970,0.3128129568091104,0.3156107942800891,0.26795414097150577,0.2657766207112197,0.2721027384779458,0.23354584574335532,0.11054707420760568,0.11325829429512763,0.09784535877788769,0.10112661674514065,0.10237890564801677,0.0798672659410617,0.08972882199361315,0.07878968483718128,0.08273641154430202,0.07665747401875149,0.08832175679765036,0.08224052294107169,0.04765665330858332,0.015412935517239934,-0.003946726707120735,-0.00279783747097867,-0.0027112200875219483,0.010939137156431869,0.03855689273459048,0.022511639706955078,0.0060812338565786744,-0.0063261177667260915,-0.0012522889028761253,-0.011664282778898874,0.002177520260286059,-0.003281257967252954,0.006078937525550526,0.04485881583760465,0.012701715429717986,0.006992410449311134,0.03440829522815045,0.017978092836826,0.0004958886032303267,0.0792671110657551,0.030679808266543984,0.007488299052541461
3070,2019,1,2982,0.3918137396259397,0.41435834733141774,0.37539027089928184,0.368612816822609,0.3813563050525096,0.3420806251053656,0.16935013905746726,0.1723601227929353,0.1639800730320854,0.15540157814633027,0.16437084122543144,0.15024998429491718,0.14056793654505295,0.11390706323875867,0.10848085388088109,0.11214267442170663,0.11843421165688715,0.12544324120053535,0.0389680764321359,0.008380049760849911,0.005426209357877576,-0.02254460770547806,-0.0030099837354680414,0.026660873306294283,0.03927567994714404,0.014120856930514264,-0.007009029543648196,-0.012743488229900624,-0.008969263079101175,-0.006291537235180528,0.006777454076672851,0.008578494885755128,-0.0036618205408255333,0.01642346872665784,0.00537006602538187,0.03208708266417186,0.033309645793916265,0.013730088737168217,-0.016962387319654257,0.04973311452057411,0.019100154762550087,0.015124695344517602
3075,2019,2,2973,0.29166901205378754,0.29658723658337544,0.2916915681393353,0.2860287236606718,0.2858209691306295,0.2513231071885901,0.11204143068485173,0.09892372228486933,0.11200703763047187,0.11106400368819958,0.10844495346198295,0.0975753158790601,0.1180400627801857,0.10606943870087877,0.11320032935093259,0.12044324829678153,0.11936554602782344,0.11760385214786148,0.004895668444040158,-0.013083315345602545,-0.007130890650053817,-0.0049182245295879,0.0131177083999824,0.011970624079306921,0.03449786194203941,0.01086963758292285,0.0017616938799619591,0.00020775453004229227,0.0026190502262166265,0.0010777022689580917,0.005662844478663498,0.0009430339422722978,-0.007242918945848942,-2.2556085547742466e-05,3.43930543798554e-05,0.004839733429253104,0.0403684609507452,0.014431721751411775,-0.004403522796928891,0.04034590486519746,0.01446611480579163,0.0004362106323242132
3080,2019,3,2996,0.2045280016475596,0.19140008347261367,0.18394989179318205,0.19166386981689645,0.17866582200587638,0.21053540329713993,0.08133043173102823,0.07058332546330956,0.07384775820904918,0.07864113802052423,0.07118737441553313,0.08497860989094179,0.08162753455137094,0.06031982065595567,0.045742333389643626,0.05632628960331161,0.04175354149609684,0.06082699274440487,0.007450191679431617,-0.0032644327457396205,0.014577487266312042,0.013127918174945935,0.010747106267718673,0.02130771389541527,-0.03186958129126355,-0.013791235475408656,-0.019073451248308025,0.01299804781102007,0.007453763604991101,0.014572748107214768,-0.007713978023714402,-0.004793379811475054,-0.010583956213667985,0.020578109854377552,0.0074826735219790524,0.03588520116172731,-0.02658551150395788,-0.011130851681892609,-0.015084659354761241,-0.0060074016495803295,-0.0036481781599135565,0.02080054180696607
3085,2019,0,3029,0.21627846815965526,0.20329017402300345,0.1988343970752733,0.21394890144306428,0.1997254376174589,0.1957930342587861,0.07913351191905199,0.07071003773387399,0.06984406510495295,0.07908435180976109,0.07811544458164517,0.07403548385673576,0.057329732150294556,0.044828265235748815,0.03333067093214211,0.05520099749337452,0.017423823850063663,0.04496738270948522,0.004455776947730139,0.0008659726289210468,0.011497594303606702,0.012988294136651812,0.008423474185177998,0.01250146691454574,0.003932403358672787,0.004079960724909404,-0.027543558859421557,0.014223463825605381,0.00096890722811592,0.03777717364331086,-0.015114504367790965,-0.009240286704808143,-0.02187032656123241,0.01744407108438195,0.009289446814099045,0.023999061218152443,0.003041362816487203,-0.004191418751782819,-0.011636711777343108,0.020485433900869154,0.005098028062316226,0.012362349440809335
3090,2019,1,3036,0.10654898930794361,0.05900637456590597,0.10954976672604289,0.13236080804051056,0.11263350809089426,0.1438346910515641,0.04868783730945915,0.023340522105547774,0.04585250498144503,0.050136334844096485,0.04785719069243269,0.05522306079852546,0.05497360456943799,0.012266348217529942,0.03667921642050435,0.027452624038709093,0.039726903573370616,0.036075713431689034,-0.05054339216013692,-0.022511982875897257,-0.024412868202974405,0.047542614742037644,0.025347315203911376,0.04270725635190805,-0.031201182960669843,-0.00736587010609277,0.0036511901416815817,0.019727299949616306,0.0022791441516637964,-0.012274279534661522,-0.022811041314467678,-0.004283829862651453,0.009226592381795254,-0.0030007774180992736,0.0028353323280141188,0.018294388148933645,-0.034284924325521215,-0.009370555817080427,0.0006035029888153132,-0.03728570174362049,-0.006535223489066308,0.018897891137748958
3095,2019,2,3032,0.18163836237742034,0.20914201729390086,0.13536697875412557,0.15411729993986018,0.13160368081837343,0.17833309985549187,0.05968637389302632,0.07400900028197813,0.04798372615777685,0.055192222147903376,0.05085986887512839,0.05160772776341246,0.07291610351294274,0.07964775973772004,0.05573175313723579,0.05276284486517306,0.055125792046661126,0.07150130928645526,0.0737750385397753,0.026025274124201275,0.02391600660048425,-0.02750365491648052,-0.014322626388951806,-0.0067316562247772965,-0.04672941903711844,-0.0007478588882840684,-0.016375517239794135,0.02251361912148675,0.004332353272774987,-0.002362947181488065,-0.01875032118573461,-0.007208495990126525,0.002968908272062726,0.046271383623294776,0.011702647735249469,0.017184350375706953,-0.0429661211013663,-0.003624001605635606,-0.015769556149219474,0.003305262521928476,0.008078646129613863,0.0014147942264874785
3100,2019,3,3057,0.10798524981394057,0.13805150328525836,0.06595539009200406,0.08263440014435171,0.05722360911646651,0.10003164763180142,0.027456184611040296,0.04041908220812625,0.02442656097703205,0.03164057398878599,0.024245002274625727,0.025535652758844663,0.06832053138542123,0.06786354588012344,0.017285095142602392,0.030131402102390396,0.02004025757290867,0.038583729651847955,0.0720961131932543,0.0159925212310942,0.050578450737521055,-0.03006625347131779,-0.012962897597085951,0.0004569855052977828,-0.042808038515334906,-0.0012906504842189366,-0.018543472078939284,0.025410791027885196,0.007395571714160262,0.010091144529481726,-0.016679010052347648,-0.00721401301175394,-0.012846306959788004,0.04202985972193651,0.0030296236340082473,0.05103543624281884,-0.03407625753979736,-0.0011090917818126142,-0.021298634509245563,0.007953602182139155,0.0019205318521956331,0.029736801733573272
3105,2019,0,3084,0.0918208139137011,0.12796769601346622,0.031178751611642724,0.045446135207772104,0.02224203892188654,0.08302163355770716,0.04238547683960317,0.051230268901826415,0.01773226885529471,0.018089139774326815,0.015387300325953705,0.03304151053538141,0.04558712427668792,0.033767956236159025,-0.011375198601652965,0.006074634629859493,-0.010000293701018924,0.024887221031914368,0.09678894440182349,0.03349800004653171,0.04514315483781199,-0.03614688209976512,-0.008844792062223245,0.011819168040528898,-0.06077959463582061,-0.017654210209427704,-0.03488751473293329,0.023204096285885562,0.0027018394483731105,0.016074928330878417,-0.01426738359612938,-0.0003568709190321061,-0.01744983323151246,0.060642062302058375,0.02465320798430846,0.05696232287834089,-0.05184288194606443,-0.0153092416800867,-0.036262419633567335,0.008799180355993946,0.009343966304221761,0.020699903244773554
3110,2019,1,3085,0.05422965922002539,0.059512201085136975,0.018753722440815315,0.024758532265933043,0.026512111243081168,0.023280484218727464,0.01230338572644048,0.026973827907639063,0.002761065319409917,0.0036925694289788834,0.007520313908158145,0.0029704585828786633,0.03513406951079734,0.033671552306452135,-0.01810336676637364,-0.004696390329798385,-0.007702076545854732,0.0018845904131727176,0.04075847864432166,0.024212762588229145,0.051774919072825776,-0.005282541865111581,-0.014670442181198583,0.001462517204345204,0.003231627024353704,0.0045498553252794815,-0.009586666959027448,-0.001753578977148125,-0.0038277444791792615,0.003005686216056347,-0.0060048098251177275,-0.0009315041095689664,-0.013406976436575256,0.03547593677921008,0.009542320407030564,0.05323743627717098,-0.0045267617779121486,-0.00020939326346874638,-0.019987957179546358,0.03094917500129793,0.009332927143561816,0.03324947909762462
3115,2019,2,3081,0.13096243942850208,0.12973494243135394,0.10107561240481644,0.10873051484322983,0.11890865453801497,0.10735467597976736,0.0388466678128058,0.04306183479120399,0.025214055022417282,0.028780884294276762,0.028670482663486596,0.025289566420251236,0.05926993867229653,0.0628930786430772,0.024115354036160882,0.02986593277118462,0.02705253234989303,0.04154402920784722,0.028659330026537505,0.01784777976878671,0.03877772460691631,0.0012274969971481364,-0.004215166978398188,-0.0036231399707806616,0.011553978558247607,0.00338091624323536,-0.014491496857954193,-0.010178139694785135,0.00011040163079016618,0.0028134004212915925,-0.007654902438413394,-0.00356682927185948,-0.005750578735023739,0.02988682702368564,0.01363261279038852,0.03515458463613565,-0.006279063574950922,-7.551139783395361e-05,-0.01742867517168634,0.02360776344873472,0.013557101392554567,0.01772590946444931
3120,2019,3,3105,0.1427409555020066,0.11707140808616012,0.1285470241786973,0.13437071918826263,0.1566236144919663,0.10431875386492512,0.04370428702871821,0.04325707472825959,0.03384656558193397,0.037336387796794074,0.051050515819341884,0.04149230031473581,0.037843137617557254,0.036595429700202256,-0.03651031947723378,-0.024374782011820362,0.007019576029565446,-0.0012694574165850747,-0.011475616092537166,0.009410509146325623,0.07310574917743604,0.025669547415846483,0.0004472123004586187,0.0012477079173549982,0.05230486062704118,0.009558215504606074,0.00828903344615052,-0.022252895303703668,-0.01371412802254781,-0.03139435804138581,-0.005823695009565338,-0.0034898222148601055,-0.012135537465413418,0.014193931323309317,0.009857721446784241,0.07435345709479103,0.02422827031377217,-0.007645734732801841,-0.035240862060648706,0.03842220163708149,0.0022119867139824,0.03911259503414233
3125,2019,0,3118,0.2652172726533985,0.15592038171826067,0.22232222078823488,0.21883635236516483,0.27219880905754096,0.14304276212344755,0.081360228375573,0.04107812003949045,0.06778260202256228,0.06316321783883123,0.07992717203910103,0.04491051425788878,0.102811261291564,0.062004253246769794,-0.004095091987142473,0.0011734085098013178,0.05422532753423898,0.029981578073412667,-0.06640183906997421,-0.026704481983071834,0.06609934523391227,0.10929689093513784,0.04028210833608255,0.0408070080447942,0.1291560469340934,0.035016657781212254,0.024243749460826317,-0.05336245669237613,-0.0167639542002698,-0.05305191902443766,0.0034858684230700543,0.004619384183731048,-0.0052685004969437906,0.042895051865163625,0.013577626353010713,0.10690635327870647,0.07927945866478733,0.022872087764673504,-0.03407667006055514,0.12217451052995096,0.03644971411768422,0.07282968321815134
3130,2019,1,3123,0.26080212183656853,0.22934292670902529,0.23610476254100526,0.22834875734038848,0.2518134698097361,0.20457748755795574,0.08251895047551909,0.06175316621180079,0.07070194662037466,0.06644635727264195,0.07377302148244361,0.060725471205503895,0.07554014267829587,0.06752012252616416,0.055513215974234344,0.029680161963167587,0.07126318840429216,0.047281347484123264,-0.006761835831979979,-0.008948780408573866,0.012006906551929812,0.03145919512754325,0.0207657842637183,0.008020020152131713,0.047235982251780384,0.013047550276939712,0.023981840920168897,-0.023464712469347643,-0.007326664209801659,-0.041583026441124576,0.0077560052006167834,0.004255589347732708,0.025833054011066756,0.02469735929556327,0.011817003855144434,0.020026926704061525,0.031527274983049525,0.009976475414870761,0.00823186849011108,0.056224634278612795,0.021793479270015195,0.028258795194172605
3135,2019,2,3121,0.2163386407552932,0.24505255078247817,0.17020102866030126,0.1685707547114155,0.1589973969496558,0.17602897470354723,0.07501380026536562,0.07438551028626067,0.06462305846092092,0.06422031761352487,0.06585129047242588,0.06934095064976785,0.048545485240494936,0.05014622717409933,0.05460514511828694,0.04864843846524827,0.04991393114355775,0.04574242136667244,0.07485152212217691,0.009762451825339746,-0.00445891794418761,-0.028713910027184986,0.000628289979104954,-0.001600741933604391,-0.017031577753891414,-0.003489660177341966,0.00417150977688531,0.009573357761759688,-0.0016309728589010142,-0.001265492678309478,0.0016302739488857632,0.00040274084739605476,0.005956706653038664,0.046137612094991926,0.0103907418044447,-0.006059659877792001,-0.005827946043245963,-0.0047178921888469255,0.008862723751614496,0.04030966605174596,0.005672849615597775,0.002803063873822495
3140,2019,3,3136,0.1741024495595436,0.2047870508303132,0.10777017533949208,0.1078647625420196,0.10104261991145681,0.10483019153173574,0.06829202068239594,0.06921225152903246,0.037476358323893774,0.04531396076493891,0.039240614160780604,0.03295926655135092,0.07859814255650241,0.06975464195475378,0.04760996949389974,-0.003907094114338117,-0.004399298362777637,0.002836917796294136,0.09701687549082112,0.031735893205138685,0.02214467246085404,-0.030684601270769607,-0.0009202308466365189,0.008843500601748627,-0.003787571620278929,0.006281347609429687,-0.007236216159071773,0.006822142630562786,0.006073346604158307,0.0004922042484395203,-9.458720252751573e-05,-0.007837602441045137,0.05151706360823786,0.06633227422005152,0.030815662358502166,0.030988173062602667,0.002939983807756341,0.004517091772542857,0.044773051697605606,0.06927225802780786,0.03533275413104502,0.07576122476020827
3145,2019,0,3147,0.16868776303588448,0.25135061173782386,0.12528375758621244,0.12578065405116873,0.10616805436661368,0.15200946768064114,0.07643736763657506,0.10788876424974742,0.07275187308622355,0.07148511667870121,0.061508577727963594,0.06789093771804064,0.05600560029497429,0.09140685213627198,0.06986117290540812,0.0537857756225693,0.02674947035396375,0.05230304638131736,0.12606685415161142,0.035136891163523865,0.021545679230863854,-0.08266284870193938,-0.03145139661317235,-0.035401251841297686,-0.045841413314027454,-0.006382359990077045,-0.025553576027353607,0.019612599684555046,0.009976538950737614,0.02703630526860555,-0.0004968964649562924,0.001266756407522343,0.01607539728283882,0.043404005449672045,0.003685494550351512,-0.013855572610433832,-0.0267257100944287,0.0048609353681829115,0.017558126524090764,0.016678295355243344,0.008546429918534423,0.003702553913656932
3150,2019,1,3159,0.028501457298725236,0.008165112515197219,-0.009129850505779432,-0.008086213850071283,-0.021832926176505035,-0.017358492589259124,0.028476229135669513,0.013111925082508455,0.01952646069239545,0.006420107011659198,0.008858557215165503,0.021370348934385313,0.010905445725885327,0.013773559454746342,0.035015072574446394,0.01764452094390223,0.02188387459011604,-0.007106756487012113,0.01729496302097665,-0.006414535609886994,-0.021241513119700052,0.02033634478352802,0.015364304053161058,-0.002868113728861015,-0.0044744335872459115,-0.01251179171921981,0.028990631077128154,0.013746712326433753,-0.0024384502035063047,-0.004239353646213809,-0.0010436366557081498,0.01310635368073625,0.017370551630544163,0.03763130780450467,0.008949768443274064,-0.024109626848561067,0.008228642083479691,-0.001843888241989864,0.042121829061458504,0.045859949887984364,0.0071058802012841996,0.01801220221289744
3155,2019,2,3160,-0.004856667237764762,-0.012242501354431027,0.0035735622922140158,-0.0012363311827491095,-0.02380257483281165,-0.03562751205126716,-0.0009501004135501409,-0.011009081737270957,0.004820143957025536,-0.0019811520944614715,-0.003974849941014441,-0.01103278608805547,-0.06196569383287534,-0.07176311769743492,-0.030098465252547016,-0.021044693790876416,-0.05493889473987475,-0.08574941131584699,-0.01581606364664504,-0.01582922569429649,-0.0416646524448879,0.007385834116666265,0.010058981323720816,0.009797423864559576,0.011824937218455508,0.007057936147041029,0.030810516575972238,0.022566243650062538,0.0019936978465529692,0.03389420094899833,0.004809893474963125,0.0068012960514870074,-0.0090537714616706,-0.008430229529978777,-0.005770244370575677,-0.031867228580328325,0.039201074343481176,0.015852930045081006,0.05565094606329997,0.030770844813502396,0.01008268567450533,0.023783717482971645
3160,2019,3,3182,0.05168900589931765,0.03561436513581323,0.059053963740382694,0.051739268761157274,0.08592264677782935,0.005925600521391591,-0.0028382925312664454,-0.011469681816630991,-0.01629575186531878,-0.010180351337741582,0.02096712665121494,-0.008749982889605476,-0.027885594161510586,-0.04605814485963197,-0.21880065184549502,-0.24829465793132546,-0.18093398060957352,-0.09230152909175567,-0.023439598604569463,0.004826070048687788,0.17274250698586305,0.01607464076350442,0.008631389285364546,0.018172550698121386,0.07999704625643776,0.029717109540820415,-0.08863245151781786,-0.034183378016672074,-0.03114747798895652,-0.06736067732175194,0.0073146949792254196,-0.006115400527577197,0.029494006085830443,-0.007364957841065042,0.013457459334052334,0.19091505768398442,0.0531283632189911,-0.007545768975713303,-0.12649912275373937,0.04576340537792606,0.005911690358339031,0.06441593493024508
3165,2020,0,3191,0.04344643643513936,0.001257128658603722,0.05734404618150531,0.04593810674314199,0.06856511718030925,-0.0061983144771311175,-0.003408757582993676,-0.028650442981367368,-0.0077480012865709345,-0.017595572004530456,0.01057656201671555,-0.014826223947495358,0.05123672289571163,0.0007127507259050625,-0.08938092962110046,-0.13243282651731378,-0.041730038482238885,-0.008065502068191805,-0.05608691752290159,-0.020902441694796433,0.09009368034700552,0.04218930777653564,0.02524168539837369,0.050523972169806565,0.07476343165744037,0.02540278596421091,-0.03366453641404708,-0.022627010437167257,-0.028172134021246006,-0.0907027880350749,0.011405939438363322,0.009847570717959522,0.04305189689621332,-0.013897609746365953,0.0043392437035772585,0.14061765251681208,0.06354236065863643,0.007078222660924423,-0.08131542755290866,0.049644750912270476,0.011417466364501682,0.05930222496390343
3170,2020,1,3201,0.023731391604544714,0.003968939864903031,0.05886424809470651,0.04173048585203601,0.07890971483941756,-0.044301724349882075,-0.0045722519718765404,-0.02226713955988089,-0.0013341209722057112,-0.009105063575589158,-0.004580692788294982,-0.03274787359423499,0.056656489145474886,0.0009254431940289923,0.02760312119172738,-0.12182360965463793,-0.07429607656800025,-0.01172559392033293,-0.05489530822980348,-0.020933018587675177,-0.026677677997698386,0.01976245173964168,0.01769488758800435,0.055731045951445894,0.12321143918929964,0.02816718080594001,-0.06257048264766732,-0.037179228987381546,-0.004524370787294176,-0.04752753308663768,0.0171337622426705,0.007770942603383447,0.14942673084636532,-0.03513285649016179,-0.0032381309996708293,0.029053367953747508,0.10316597244458858,0.03141375262202928,0.039328715112060306,0.06803311595442679,0.02817562162235845,0.06838208306580781
3175,2020,2,3201,0.009118290641919559,0.01612025121654903,0.013475591144867136,-0.011838237231065165,0.023214371732764517,-0.08407176285967007,-0.009216459308026968,-0.02570898061103435,-0.008530475725910945,-0.04084011888735404,-0.012357577619513904,-0.06193240996562963,0.01436145390250784,0.04491845627803109,-0.007664712603603782,-0.12447115436639883,-0.05566991911402839,-0.0490456904825717,0.002644660071681895,-0.017178504885123406,0.05258316888163487,-0.007001960574629472,0.016492521303007383,-0.030557002375523244,0.10728613459243458,0.04957483234611573,-0.006624228631456688,-0.03505260896382968,-0.028482541267840136,-0.06880123525237045,0.025313828375932303,0.032309643161443094,0.11680644176279505,-0.004357300502947577,-0.0006859835821160232,0.022026166506111625,0.0975473540045372,0.05340193423971869,0.04138097787896792,0.09319005350158963,0.052715950657602664,0.06340714438507954
3180,2020,3,3217,0.3347300869307218,0.37921607467992097,0.3329359919055528,0.3277834343256834,0.3370548914245292,0.31365050789246723,0.2250806881109984,0.24538848106729805,0.22427995189659572,0.21964312371607134,0.22509722010578523,0.2057772853991493,0.10542061813694281,0.1653416905604009,0.11930291993130786,0.11278937723385336,0.1471611548577452,0.06652640595308983,0.04628008277436818,0.021108529170702328,0.04603877062909305,-0.04448598774919915,-0.020307792956299642,-0.059921072423458094,0.02340438353206198,0.019319934706635927,0.08063474890465537,-0.009271457098845803,-0.005454096389713892,-0.03437177762389183,0.005152557579869377,0.004636828180524383,0.006513542697454494,0.001794095025169029,0.0008007362144026864,-0.013882301794365046,0.019285484013085552,0.01850266649744642,0.05277651397821803,0.02107957903825458,0.019303402711849105,0.038894212183852986
3185,2020,0,3232,0.3282045655104832,0.3507300242142865,0.30877518572554674,0.3022699017633393,0.31115458951533553,0.27935883610564194,0.18081557661080916,0.20312784182065524,0.16754730754898894,0.1664006187046464,0.16007772478219565,0.1550980571524864,0.06039285715927774,0.07592835583313075,0.06118152569413201,0.05351891674621668,0.05199805219712373,0.0073160623686886455,0.041954838488739765,0.0355805342716663,0.014746830138998739,-0.02252545870380329,-0.022312265209846083,-0.01553549867385301,0.031795753409693595,0.00497966762970925,0.04468198982843508,-0.008884687751996245,0.006322893922450751,0.0015208645490929484,0.006505283962207453,0.0011466888443425471,0.007662608947915331,0.019429379784936474,0.013268269061820215,-0.0007886685348542713,0.029416349619904802,0.012449250396502548,0.05386546332544336,0.048845729404841276,0.025717519458322763,0.05307679479058909
3190,2020,1,3236,0.31033055286197914,0.23890792389391116,0.2645833193601777,0.2526555896970236,0.27269099988487194,0.2068893962635126,0.15723862602294714,0.11629227006731514,0.12723003950704542,0.10839190636527214,0.133659287344487,0.10222894371066951,0.042180619573543854,-0.029173818922899282,0.004162833659612024,-0.05805369813614797,-0.021402686859157798,-0.006953018059320366,-0.025675395466266543,-0.01093776943973028,-0.033336652582511304,0.07142262896806797,0.040946355955631994,0.07135443849644313,0.06580160362135934,0.0314303436338175,-0.014449668799837431,-0.020035410187848324,-0.025267380979214868,-0.03665101127699017,0.011927729663154085,0.01883813314177328,0.06221653179575999,0.04574723350180143,0.030008586515901714,0.03801778591393183,0.0576939230966651,0.02500109579637591,0.01111585171893239,0.10344115659846653,0.055009682312277625,0.04913363763286422
3195,2020,2,3253,0.3205975420322651,0.23808827743851335,0.2611634585964503,0.2512372393145834,0.2657980337726421,0.1953407445553419,0.18163131726038745,0.13192002932014404,0.13232026714931777,0.10693017859434453,0.1252653512755541,0.08509324896356982,0.027737368923991878,-0.01934405111887062,-0.030473029068912114,-0.11824248513696596,-0.15207475791554156,-0.014652824059059266,-0.02307518115793694,-0.0004002378291737274,0.011128977950041495,0.08250926459375174,0.049711287940243404,0.0470814200428625,0.07045728921730021,0.04017210231198429,-0.1374219338564823,-0.01456079445805869,-0.01833517268120957,0.0338322727785756,0.009926219281866877,0.02539008855497324,0.08776945606805385,0.0594340834358148,0.049311050111069676,0.05821039799290399,0.0658227140411084,0.047227018185747954,-0.015820205009852848,0.1252567974769232,0.09653806829681763,0.04239019298305115
3200,2020,3,3254,0.16063244019921333,0.1291232897580772,0.17605249786620325,0.1773749041842492,0.18894354447311396,0.11991754637279316,0.08446320857333306,0.0662641488905781,0.07915517323229533,0.07799411813916568,0.09670300575286651,0.056694733778802825,-0.002070721351155602,-0.07987174364947922,-0.0629317936368773,-0.046987501388029713,-0.02841015105345494,-0.063912942799664,-0.046929208108126064,-0.012891024341717225,-0.016939950012601915,0.03150915044113614,0.018199059682754953,0.07780102229832361,0.0690259981003208,0.04000827197406369,0.03550279174620906,-0.011568640288864757,-0.018708887613700834,-0.018577350334574774,-0.0013224063180459489,0.001161055093129651,-0.015944292248847587,-0.015420057666989923,0.0053080353410377284,0.0608610722857217,0.05613495149341009,0.022460439453492506,0.0009811491627867014,0.04071489382642017,0.027768474794530235,0.0618422214485084
3205,2020,0,3248,0.09418377649904172,0.06558442947198369,0.09789916004924791,0.09766404357529025,0.1064387308363131,0.024247042902196692,0.03853347144432058,0.025308410768497037,0.04201232649435873,0.034197403470853364,0.04067607724250087,0.0144323823980004,-0.06437958241563799,-0.024123454762615376,-0.026780690129838997,-0.06079563942550879,-0.022323707244041178,-0.10885241211825869,-0.03231473057726422,-0.016703915725861693,0.0026572353672236204,0.028599347027058034,0.013225060675823543,-0.04025612765302261,0.08219168793411641,0.02624369484450047,0.08652870487421752,-0.008774687261022845,-0.006478673771647507,-0.03847193218146762,0.00023511647395765833,0.007814923023505366,0.0340149492956698,-0.003715383550206189,-0.00347885505003815,-0.03759889228579899,0.07365211714705122,0.02757994409635833,0.0820717219884197,0.06993673359684503,0.02410108904632018,0.0444728297026207
3210,2020,1,3250,0.2851429685925069,0.27741084655691983,0.27562063300734224,0.28009810860100437,0.26625244405992193,0.2683296540685335,0.13894456856028858,0.14607394384265018,0.14286767960629032,0.14000211330354573,0.13842941585972976,0.13304955171165952,0.07755570379472024,0.07822866480562833,0.07789068580991275,0.07154743449838208,0.05852071855913845,0.06537729396560536,0.0017902135495775906,0.0032062642363598626,0.0003379789957155821,0.007732122035587041,-0.0071293752823616,-0.0006729610109080936,-0.002077210008611552,0.005379864148070235,-0.006856575406466912,0.013845664541082436,0.001572697443815968,0.013026715939243629,-0.004477475593662128,0.0028655663027445932,0.0063432513115306705,0.009522335585164632,-0.003923111046001737,-0.0003349820151925115,0.0072909789388087565,0.009818127894630796,0.012513391844307387,0.01681331452397339,0.005895016848629059,0.012178409829114875
3215,2020,2,3272,0.28147373413558874,0.28379922540186886,0.277131022293556,0.2778892246219385,0.2676895211218837,0.28603787523482516,0.13529872769096135,0.1329837901224619,0.12973656130200595,0.12513721749077578,0.13237033836249051,0.1393881123817372,0.10408105649013882,0.12417347681668464,0.08261314286499784,0.08509499595770802,0.07639713514556055,0.1078585575392799,0.006668203108312842,0.003247228820455944,0.041560333951686804,-0.002325491266280122,0.002314937568499459,-0.020092420326545818,-0.018348354112941445,-0.007017774019246692,-0.03146142239371935,0.01019970350005478,-0.007233120871714738,0.008697860812147462,-0.0007582023283824735,0.004599343811230172,-0.002481853092710179,0.00434271184203272,0.005562166388955403,0.021467913625140986,-0.008906852941269139,-0.009651551079731258,-0.02524541467428207,-0.004564141099236418,-0.004089384690775855,-0.0037775010491410826
3220,2020,3,3251,0.247240535696652,0.28330426071219994,0.23796447341560942,0.23603062251288345,0.20698156619689015,0.2833968877507347,0.1083366834851152,0.1410532020908879,0.11008468553466418,0.10064792510504889,0.0967508361731038,0.12544946066952364,0.003095567444209041,0.01307459633536019,-0.005959987841676889,0.020465885010107144,0.0053330390874234655,-0.009241784208274104,0.04533978729659052,0.03096851655622372,0.01903458417703708,-0.03606372501554794,-0.032716518605772696,-0.009979028891151149,-0.07641532155384453,-0.02869862449641984,0.01457482329569757,0.029049056315993305,0.0038970889319450835,0.015132845922683678,0.0019338509027259643,0.00943676042961529,-0.026425872851784032,0.00927606228104258,-0.0017480020495489745,0.00905555528588593,-0.045432414335125265,-0.015364775134859468,0.0032817963665972153,-0.036156352054082685,-0.017112777184408443,0.012337351652483146
3225,2020,0,3266,0.01579944453138457,0.058032153173936986,-0.022757592972552167,-0.008647462853015356,-0.06014235967839814,0.025170319519760277,0.02749989506353958,0.04581699559229006,0.011622180144050434,0.019748300443845512,-0.0022481596155379223,0.02790298324963578,-0.05358699450007229,-0.04428960393852143,-0.05827806581170508,-0.0379487856916949,-0.06868018000434983,-0.03739021124056129,0.08078974614648915,0.03419481544823963,0.013988461873183651,-0.042232708642552415,-0.018317100528750484,-0.009297390561550857,-0.08531267919815842,-0.030151142865173702,-0.03128996876378854,0.05149489682538279,0.021996460059383435,0.030731394312654932,-0.014110130119536811,-0.008126120299795078,-0.02032928012001018,0.03855703750393674,0.015877714919489146,0.004691071311632794,-0.047927912492312444,-0.016280803105585346,-0.02088785457114379,-0.009370874988375705,-0.0004030881860962003,-0.016196783259510995
3230,2020,1,3264,0.13569078243781765,0.16478731191660845,0.09510880815018176,0.09930267053221022,0.06089745154146049,0.13430717220764024,0.07874496727152046,0.10189828205320903,0.06155199362442238,0.0603576221195897,0.04023201975755324,0.07951608299894349,-0.05644662178389549,-0.0048161656397501165,-0.032683170307003656,-0.04909234813682556,-0.05177318525147756,-0.057416392315220784,0.06967850376642669,0.040346288428786646,0.027867004667253538,-0.029096529478790795,-0.02315331478168857,-0.051630456144145374,-0.07340972066617975,-0.03928406324139024,0.005643207063743223,0.03840521899074972,0.020125602362036456,0.0026808371146520016,-0.004193862382028457,0.0011943715048326822,0.016409177829821903,0.040581974287635894,0.017192973647098077,-0.023763451476891836,-0.03919836405745848,-0.017964089374521104,0.024733222008217128,0.0013836102301774122,-0.0007711157274230274,0.0009697705313252911
3235,2020,2,3286,0.211387426373339,0.250638109967334,0.17739851149669397,0.18271596978830462,0.15294413334361273,0.1876286776102701,0.10644098342988688,0.1312453287531886,0.0818375661591323,0.08822594946768066,0.07901186143543583,0.09219052608768391,0.018182661159567865,0.013487180920300714,0.03936339917156381,0.03182679032160126,-0.015416148405539164,0.016265352218084367,0.07323959847064002,0.049407762594056284,-0.0258762182512631,-0.039250683593995,-0.02480434532330171,0.004695480239267151,-0.034684544266657374,-0.013178664652248082,-0.03168150062362353,0.02977183644469189,0.009214088032244827,0.04724293872714042,-0.005317458291610649,-0.006388383308548351,0.007536608849962552,0.033988914876645016,0.024603417270754574,-0.021180738011995947,-0.010230166113576133,-0.010352959928551606,0.023098046953479445,0.023758748763068882,0.014250457342202968,0.0019173089414834983
3240,2020,3,3259,0.23292261515446974,0.22595821933571622,0.22238141064672473,0.21942094706076856,0.21625775565471303,0.22220424320903795,0.09238583467898515,0.08349997257142744,0.09008194448918892,0.08775215665780706,0.09576680605828117,0.09014797356893094,0.04778477017955532,0.027346184089484818,0.06539451606352026,0.051406688452054004,0.04891808351126953,0.029887598015034142,0.0035768086889914896,-0.006581971917761484,-0.03804833197403544,0.0069643958187535215,0.008885862107557707,0.0204385860900705,-0.00594648755432492,0.005618832489350231,0.019030485496235386,0.003163191406055532,-0.008014649400474111,0.0024886049407844765,0.002960463585956169,0.002329787831381866,0.013987827611466254,0.010541204507745011,0.0023038901897962233,-0.01760974588396494,0.00017716743768678156,-6.602907974201377e-05,0.035506918048486116,0.010718371945431793,0.0022378611100542095,0.017897172164521177
3245,2020,0,3278,0.25064596357959196,0.24680416540270034,0.2405958265465034,0.24083037438481888,0.2332183216617504,0.24359473801675488,0.1117180020224701,0.10959066642734538,0.10278523954671782,0.10599122645702948,0.10297598130484781,0.10874486440740702,0.025265270497924805,0.00583067325949219,0.0016285543748753473,0.004895237254253746,0.007550031423222741,0.02126753402715099,0.006208338856196927,0.00680542688062756,0.004202118884616843,0.00384179817689162,0.0021273355951247214,0.019434597238432615,-0.01037641635500447,-0.0057688831025592135,-0.01371750260392825,0.007612052723068474,0.0030152451521816698,-0.0026547941689689953,-0.0002345478383154742,-0.0032059869103116534,-0.0032666828793783986,0.010050137033088546,0.008932762475752282,0.023636716123049458,-0.0029989114702514696,-0.005959624860689197,-0.019638979652275644,0.007051225562837077,0.0029731376150630845,0.003997736470773814
3250,2020,1,3277,0.22130134278713878,0.20517696679625547,0.20855944356790257,0.21046118878816844,0.2182286783209582,0.21429051487526937,0.08868804883645917,0.0849926550333491,0.08652957730912066,0.08558349094561615,0.09370849936868478,0.09203963890828464,0.03457533888937732,-0.020418543389224008,0.002688353674329326,-0.008511670637411867,-0.018532739414059116,-0.003391215722543989,-0.0033824767716471027,-0.0015369222757715545,-0.023106897063553334,0.016124375990883316,0.0036953938031100697,0.05499388227860133,0.0039381634456888415,0.0016688604604001428,-0.015141523691515127,-0.007767489532789773,-0.008125008423068625,0.01002106877664725,-0.0019017452202658713,0.000946086363504503,0.011200024311741193,0.012741899219236213,0.002158471527338515,0.03188698521504799,-0.005731071307366803,-0.005510061599163979,0.006079569396873315,0.007010827911869411,-0.0033515900718254638,0.037966554611921305
3255,2020,2,3292,0.22245432813970414,0.22436551238962335,0.20502596246259197,0.204042300267897,0.2160311812728775,0.21496636568333174,0.09632703052949737,0.08933687899967635,0.08768367315454997,0.08808258794009965,0.09249648187261027,0.08859875256018387,0.023888351058596925,0.07642275697676792,7.835072221718149e-05,0.024059795126949307,0.011305496877068834,0.03581490142337841,0.01933954992703138,0.0016532058451263765,0.07634440625455075,-0.0019111842499192067,0.00699015152982102,-0.052534405918171004,0.0010648155895457423,0.003897729312426393,-0.02450940454630958,-0.011988881004980495,-0.0044138939325106125,0.012754298249880473,0.0009836621946949786,-0.00039891478554968107,-0.023981444404732127,0.017428365677112173,0.008643357374947397,0.02381000033637974,-0.009940403220739774,-0.0009150794056339007,-0.03573655070116123,0.007487962456372399,0.007728277969313496,-0.011926550364781487
3260,2020,3,3266,0.24900394350483135,0.251944360483941,0.2549154276542574,0.24576289369516183,0.2520270739324012,0.26249340663852605,0.10326515574304979,0.0944121325919026,0.10088952395990362,0.10663721020486308,0.10797327145120983,0.10055723816024795,0.04589048672029837,0.06711832673627352,0.05608399851741358,0.06470204839006466,0.0811847113758645,0.06195127331369334,-0.0029710671703164215,-0.0064773913680010176,0.01103432821885994,-0.002940416979109628,0.00885302315114718,-0.02122784001597515,-0.010466332706124848,0.007416033290961882,0.019233438062171156,-0.006264180237239375,-0.001336061246346748,-0.01648266298579984,0.009152533959095571,-0.005747686244959457,-0.008618049872651079,-0.0059114841494260495,0.002375631783146162,-0.01019351179711521,-0.007577978984268652,0.0003322857996556766,-0.005867274796279763,-0.013489463133694701,0.0027079175828018387,-0.016060786593394973
3265,2020,0,3285,0.1543929030725974,0.13937515317008992,0.1373915353397336,0.1304301259925858,0.12677610205000778,0.1512401007120425,0.059895454207768,0.04808979982290777,0.05276205523233973,0.04746546844946751,0.04814696526728966,0.04943511324184262,0.09512963237395312,0.08893028309723164,0.10102846027816759,0.10484614649941947,0.10190085338583019,0.08174845816721941,0.0019836178303563046,-0.004672255409431961,-0.012098177180935948,0.015017749902507482,0.011805654384860226,0.006199349276721486,-0.02446399866203472,-0.0012881479745529556,0.020152395218610772,0.003654023942578022,-0.0006814968178221539,0.0029452931135892785,0.006961409347147812,0.005296586782872224,-0.0038176862212518786,0.017001367732863787,0.007133398975428265,-0.005898827904214463,-0.013848565372308885,0.003326941990497115,0.01928000211094817,0.0031528023605549016,0.01046034096592538,0.01338117420673371
3270,2020,1,3279,0.1358966403544547,0.11606130833491818,0.10700028251341077,0.10460907059038867,0.10187278422899416,0.11486101998903289,0.07216882241317726,0.05554987502806615,0.06914504417917827,0.0490568399874156,0.06588666974266048,0.06371462381267222,0.012883444256417237,0.03592126742187369,0.03370881788614619,0.03292175879263111,-0.002243026095795351,-0.0836666998745677,0.009061025821507404,-0.01359516915111212,0.0022124495357274954,0.019835332019536522,0.01661894738511111,-0.023037823165456453,-0.012988235760038727,0.0021720459299882644,0.08142367377877234,0.002736286361394502,-0.016829829755244885,0.03516478488842646,0.0023912119230221074,0.020088204191762674,0.0007870590935150842,0.028896357841043926,0.0030237782339989916,-0.020825373629728958,-0.007860737475622118,0.005430420366506053,0.1173755177607139,0.02103562036542181,0.008454198600505045,0.09655014413098494
3275,2020,2,3296,0.16289099034418666,0.1998801617986429,0.1029741550004495,0.09858639958433618,0.1015974342966109,0.0791235435723583,0.08552119078922812,0.09725934814971224,0.0635398876030529,0.061979598463485094,0.06420705497407861,0.038059592372624594,0.08818358603404261,0.08094417538033225,0.06651738315554072,0.054723604939695296,0.049956920974317164,-0.011962469373779523,0.0969060067981934,0.033719460546659336,0.014426792224791526,-0.03698917145445624,-0.011738157360484114,0.007239410653710365,0.0224738907242526,0.026147462601454015,0.06191939034809669,-0.003011034712274721,-0.0022274565105935146,0.004766683965378132,0.0043877554161133175,0.0015602891395678081,0.011793778215845423,0.059916835343737165,0.02198130318617522,0.021666202878501892,0.023850611428091195,0.02548029523042831,0.07847985252932024,0.08376744677182836,0.04746159841660353,0.10014605540782213
3280,2020,3,3271,0.23780817506207874,0.29239777490586655,0.1933971826097577,0.1951130618471007,0.2053614001977348,0.18341962110318524,0.14209283363020309,0.16074406236839978,0.10419994936219766,0.10471914694519685,0.11314953377907198,0.1090878394585072,0.0914723169860126,0.12329828300341096,0.07153806259993838,0.08377618287207311,0.09890895504953093,0.049964277140315635,0.09900059229610886,0.056544113006202115,0.051760220403472584,-0.054589599843787806,-0.01865122873819669,-0.03182596601739836,0.021941779094549557,0.004061694320564788,0.04894467790921529,-0.0102483383506341,-0.008430386833875134,-0.015132772177457815,-0.0017158792373430098,-0.0005191975829991896,-0.012238120272134737,0.04441099245232105,0.037892884268005425,0.019934254386074227,0.009977561506572447,-0.004887890096309536,0.02157378545962274,0.0543885539588935,0.03300499417169589,0.04150803984569697
3285,2020,0,3291,0.23124249534305966,0.21432703768416136,0.21224058490232675,0.21259059564838523,0.21788466309583654,0.20199572039001273,0.11709988416200164,0.10769928759901634,0.10511982854647493,0.10518623538273542,0.11942667310925109,0.11340022618980727,0.02972057130429371,-0.005412259999729954,0.04559492690109435,0.048892443790964524,0.055253486964784305,0.007034493743064241,0.0020864527818346135,0.002579459052541408,-0.05100718690082431,0.016915457658898292,0.009400596562985294,0.035132831304023664,0.015888942705823805,0.0060264469194438175,0.04821899322172006,-0.005294067447451312,-0.014240437726515676,-0.006361043173819782,-0.0003500107460584767,-6.64068362604825e-05,-0.003297516889870171,0.019001910440732905,0.011980055615526702,-0.015874355596800643,0.010244864512314017,-0.00828039764333234,0.03856043315803011,0.029246774953046922,0.0036996579721943618,0.022686077561229468
3290,2020,1,3284,0.24438164674664453,0.1972184690747427,0.21652912866113022,0.22220736804994387,0.2154687362053043,0.18084890941261828,0.1086697646725242,0.0875127637922915,0.08629856835600883,0.09157556820120102,0.10606091908785613,0.07031235751212701,0.01699622641484035,0.03437548928168074,0.014649849332360854,0.029140129952881788,0.032908594999963105,0.028381365556770618,-0.01931065958638753,0.001214195436282678,0.01972563994931989,0.04716317767190184,0.0211570008802327,-0.017379262866840394,0.03461982679268602,0.035748561575729115,0.004527229443192487,0.006738631844639575,-0.014485350886655105,-0.0037684650470813166,-0.0056782393888136495,-0.0052769998451921984,-0.014490280620520934,0.02785251808551431,0.02237119631651538,0.0023463770824794956,0.035680219248511946,0.015986210843881812,-0.013731516224409764,0.06353273733402626,0.03835740716039719,-0.011385139141930269
3295,2020,2,3304,0.12768447806775649,0.11408726078818628,0.09506979155923842,0.10093292042205285,0.10368622622498198,0.0548243956682847,0.08276629438544413,0.06771472255954215,0.05627082425167883,0.06240372158539354,0.0647354447775411,0.034701318391043144,0.051919478798370236,0.019061859106730104,0.04157299675614702,0.05058422836731938,0.035402707910250304,-0.03808831532228919,0.019017469228947856,0.011443898307863326,-0.022511137649416917,0.013597217279570209,0.015051571825901972,0.03285761969164013,0.04886183055669728,0.03003412638649796,0.0734910232325395,-0.0027533058029291374,-0.0023317231921475626,0.015181520457069074,-0.005863128862814426,-0.006132897333714714,-0.009011231611172357,0.032614686508518065,0.026495470133765298,0.010346482042223215,0.04024539589095372,0.021569505860635683,0.07966131207843621,0.07286008239947178,0.04806497599440098,0.09000779412065943
3300,2020,3,3284,0.3188070256481297,0.29182587391809434,0.2666054874847637,0.2708538504010191,0.26638497464416544,0.228733675333051,0.15177189163662982,0.14354685551710722,0.12616090586131423,0.12588510681756618,0.11879153641118093,0.0981084382231324,0.020975663232913548,0.030178565065672926,0.009179014370452298,0.045474889656514854,0.03754334285170926,0.009495418300838205,0.025220386433330633,0.017385949655792987,0.02099955069522063,0.026981151730035347,0.008225036119522605,-0.009202901832759378,0.03765129931111444,0.020683098188048532,0.028047924550871052,0.004468875756853674,0.007093570406385252,0.007931546804805595,-0.00424836291625541,0.000275799043748054,-0.036295875286062554,0.05220153816336598,0.025610985775315592,0.01179664886246125,0.0378718121517127,0.02805246763818184,-0.00031640393038590703,0.09007335031507868,0.05366345341349743,0.011480244932075343
3305,2020,0,3300,0.4439266290917394,0.4357652255017141,0.43614961885169307,0.43670753584896255,0.43874216595797744,0.42350494908127845,0.22424683233349985,0.21686005253776042,0.21277623995948958,0.21369370855095576,0.21490847458476448,0.20275028215030694,0.07203436642746779,0.032384226345625045,0.03730000530541591,0.051249136758825704,0.06595752347743167,0.02210465798326485,-0.0003843933499789731,0.00408381257827084,-0.004915778959790867,0.008161403590025318,0.007386779795739429,0.03965014008184274,0.015237216876698989,0.012158192434457538,0.043852865494166816,-0.00203463010901489,-0.0012147660338087118,-0.014708386718605963,-0.0005579169972694809,-0.0009174685914661862,-0.013949131453409792,0.007777010240046345,0.011470592374010269,0.034734361122051874,0.012644669770414618,0.01002595780918264,0.01519534732215106,0.020421680010460963,0.02149655018319291,0.049929708444202935
3310,2020,1,3290,0.3672496027956457,0.3538830732233161,0.3339066867406288,0.3402728657556846,0.33299866396714656,0.2951556380208389,0.2320862156146365,0.21267251664294318,0.2140235919954963,0.21608371511694857,0.2054820127371781,0.18732629418707936,0.10291543954935456,0.06184739644503985,0.062074897046653275,0.09056180119689697,0.10339011405236309,0.07051787475920115,0.01997638648268729,-0.0013510753525531327,-0.00022750060161342428,0.013366529572329644,0.019413698971693316,0.04106804310431471,0.03784302594630767,0.01815571855009873,0.03287223929316194,0.007274201788538048,0.010601702379770483,-0.012828312855466123,-0.006366179015055817,-0.002060123121452262,-0.028486904150243693,0.033342916055016936,0.018062623619140183,0.040840542502701284,0.038751048719789905,0.026697297808416953,-0.00844297771254788,0.07209396477480684,0.04475992142755714,0.032397564790153405
3315,2020,2,3309,0.25362214200898414,0.22464475008055923,0.23938887661299268,0.24178685571264438,0.23897869433344754,0.22838704614293046,0.12425810151396559,0.10010067289668687,0.10304109170851226,0.10756147721558315,0.10307698362607468,0.10954545298705907,0.11841816664878639,0.05956686100506894,0.06981350247332566,0.053560308322500305,0.08606002486205709,0.062196633171324796,-0.014744126532433455,-0.0029404188118253988,-0.010246641468256719,0.02897739192842491,0.024157428617278723,0.058851305643717454,0.010591648190517083,-0.0064684693609844,0.023863391690732295,0.002808161379196844,0.004484493589508476,-0.032499716539556786,-0.002397979099651698,-0.004520385507070887,0.01625319415082535,0.014233265395991457,0.021217009805453324,0.048604664175460735,0.01100183047006223,-0.006504361278546811,0.00761686930200086,0.025235095866053686,0.014712648526906513,0.056221533477461595
3320,2020,3,3295,0.18323151723490108,0.1633391030548742,0.16466918191113625,0.16974300629449393,0.1528306125904723,0.15191571607627458,0.0867162063300923,0.080875036476658,0.07180811241381457,0.07786447630669195,0.07243109129751943,0.07118226475121084,0.08254981168844946,0.09409126363683391,0.08002339359982459,0.027117321653625077,0.03372821150336314,0.06338560684262363,-0.0013300788562620458,0.009066924062843429,0.014067870037009322,0.01989241418002688,0.005841169853434303,-0.011541451948384449,0.0009148965141977106,0.0012488265463085901,-0.029657395339260498,0.016912393704021644,0.005433385009172523,-0.006610889849738059,-0.0050738243833576835,-0.006056363892877378,0.052906071946199514,0.018562335323764834,0.014908093916277732,0.002526418088624874,0.012753465834861671,0.0006258476626037346,0.016637786757200956,0.031315801158626505,0.015533941578881466,0.01916420484582583
3325,2020,0,3308,0.021852598264831005,-0.003481925865260674,0.013641920977129351,0.018284069996600212,0.00030925542707848275,0.03483954451522532,-0.018017346044353236,-0.02199950707533086,-0.025239674446779783,-0.016276237065198297,-0.021285833117453325,0.00034676033220338556,-0.017352652821120314,-0.049839342222289924,-0.01650176615583568,-0.00607100389095812,-0.014000336988569983,-0.028528728622994513,-0.017123846842390024,0.0032401673714489224,-0.033337576066454246,0.025334524130091678,0.003982161030977625,0.03248668940116961,-0.034530289088146836,-0.02163259344965671,0.01452839163442453,0.01797481456952173,0.005009596052255028,0.007929333097611863,-0.004642149019470861,-0.008963437381581486,-0.010430762264877559,0.008210677287701654,0.007222328402426547,-0.000850886665284635,-0.02119762353809597,-0.025586434778983168,0.012026962467158835,-0.012986946250394316,-0.01836410637655662,0.0111760758018742
3330,2020,1,3299,0.08815400239823519,-0.009515688196840268,0.09716177172273456,0.09508845665896042,0.09571535779377241,0.12804780857585876,0.008598871031241056,-0.017090644365679728,0.009323882829772284,0.01207131024042787,0.017293001336946456,0.04254578307888819,0.030380699764347645,-0.015081636293138988,0.02553308767983722,0.0036163642344689104,0.0035411202777490746,0.018497255743512585,-0.10667745991957484,-0.026414527195452012,-0.040614723972976205,0.09766969059507546,0.025689515396920784,0.04546233605748663,-0.03233245078208635,-0.025252781741941736,-0.01495613546576351,-0.000626901134811994,-0.005221691096518585,7.524395671983574e-05,0.002073315063774145,-0.002747427410655586,0.02191672344536831,-0.00900776932449937,-0.0007250117985312284,0.004847612084510424,-0.030886036853124202,-0.03322190024911591,0.007035831936324635,-0.03989380617762357,-0.03394691204764713,0.01188344402083506
3335,2020,2,3320,0.1389427401603917,0.07917633926867662,0.12914199946547808,0.13041719350641026,0.12799772137368082,0.12145228858172881,0.05395232204261764,0.0397058420822288,0.04767683141458785,0.04750706785388645,0.054433131016736865,0.04778951175269988,0.06731595746940908,0.04304685447443561,0.05698491888199286,0.06154995938531098,0.06306935719836167,0.03646911370568883,-0.04996566019680146,-0.007970989332359055,-0.013938064407557252,0.05976640089171509,0.014246479960388844,0.024269102994973465,0.006545432791952008,0.006643619264036983,0.026600243492672836,0.0024194721327294444,-0.006926063162850417,-0.001519397813050688,-0.0012751940409321816,0.0001697635607014053,-0.004565040503318116,0.009800740694913629,0.0062754906280297895,0.010331038587416214,0.007689710883749271,-0.00011268033811202838,0.020515805176304032,0.0174904515786629,0.006162810289917761,0.030846843763720246
3340,2020,3,3311,0.14919891753395828,0.11454408566027616,0.1400014921992323,0.14379749107916875,0.1469899418979285,0.13178869930073875,0.08244892291263554,0.05924949618859327,0.07221522596294802,0.0717470997712108,0.07715372925550991,0.07024295934916895,0.06806392715888923,0.06296700207976519,0.04133579966761688,0.04599473280671258,0.056551693533490294,0.044306441301733446,-0.025457406538956145,-0.01296572977435475,0.02163120241214831,0.034654831873682124,0.023199426724042273,0.005096925079124043,0.015201242597189746,0.006910769906340958,0.012245252231756848,-0.00319245081875974,-0.005406629484299111,-0.010556960726777712,-0.003795998879936452,0.0004681261917372226,-0.004658933139095704,0.009197425334725978,0.010233696949687524,0.026728127491272353,0.008212792898493554,0.0019722666137790695,-0.002970641634116568,0.017410218233219532,0.012205963563466593,0.023757485857155786
3345,2020,0,3319,0.3001765266904013,0.27935799396071925,0.2966202443870205,0.2888533334135055,0.30608662044726503,0.29503625264836303,0.17802376631134997,0.16191450626005258,0.1733126906810015,0.17706753815861656,0.18153767982048769,0.17548511418232324,0.09638425148983204,0.05870810759523911,0.10000204779167376,0.09897575077250007,0.11740974094678366,0.08770594162205261,-0.01726225042630125,-0.01139818442094892,-0.041293940196434654,0.020818532729682038,0.016109260051297397,0.03767614389459293,0.011050367798902005,0.006052565638164448,0.02970379932473105,-0.017233287033759537,-0.004470141661871124,-0.0184339901742836,0.007766910973515007,-0.003754847477615064,0.0010262970191736998,0.0035562823033807867,0.004711075630348477,-0.0036177963018417247,0.0015839917386574753,-0.0021724235013217408,0.012296106169621152,0.005140274042038262,0.002538652129026736,0.008678309867779427
3350,2020,1,3340,0.1803170272534139,0.16024256368784257,0.17782908956770502,0.17891446942603734,0.17118152453551713,0.16100971155789204,0.06817232712489499,0.07013408028023788,0.0702314570463457,0.06940061526034413,0.07583103669092092,0.06816102625500839,0.015064886267148081,0.041655318423956755,0.019747377707474055,0.0266295342788474,0.005065760622273012,0.008147162758285923,-0.017586525879862452,-9.73767661078262e-05,0.0219079407164827,0.020074463565571327,-0.001961753155342888,-0.026590432156808674,0.010171812977625094,0.007670010435912533,-0.0030814021360129114,0.007732944890520205,-0.006430421430576788,0.021563773656574386,-0.0010853798583323193,0.0008308417860015682,-0.006882156571373345,0.002487937685708874,-0.002059129921450714,-0.004682491440325974,0.01681937800981298,0.0020704307913373132,0.011600214949188132,0.019307315695521854,1.1300869886599063e-05,0.006917723508862158
3355,2020,2,3357,0.21006694593043587,0.19343367861684924,0.20182292008550354,0.20307078112018168,0.19222091732709023,0.20059468048676055,0.0734994944726263,0.06703733279805894,0.06757093280746684,0.0790556550348254,0.07485753927934122,0.06248488320383493,0.03755509123692837,0.03984728607525355,0.03676033899985181,0.027009093620403872,0.024790437999391818,0.01913217197348601,-0.008389241468654302,-0.0005336000094079002,0.00308694707540174,0.016633267313586636,0.006462161674567354,-0.0022921948383251775,-0.008373763159670311,0.012372656075506284,0.005658266025905807,0.010849863793091441,0.0041981157554841775,0.002218655621012054,-0.0012478610346781382,-0.011484722227358551,0.009751245379447937,0.008244025844932334,0.005928561665159454,0.0007947522370765625,0.0012282395987429917,0.0050860496036319106,0.0176281670263658,0.009472265443675326,0.011014611268791365,0.01842291926344236
3360,2020,3,3351,0.27289666875511187,0.27896735744461654,0.27025188716194903,0.27373097122321716,0.2517661110608131,0.25902794737635837,0.10019617499985625,0.11235990633201133,0.10415703061989373,0.0975771606099877,0.09912835965580272,0.10121480363984539,0.04437296945958556,0.04339823101790624,0.008679048870572222,0.053147733022612546,0.021593840076120904,0.027546039540202693,0.008715470282667503,0.0082028757121176,0.03471918214733402,-0.006070688689504666,-0.012163731332155078,0.0009747384416793209,-0.007261836315545278,-0.002086443984042674,-0.005952199464081789,0.021964860162404065,-0.0015511990458150215,0.03155389294649164,-0.003479084061268123,0.006579870009906036,-0.044468684152040326,0.002644781593162837,-0.003960855620037479,0.03569392058901334,0.011223939785590664,0.0029422269800483403,-0.01886699066963047,0.013868721378753501,-0.0010186286399891387,0.01682692991938287
3365,2020,0,3360,0.23354460709808006,0.23393893821764936,0.23942079149139928,0.24858842628598596,0.21496539520821192,0.25424092153950095,0.07123461506226444,0.06663651280816685,0.06203746326482793,0.07548583713317687,0.06234488683111565,0.0780994358376033,-0.027719608781094827,-0.0359936096486752,-0.058954184775407585,-0.00833841564740288,-0.07103226895119297,-0.04387859290140914,-0.00548185327374992,0.004599049543338916,0.022960575126732385,-0.0003943311195692967,0.004598102254097597,0.008274000867580372,-0.03927552633128903,-0.01575454900648765,-0.027153676049783824,0.033623031077774035,0.013140950302061222,0.06269385330379008,-0.009167634794586682,-0.013448373868348941,-0.05061576912800471,-0.005876184393319217,0.009197151797436513,0.031234575994312758,-0.014820130048101676,-0.01606197257277537,-0.015075591873998442,-0.020696314441420893,-0.006864820775338856,0.016158984120314315
3370,2020,1,3353,0.08268528677926877,0.08823329252638328,0.06350420964600124,0.07289291087129084,0.04407806802503507,0.058894118537220624,0.027386765163187665,0.03373133898567175,0.016586806175039225,0.01567307155843869,0.006046107215324674,0.013251230609885577,0.022855858217334175,0.031091090771671496,0.010870124351845544,0.013533231406192408,-0.0009517667429840325,0.01671654422894659,0.02472908288038203,0.017144532810632527,0.02022096641982595,-0.005548005747114504,-0.006344573822484087,-0.008235232554337321,-0.014816050512185555,-0.007205123394560903,-0.017668310971930622,0.028814842846255767,0.009626964343114018,0.014484998149176441,-0.009388701225289592,0.0009137346166005339,-0.0026631070543468634,0.019181077133267527,0.01079995898814844,0.01198573386548863,0.00461009110878062,0.003335575565153648,-0.005846419877101047,0.023791168242048147,0.014135534553302088,0.006139313988387584
3375,2020,2,3374,0.05826397380127576,0.11194323688050051,0.043017485799042326,0.0372059202465566,0.026141754454018153,0.025727675658297165,0.045364274439030225,0.06132621149161488,0.0386774885666471,0.031805103466478496,0.02828827514385705,0.02575497323690668,-0.0052096954249902325,0.011979844264580432,-0.03572435112183926,-0.017359944620585818,-0.021943946323773642,-0.015541105284150815,0.06892575108145818,0.02264872292496778,0.04770419538641969,-0.05367926307922475,-0.015961937052584654,-0.017189539689570665,0.0004140787957209874,0.0025333019069503707,-0.006402841039622827,0.011064165792538445,0.0035168283226214465,0.004584001703187825,0.0058115655524857285,0.006872385100168604,-0.018364406501253445,0.015246488002233431,0.006686785872383125,0.03051465569684903,0.01728981014074516,0.012922515329740421,-0.02018324583768845,0.03253629814297859,0.019609301202123546,0.010331409859160583
3380,2020,3,3360,0.06566526229817303,0.1183159814014631,0.05043233061561481,0.03225079637916419,0.04032211010351027,0.04919355853372954,0.07098531734616624,0.09627188895259343,0.05652901273407451,0.06227393119497124,0.043061994939700116,0.05789139509644635,-0.007226059281711222,0.055738636161998464,0.06699930546791907,0.07366156695397254,0.016571279236292404,0.0033277697797770888,0.06788365078584829,0.03974287621851892,-0.01126066930592061,-0.05265071910329007,-0.025286571606427194,-0.06296469544370968,-0.008871448430219267,-0.014829400156746234,0.013243509456515316,-0.00807131372434608,0.019211936255271123,0.057090287717680134,0.018181534236450615,-0.005744918460896725,-0.006662261486053464,0.015232931682558223,0.014456304612091728,-0.07422536474963029,0.0012387720818852685,-0.0013623823623718362,0.06367153568814199,0.016471703764443492,0.013093922249719891,-0.010553829061488312
3385,2020,0,3371,-0.06789851526357495,-0.04970094957300257,-0.069691305357083,-0.0885294346677485,-0.08614729775591425,-0.08591529981063148,-0.01991813819804844,-0.02099303332008373,-0.012498997937611896,-0.022755256880467513,-0.026736212729413178,-0.038813433635595404,-0.04992061393570424,-0.021153079590315822,0.00308525383392701,-0.01700836177529415,0.0003733684657859747,-0.023127084904526873,0.019990355784080427,-0.008494035382471836,-0.024238333424242833,-0.018197565690572376,0.001074895122035291,-0.028767534345388417,-0.0002319979452827664,0.012077220906182226,0.023500453370312847,-0.002382136911834254,0.003980955848945665,-0.017381730241080126,0.018838129310665502,0.010256258942855617,0.020093615609221162,0.001792790093508051,-0.007419140260436545,-0.053005867769631246,0.016223994453548482,0.02631443569798351,0.026212338738453883,0.018016784547056533,0.018895295437546963,-0.026793529031177366
